Workbook
Name \a: #REF!
Name \a: #REF!
Name \a: #REF!
Name \a: #REF!
Name \a: #REF!
Name \a: #REF!
Name \a: #REF!
Name \a: #REF!
Name \a: #REF!
Name \z: #REF!
Name \z: #REF!
Name \z: #REF!
Name \z: #REF!
Name \z: #REF!
Name \z: #REF!
Name \z: #REF!
Name \z: #REF!
Name \z: #REF!
Name _4_93: '[1]NCR-03'!#REF!
Name _4_93: '[1]NCR-03'!#REF!
Name _4_93: '[1]NCR-03'!#REF!
Name _4_93: '[1]NCR-03'!#REF!
Name _4_93: '[1]NCR-03'!#REF!
Name _4_93: '[1]NCR-03'!#REF!
Name _4_93: '[1]NCR-03'!#REF!
Name _4_93: '[1]NCR-03'!#REF!
Name _4_93: '[1]NCR-03'!#REF!
Name _84AOMM: #N/A
Name _93: #REF!
Name _93: #REF!
Name _93: #REF!
Name _93: #REF!
Name _93: #REF!
Name _93: #REF!
Name _93: #REF!
Name _93: #REF!
Name _93: #REF!
Name _R1: #REF!
Name _R1: #REF!
Name _R10: #REF!
Name _R10: #REF!
Name _R11: #REF!
Name _R11: #REF!
Name _R12: #REF!
Name _R2: #REF!
Name _R3: #REF!
Name _R4: #REF!
Name _R5: #REF!
Name _R6: #REF!
Name _R7: #REF!
Name _R8: #REF!
Name _r82001: #REF!
Name _R9: #REF!
Name _REG1: #N/A
Name _REG4: '[1]NCR-03'!#REF!
Name _REG4: '[1]NCR-03'!#REF!
Name A: #N/A
Name AOMM: #REF!
Name AOMM_93: #REF!
Name ARMM: #REF!

Sheet Table_All_SR (From Editing)
F4: Rice, Special | M4: Rice, Well Milled | T4: Rice, Regular Milled | AB4: Fresh Beef, Meat with Bones | AI4: Fresh Beef, Pure Meat | AP4: Fresh Pork, Kasim | AW4: Fresh Pork, Liempo | BD4: Fresh Pork, Meat with Bones | BK4: Dressed Chicken | BR4: Chicken egg, med. (piece) | BZ4: Bangus | CG4: Galunggong | CN4: Tilapia | CV4: Ampalaya | DC4: Cabbage | DJ4: Carrot | DQ4: Eggplant | DX4: Baguio Beans | EE4: Pechay, Native | EL4: String Beans | ES4: Tomato | EZ4: White Potato | FH4: Onion, Red | FO4: Garlic, Native | FV4: Garlic, Imported | GC4: Ginger, Hawaiian | GK4: Banana, Lakatan | GR4: Banana, Latundan | GY4: Calamansi | HF4: Mango, Carabao | HM4: Papaya | HU4: Cooking oil | IB4: Brown Sugar | II4: Refined Sugar
B5: Region / Province | C5: RICE, SPECIAL | J5: RICE, WELL MILLED | Q5: RICE, REGULAR MILLED | Z5: BEEF,WITH BONES | AG5: BEEF, PURE MEAT | AN5: PORK, KASIM | AU5: PORK, LIEMPO | BB5: PORK, WITH BONES | BI5: DRESSED CHICKEN | BP5: CHICKEN EGG, MED. (per piece) | BX5: BANGUS | CE5: GALUNGGONG | CL5: TILAPIA | CT5: AMPALAYA | DA5: CABBAGE | DH5: CARROT | DO5: EGGPLANT | DV5: BAGUIO BEANS | EC5: PECHAY, NATIVE | EJ5: STRING BEANS | EQ5: TOMATO | EX5: WHITE POTATO | FF5: ONION, RED | FM5: GARLIC, NATIVE | FT5: GARLIC, IMPORTED | GA5: GINGER, HAWAIIAN | GI5: BANANA, LAKATAN | GP5: BANANA, LATUNDAN | GW5: CALAMANSI | HD5: MANGO, CARABAO | HK5: PAPAYA | HS5: COOKING OIL (in PhP) | HZ5: BROWN SUGAR (in PhP per Kilogram) | IG5: REFINED SUGAR (in PhP per Kilogram)
C6: Concatenate | D6: 2nd Phase Previous Month | F6: 1st Phase Current Month | H6: 2nd Phase Current Month | J6: Concatenate | K6: 2nd Phase Previous Month | M6: 1st Phase Current Month | O6: 2nd Phase Current Month | Q6: Concatenate | R6: 2nd Phase Previous Month | T6: 1st Phase Current Month | V6: 2nd Phase Current Month | Y6: Concatenate | Z6: 2nd Phase Previous Month | AB6: 1st Phase Current Month | AD6: 2nd Phase Current Month | AF6: Concatenate | AG6: 2nd Phase Previous Month | AI6: 1st Phase Current Month | AK6: 2nd Phase Current Month | AM6: Concatenate | AN6: 2nd Phase Previous Month | AP6: 1st Phase Current Month | AR6: 2nd Phase Current Month | AT6: Concatenate | AU6: 2nd Phase Previous Month | AW6: 1st Phase Current Month | AY6: 2nd Phase Current Month | BA6: Concatenate | BB6: 2nd Phase Previous Month | BD6: 1st Phase Current Month | BF6: 2nd Phase Current Month | BH6: Concatenate | BI6: 2nd Phase Previous Month | BK6: 1st Phase Current Month | BM6: 2nd Phase Current Month | BO6: Concatenate | BP6: 2nd Phase Previous Month | BR6: 1st Phase Current Month | BT6: 2nd Phase Current Month | BW6: Concatenate | BX6: 2nd Phase Previous Month | BZ6: 1st Phase Current Month | CB6: 2nd Phase Current Month | CD6: Concatenate | CE6: 2nd Phase Previous Month | CG6: 1st Phase Current Month | CI6: 2nd Phase Current Month | CK6: Concatenate | CL6: 2nd Phase Previous Month | CN6: 1st Phase Current Month | CP6: 2nd Phase Current Month | CS6: Concatenate | CT6: 2nd Phase Previous Month | CV6: 1st Phase Current Month | CX6: 2nd Phase Current Month | CZ6: Concatenate | DA6: 2nd Phase Previous Month | DC6: 1st Phase Current Month | DE6: 2nd Phase Current Month | DG6: Concatenate | DH6: 2nd Phase Previous Month | DJ6: 1st Phase Current Month | DL6: 2nd Phase Current Month | DN6: Concatenate | DO6: 2nd Phase Previous Month | DQ6: 1st Phase Current Month | DS6: 2nd Phase Current Month | DU6: Concatenate | DV6: 2nd Phase Previous Month | DX6: 1st Phase Current Month | DZ6: 2nd Phase Current Month | EB6: Concatenate | EC6: 2nd Phase Previous Month | EE6: 1st Phase Current Month | EG6: 2nd Phase Current Month | EI6: Concatenate | EJ6: 2nd Phase Previous Month | EL6: 1st Phase Current Month | EN6: 2nd Phase Current Month | EP6: Concatenate | EQ6: 2nd Phase Previous Month | ES6: 1st Phase Current Month | EU6: 2nd Phase Current Month | EW6: Concatenate | EX6: 2nd Phase Previous Month | EZ6: 1st Phase Current Month | FB6: 2nd Phase Current Month | FE6: Concatenate | FF6: 2nd Phase Previous Month | FH6: 1st Phase Current Month | FJ6: 2nd Phase Current Month | FL6: Concatenate | FM6: 2nd Phase Previous Month | FO6: 1st Phase Current Month | FQ6: 2nd Phase Current Month | FS6: Concatenate | FT6: 2nd Phase Previous Month | FV6: 1st Phase Current Month | FX6: 2nd Phase Current Month | FZ6: Concatenate | GA6: 2nd Phase Previous Month | GC6: 1st Phase Current Month | GE6: 2nd Phase Current Month | GH6: Concatenate | GI6: 2nd Phase Previous Month | GK6: 1st Phase Current Month | GM6: 2nd Phase Current Month | GO6: Concatenate | GP6: 2nd Phase Previous Month | GR6: 1st Phase Current Month | GT6: 2nd Phase Current Month | GV6: Concatenate | GW6: 2nd Phase Previous Month | GY6: 1st Phase Current Month | HA6: 2nd Phase Current Month | HC6: Concatenate | HD6: 2nd Phase Previous Month | HF6: 1st Phase Current Month | HH6: 2nd Phase Current Month | HJ6: Concatenate | HK6: 2nd Phase Previous Month | HM6: 1st Phase Current Month | HO6: 2nd Phase Current Month | HR6: Concatenate | HS6: 2nd Phase Previous Month | HU6: 1st Phase Current Month | HW6: 2nd Phase Current Month | HY6: Concatenate | HZ6: 2nd Phase Previous Month | IB6: 1st Phase Current Month | ID6: 2nd Phase Current Month | IF6: Concatenate | IG6: 2nd Phase Previous Month | II6: 1st Phase Current Month | IK6: 2nd Phase Current Month
D7: -1 | F7: -2 | H7: -3 | K7: -4 | M7: -5 | O7: -6 | R7: -7 | T7: -8 | V7: -9 | Z7: -1 | AB7: -2 | AD7: -3 | AG7: -4 | AI7: -5 | AK7: -6 | AN7: -7 | AP7: -8 | AR7: -9 | AU7: -10 | AW7: -11 | AY7: -12 | BB7: -13 | BD7: -14 | BF7: -15 | BI7: -16 | BK7: -17 | BM7: -18 | BP7: -19 | BR7: -20 | BT7: -21 | BX7: -1 | BZ7: -2 | CB7: -3 | CE7: -4 | CG7: -5 | CI7: -6 | CL7: -7 | CN7: -8 | CP7: -9 | CT7: -1 | CV7: -2 | CX7: -3 | DA7: -4 | DC7: -5 | DE7: -6 | DH7: -7 | DJ7: -8 | DL7: -9 | DO7: -10 | DQ7: -11 | DS7: -12 | DV7: -13 | DX7: -14 | DZ7: -15 | EC7: -16 | EE7: -17 | EG7: -18 | EJ7: -19 | EL7: -20 | EN7: -21 | EQ7: -22 | ES7: -23 | EU7: -24 | EX7: -25 | EZ7: -26 | FB7: -27 | FF7: -1 | FH7: -2 | FJ7: -3 | FM7: -4 | FO7: -5 | FQ7: -6 | FT7: -7 | FV7: -8 | FX7: -9 | GA7: -10 | GC7: -11 | GE7: -12 | GI7: -1 | GK7: -2 | GM7: -3 | GP7: -4 | GR7: -5 | GT7: -6 | GW7: -7 | GY7: -8 | HA7: -9 | HD7: -10 | HF7: -11 | HH7: -12 | HK7: -13 | HM7: -14 | HO7: -15 | HS7: -1 | HU7: -2 | HW7: -3 | HZ7: -4 | IB7: -5 | ID7: -6 | IG7: -7 | II7: -8 | IK7: -9
A8: PHILIPPINES | B8: Philippines | C8: PHILIPPINESRice, Special | D8: 56.87 | E8: 0 | F8: 56.62 | G8: r | H8: 56.84 | I8: 0 | J8: PHILIPPINESRice, Well Milled | K8: 47.07 | L8: 0 | M8: 47.13 | N8: r | O8: 47.22 | P8: 0 | Q8: PHILIPPINESRice, Regular Milled | R8: 40.35 | S8: 0 | T8: 40.31 | U8: r | V8: 40.11 | W8: 0 | Y8: PHILIPPINESFresh Beef, Meat with Bones | Z8: 368.26 | AA8: 0 | AB8: 369.64 | AC8: r | AD8: 369.14 | AE8: 0 | AF8: PHILIPPINESFresh Beef, Pure Meat | AG8: 450.37 | AH8: 0 | AI8: 451.47 | AK8: 452.9 | AL8: 0 | AM8: PHILIPPINESFresh Pork, Kasim | AN8: 364.93 | AO8: 0 | AP8: 360.64 | AR8: 358.24 | AS8: 0 | AT8: PHILIPPINESFresh Pork, Liempo | AU8: 385.74 | AV8: 0 | AW8: 381.08 | AY8: 379.19 | AZ8: 0 | BA8: PHILIPPINESFresh Pork, Meat with Bones | BB8: 330.56 | BC8: 0 | BD8: 327.54 | BF8: 327.03 | BG8: 0 | BH8: PHILIPPINESDressed Chicken | BI8: 216.57 | BJ8: 0 | BK8: 215.22 | BM8: 214.49 | BN8: 0 | BO8: PHILIPPINESChicken egg, med. (piece) | BP8: 9.41 | BQ8: 0 | BR8: 9.39 | BT8: 9.4 | BU8: 0 | BW8: PHILIPPINESBangus | BX8: 231.86 | BY8: 0 | BZ8: 238.51 | CB8: 239.61 | CC8: 0 | CD8: PHILIPPINESGalunggong | CE8: 228.08 | CF8: 0 | CG8: 231.11 | CI8: 232.37 | CJ8: 0 | CK8: PHILIPPINESTilapia | CL8: 183.42 | CM8: 0 | CN8: 183.02 | CO8: r | CP8: 182.7 | CQ8: 0 | CS8: PHILIPPINESAmpalaya | CT8: 132.13 | CU8: 0 | CV8: 116.2 | CX8: 115.53 | CY8: 0 | CZ8: PHILIPPINESCabbage | DA8: 134.92 | DB8: 0 | DC8: 123.15 | DE8: 111.26 | DF8: 0 | DG8: PHILIPPINESCarrot | DH8: 176.36 | DI8: 0 | DJ8: 189.62 | DL8: 192.87 | DM8: 0 | DN8: PHILIPPINESEggplant | DO8: 112.94 | DP8: 0 | DQ8: 92.06 | DS8: 89.64 | DT8: 0 | DU8: PHILIPPINESBaguio Beans | DV8: 144.44 | DW8: 0 | DX8: 144 | DZ8: 137.33 | EA8: 0 | EB8: PHILIPPINESPechay, Native | EC8: 125.06 | ED8: 0 | EE8: 120.72 | EF8: r | EG8: 117.66 | EH8: 0 | EI8: PHILIPPINESString Beans | EJ8: 111.47 | EK8: 0 | EL8: 108.81 | EN8: 107.7 | EO8: 0 | EP8: PHILIPPINESTomato | EQ8: 81.88 | ER8: 0 | ES8: 99.6 | EU8: 102.49 | EV8: 0 | EW8: PHILIPPINESWhite Potato | EX8: 119.31 | EY8: 0 | EZ8: 119.88 | FB8: 120.46 | FC8: 0 | FE8: PHILIPPINESOnion, Red | FF8: 175.52 | FG8: 0 | FH8: 179.36 | FJ8: 180.41 | FK8: 0 | FL8: PHILIPPINESGarlic, Native | FM8: 181.7 | FN8: 0 | FO8: 183.33 | FQ8: 182.38 | FR8: 0 | FS8: PHILIPPINESGarlic, Imported | FT8: 169.84 | FU8: 0 | FV8: 167.97 | FX8: 166.39 | FY8: 0 | FZ8: PHILIPPINESGinger, Hawaiian | GA8: 184.25 | GB8: 0 | GC8: 181.5 | GE8: 177.81 | GF8: 0 | GH8: PHILIPPINESBanana, Lakatan | GI8: 92.41 | GJ8: 0 | GK8: 92.16 | GM8: 91.48 | GN8: 0 | GO8: PHILIPPINESBanana, Latundan | GP8: 56.03 | GQ8: 0 | GR8: 54.9 | GT8: 55.28 | GU8: 0 | GV8: PHILIPPINESCalamansi | GW8: 88.59 | GX8: 0 | GY8: 84.18 | HA8: 82.25 | HB8: 0 | HC8: PHILIPPINESMango, Carabao | HD8: 167.29 | HE8: 0 | HF8: 174.04 | HH8: 176.03 | HI8: 0 | HJ8: PHILIPPINESPapaya | HK8: 57.27 | HL8: 0 | HM8: 57.88 | HO8: 57.09 | HP8: 0 | HR8: PHILIPPINESCooking oil | HS8: 184.5 | HT8: 0 | HU8: 186.59 | HW8: 186.68 | HX8: 0 | HY8: PHILIPPINESBrown Sugar | HZ8: 74.5 | IA8: 0 | IB8: 74.22 | ID8: 74.33 | IE8: 0 | IF8: PHILIPPINESRefined Sugar | IG8: 84.57 | IH8: 0 | II8: 83.96 | IJ8: r | IK8: 83.75 | IL8: 0
A9: NCR | B9: NCR- National Capital Region | C9: NCRRice, Special | D9: 56.48 | E9: 0 | F9: 56.43 | H9: 56.34 | I9: 0 | J9: NCRRice, Well Milled | K9: 47.1 | L9: 0 | M9: 47.01 | O9: 46.86 | P9: 0 | Q9: NCRRice, Regular Milled | R9: 39.66 | S9: 0 | T9: 39.75 | V9: 39.65 | W9: 0 | Y9: NCRFresh Beef, Meat with Bones | Z9: 421.25 | AA9: 0 | AB9: 420.93 | AD9: 423.94 | AE9: 0 | AF9: NCRFresh Beef, Pure Meat | AG9: 473.8 | AH9: 0 | AI9: 472.36 | AK9: 473.36 | AL9: 0 | AM9: NCRFresh Pork, Kasim | AN9: 366.97 | AO9: 0 | AP9: 363.77 | AR9: 361.73 | AS9: 0 | AT9: NCRFresh Pork, Liempo | AU9: 414.69 | AV9: 0 | AW9: 409.63 | AY9: 407.06 | AZ9: 0 | BA9: NCRFresh Pork, Meat with Bones | BB9: 345.24 | BC9: 0 | BD9: 343.16 | BF9: 337.03 | BG9: 0 | BH9: NCRDressed Chicken | BI9: 215.43 | BJ9: 0 | BK9: 198.47 | BM9: 209.17 | BN9: 0 | BO9: NCRChicken egg, med. (piece) | BP9: 8.59 | BQ9: 0 | BR9: 8.59 | BT9: 8.66 | BU9: 0 | BW9: NCRBangus | BX9: 255.71 | BY9: 0 | BZ9: 266.86 | CB9: 271.59 | CC9: 0 | CD9: NCRGalunggong | CE9: 296.42 | CF9: 0 | CG9: 307.75 | CI9: 311.66 | CJ9: 0 | CK9: NCRTilapia | CL9: 154.05 | CM9: 0 | CN9: 155.46 | CP9: 157.54 | CQ9: 0 | CS9: NCRAmpalaya | CT9: 145.74 | CU9: 0 | CV9: 120.84 | CX9: 127.5 | CY9: 0 | CZ9: NCRCabbage | DA9: 181.12 | DB9: 0 | DC9: 119.63 | DE9: 96.56 | DF9: 0 | DG9: NCRCarrot | DH9: 247.39 | DI9: 0 | DJ9: 247.77 | DL9: 259.72 | DM9: 0 | DN9: NCREggplant | DO9: 138.55 | DP9: 0 | DQ9: 93.21 | DS9: 100.4 | DT9: 0 | DU9: NCRBaguio Beans | DV9: 173.6 | DW9: 0 | DX9: 149.18 | DZ9: 133.74 | EA9: 0 | EB9: NCRPechay, Native | EC9: 132.55 | ED9: 0 | EE9: 118.1 | EG9: 113 | EH9: 0 | EI9: NCRString Beans | EJ9: 158.08 | EK9: 0 | EL9: 156.32 | EN9: 158.04 | EO9: 0 | EP9: NCRTomato | EQ9: 94.8 | ER9: 0 | ES9: 127.94 | EU9: 115.95 | EV9: 0 | EW9: NCRWhite Potato | EX9: 98.05 | EY9: 0 | EZ9: 101.3 | FB9: 105.61 | FC9: 0 | FE9: NCROnion, Red | FF9: 162.5 | FG9: 0 | FH9: 160.37 | FJ9: 159.77 | FK9: 0 | FL9: NCRGarlic, Native | FM9: 326.02 | FN9: 0 | FO9: 324.42 | FQ9: 325.84 | FR9: 0 | FS9: NCRGarlic, Imported | FT9: 157.01 | FU9: 0 | FV9: 157.1 | FX9: 155.47 | FY9: 0 | FZ9: NCRGinger, Hawaiian | GA9: 196.98 | GB9: 0 | GC9: 193.62 | GE9: 192.37 | GF9: 0 | GH9: NCRBanana, Lakatan | GI9: 98.95 | GJ9: 0 | GK9: 99 | GM9: 98.13 | GN9: 0 | GO9: NCRBanana, Latundan | GP9: 0 | GQ9: 0 | GR9: 0 | GT9: 0 | GU9: 0 | GV9: NCRCalamansi | GW9: 88.8 | GX9: 0 | GY9: 82.79 | HA9: 77.5 | HB9: 0 | HC9: NCRMango, Carabao | HD9: 179.99 | HE9: 0 | HF9: 189.44 | HH9: 191.41 | HI9: 0 | HJ9: NCRPapaya | HK9: 0 | HL9: 0 | HM9: 0 | HO9: 0 | HP9: 0 | HR9: NCRCooking oil | HS9: 187.61 | HT9: 0 | HU9: 190.08 | HW9: 190.99 | HX9: 0 | HY9: NCRBrown Sugar | HZ9: 82.13 | IA9: 0 | IB9: 82.21 | ID9: 82.02 | IE9: 0 | IF9: NCRRefined Sugar | IG9: 92.86 | IH9: 0 | II9: 92.98 | IK9: 92.77 | IL9: 0
A10: CAR | B10: CAR - Cordillera Administrative Region | C10: CARRice, Special | D10: 56.6 | E10: 0 | F10: 56.35 | H10: 57.41 | I10: 0 | J10: CARRice, Well Milled | K10: 46.64 | L10: 0 | M10: 46.05 | O10: 47.25 | P10: 0 | Q10: CARRice, Regular Milled | R10: 40.24 | S10: 0 | T10: 39.76 | V10: 40.74 | W10: 0 | Y10: CARFresh Beef, Meat with Bones | Z10: 390.48 | AA10: 0 | AB10: 391.05 | AD10: 391.05 | AE10: 0 | AF10: CARFresh Beef, Pure Meat | AG10: 411.43 | AH10: 0 | AI10: 414.63 | AK10: 414.47 | AL10: 0 | AM10: CARFresh Pork, Kasim | AN10: 363.71 | AO10: 0 | AP10: 362.64 | AR10: 354.79 | AS10: 0 | AT10: CARFresh Pork, Liempo | AU10: 373.12 | AV10: 0 | AW10: 372.64 | AY10: 364.9 | AZ10: 0 | BA10: CARFresh Pork, Meat with Bones | BB10: 355.67 | BC10: 0 | BD10: 354.48 | BF10: 350.81 | BG10: 0 | BH10: CARDressed Chicken | BI10: 235.29 | BJ10: 0 | BK10: 235.55 | BM10: 231.14 | BN10: 0 | BO10: CARChicken egg, med. (piece) | BP10: 9.24 | BQ10: 0 | BR10: 9.28 | BT10: 9.27 | BU10: 0 | BW10: CARBangus | BX10: 231.43 | BY10: 0 | BZ10: 238.81 | CB10: 235.83 | CC10: 0 | CD10: CARGalunggong | CE10: 237.36 | CF10: 0 | CG10: 239.26 | CI10: 239.98 | CJ10: 0 | CK10: CARTilapia | CL10: 181.38 | CM10: 0 | CN10: 180.81 | CP10: 178.67 | CQ10: 0 | CS10: CARAmpalaya | CT10: 120.42 | CU10: 0 | CV10: 109.73 | CX10: 106.88 | CY10: 0 | CZ10: CARCabbage | DA10: 98.9 | DB10: 0 | DC10: 98.23 | DE10: 85.02 | DF10: 0 | DG10: CARCarrot | DH10: 120.24 | DI10: 0 | DJ10: 142.64 | DL10: 149.45 | DM10: 0 | DN10: CAREggplant | DO10: 98.39 | DP10: 0 | DQ10: 79.21 | DS10: 78.63 | DT10: 0 | DU10: CARBaguio Beans | DV10: 128.94 | DW10: 0 | DX10: 122.04 | DZ10: 116.23 | EA10: 0 | EB10: CARPechay, Native | EC10: 35 | ED10: 0 | EE10: 30 | EG10: 35 | EH10: 0 | EI10: CARString Beans | EJ10: 107.52 | EK10: 0 | EL10: 101.54 | EN10: 97.82 | EO10: 0 | EP10: CARTomato | EQ10: 71.3 | ER10: 0 | ES10: 87.27 | EU10: 83.77 | EV10: 0 | EW10: CARWhite Potato | EX10: 85.15 | EY10: 0 | EZ10: 85.99 | FB10: 91.18 | FC10: 0 | FE10: CAROnion, Red | FF10: 166.29 | FG10: 0 | FH10: 168.31 | FJ10: 169.74 | FK10: 0 | FL10: CARGarlic, Native | FM10: 195.13 | FN10: 0 | FO10: 193.71 | FQ10: 185 | FR10: 0 | FS10: CARGarlic, Imported | FT10: 143.75 | FU10: 0 | FV10: 145 | FX10: 147.5 | FY10: 0 | FZ10: CARGinger, Hawaiian | GA10: 164.01 | GB10: 0 | GC10: 163.51 | GE10: 160.09 | GF10: 0 | GH10: CARBanana, Lakatan | GI10: 107.61 | GJ10: 0 | GK10: 108.25 | GM10: 107.7 | GN10: 0 | GO10: CARBanana, Latundan | GP10: 58.6 | GQ10: 0 | GR10: 58.8 | GT10: 58.8 | GU10: 0 | GV10: CARCalamansi | GW10: 108.91 | GX10: 0 | GY10: 102.99 | HA10: 100.99 | HB10: 0 | HC10: CARMango, Carabao | HD10: 82.5 | HE10: 0 | HF10: 82.5 | HH10: 82.5 | HI10: 0 | HJ10: CARPapaya | HK10: 61.38 | HL10: 0 | HM10: 60.75 | HO10: 62 | HP10: 0 | HR10: CARCooking oil | HS10: 133 | HT10: 0 | HU10: 133 | HW10: 133 | HX10: 0 | HY10: CARBrown Sugar | HZ10: 72.8 | IA10: 0 | IB10: 72.43 | ID10: 72.41 | IE10: 0 | IF10: CARRefined Sugar | IG10: 83.6 | IH10: 0 | II10: 82.81 | IK10: 82.88 | IL10: 0
A11: 1 | B11: Abra | C11: 1Rice, Special | D11: 58 | E11: 0 | F11: 58 | H11: 58 | I11: 0 | J11: 1Rice, Well Milled | K11: 50 | L11: 0 | M11: 50 | O11: 50 | P11: 0 | Q11: 1Rice, Regular Milled | R11: 36.5 | S11: 0 | T11: 36.25 | V11: 36.5 | W11: 0 | Y11: 1Fresh Beef, Meat with Bones | Z11: 320 | AA11: 0 | AB11: 320 | AD11: 320 | AE11: 0 | AF11: 1Fresh Beef, Pure Meat | AG11: 350 | AH11: 0 | AI11: 350 | AK11: 350 | AL11: 0 | AM11: 1Fresh Pork, Kasim | AN11: 335 | AO11: 0 | AP11: 335 | AR11: 335 | AS11: 0 | AT11: 1Fresh Pork, Liempo | AU11: 320 | AV11: 0 | AW11: 320 | AY11: 320 | AZ11: 0 | BA11: 1Fresh Pork, Meat with Bones | BB11: 310 | BC11: 0 | BD11: 310 | BF11: 310 | BG11: 0 | BH11: 1Dressed Chicken | BI11: 240 | BJ11: 0 | BK11: 240 | BM11: 240 | BN11: 0 | BO11: 1Chicken egg, med. (piece) | BP11: 8 | BQ11: 0 | BR11: 8 | BT11: 8 | BU11: 0 | BW11: 1Bangus | BX11: 205 | BY11: 0 | BZ11: 205 | CB11: 205 | CC11: 0 | CD11: 1Galunggong | CE11: 225 | CF11: 0 | CG11: 225 | CI11: 225 | CJ11: 0 | CK11: 1Tilapia | CL11: 200 | CM11: 0 | CN11: 200 | CP11: 200 | CQ11: 0 | CS11: 1Ampalaya | CT11: 100 | CU11: 0 | CV11: 100 | CX11: 120 | CY11: 0 | CZ11: 1Cabbage | DA11: 90 | DB11: 0 | DC11: 110 | DE11: 95 | DF11: 0 | DG11: 1Carrot | DH11: 130 | DI11: 0 | DJ11: 140 | DL11: 155 | DM11: 0 | DN11: 1Eggplant | DO11: 100 | DP11: 0 | DQ11: 95 | DS11: 90 | DT11: 0 | DU11: 1Baguio Beans | DV11: 0 | DW11: 0 | DX11: 0 | DZ11: 0 | EA11: 0 | EB11: 1Pechay, Native | EC11: 0 | ED11: 0 | EE11: 0 | EG11: 0 | EH11: 0 | EI11: 1String Beans | EJ11: 135 | EK11: 0 | EL11: 135 | EN11: 120 | EO11: 0 | EP11: 1Tomato | EQ11: 55 | ER11: 0 | ES11: 80 | EU11: 90 | EV11: 0 | EW11: 1White Potato | EX11: 100 | EY11: 0 | EZ11: 100 | FB11: 110 | FC11: 0 | FE11: 1Onion, Red | FF11: 150 | FG11: 0 | FH11: 150 | FJ11: 150 | FK11: 0 | FL11: 1Garlic, Native | FM11: 155 | FN11: 0 | FO11: 155 | FQ11: 155 | FR11: 0 | FS11: 1Garlic, Imported | FT11: 0 | FU11: 0 | FV11: 0 | FX11: 0 | FY11: 0 | FZ11: 1Ginger, Hawaiian | GA11: 170 | GB11: 0 | GC11: 170 | GE11: 160 | GF11: 0 | GH11: 1Banana, Lakatan | GI11: 135 | GJ11: 0 | GK11: 135 | GM11: 125 | GN11: 0 | GO11: 1Banana, Latundan | GP11: 80 | GQ11: 0 | GR11: 80 | GT11: 80 | GU11: 0 | GV11: 1Calamansi | GW11: 100 | GX11: 0 | GY11: 90 | HA11: 85 | HB11: 0 | HC11: 1Mango, Carabao | HD11: 55 | HE11: 0 | HF11: 55 | HH11: 55 | HI11: 0 | HJ11: 1Papaya | HK11: 45 | HL11: 0 | HM11: 45 | HO11: 45 | HP11: 0 | HR11: 1Cooking oil | HS11: 0 | HT11: 0 | HU11: 0 | HW11: 0 | HX11: 0 | HY11: 1Brown Sugar | HZ11: 76.5 | IA11: 0 | IB11: 76.5 | ID11: 76.5 | IE11: 0 | IF11: 1Refined Sugar | IG11: 0 | IH11: 0 | II11: 0 | IK11: 0 | IL11: 0
A12: 81 | B12: Apayao | C12: 81Rice, Special | D12: 51.5 | E12: 0 | F12: 54 | H12: 54 | I12: 0 | J12: 81Rice, Well Milled | K12: 32.1 | L12: 0 | M12: 32.9 | O12: 32.9 | P12: 0 | Q12: 81Rice, Regular Milled | R12: 31 | S12: 0 | T12: 32 | V12: 32 | W12: 0 | Y12: 81Fresh Beef, Meat with Bones | Z12: 375 | AA12: 0 | AB12: 380 | AD12: 380 | AE12: 0 | AF12: 81Fresh Beef, Pure Meat | AG12: 400 | AH12: 0 | AI12: 405 | AK12: 405 | AL12: 0 | AM12: 81Fresh Pork, Kasim | AN12: 350 | AO12: 0 | AP12: 350 | AR12: 350 | AS12: 0 | AT12: 81Fresh Pork, Liempo | AU12: 350 | AV12: 0 | AW12: 350 | AY12: 350 | AZ12: 0 | BA12: 81Fresh Pork, Meat with Bones | BB12: 340 | BC12: 0 | BD12: 340 | BF12: 340 | BG12: 0 | BH12: 81Dressed Chicken | BI12: 240 | BJ12: 0 | BK12: 235 | BM12: 235 | BN12: 0 | BO12: 81Chicken egg, med. (piece) | BP12: 9.13 | BQ12: 0 | BR12: 9.13 | BT12: 9.13 | BU12: 0 | BW12: 81Bangus | BX12: 225 | BY12: 0 | BZ12: 245 | CB12: 245 | CC12: 0 | CD12: 81Galunggong | CE12: 210 | CF12: 0 | CG12: 210 | CI12: 210 | CJ12: 0 | CK12: 81Tilapia | CL12: 185 | CM12: 0 | CN12: 185 | CP12: 185 | CQ12: 0 | CS12: 81Ampalaya | CT12: 85 | CU12: 0 | CV12: 90 | CX12: 90 | CY12: 0 | CZ12: 81Cabbage | DA12: 110 | DB12: 0 | DC12: 90 | DE12: 90 | DF12: 0 | DG12: 81Carrot | DH12: 150 | DI12: 0 | DJ12: 175 | DL12: 175 | DM12: 0 | DN12: 81Eggplant | DO12: 110 | DP12: 0 | DQ12: 90 | DS12: 90 | DT12: 0 | DU12: 81Baguio Beans | DV12: 0 | DW12: 0 | DX12: 0 | DZ12: 0 | EA12: 0 | EB12: 81Pechay, Native | EC12: 0 | ED12: 0 | EE12: 0 | EG12: 0 | EH12: 0 | EI12: 81String Beans | EJ12: 90 | EK12: 0 | EL12: 95 | EN12: 95 | EO12: 0 | EP12: 81Tomato | EQ12: 60 | ER12: 0 | ES12: 65 | EU12: 65 | EV12: 0 | EW12: 81White Potato | EX12: 87.5 | EY12: 0 | EZ12: 80 | FB12: 80 | FC12: 0 | FE12: 81Onion, Red | FF12: 160 | FG12: 0 | FH12: 165 | FJ12: 165 | FK12: 0 | FL12: 81Garlic, Native | FM12: 0 | FN12: 0 | FO12: 0 | FQ12: 0 | FR12: 0 | FS12: 81Garlic, Imported | FT12: 145 | FU12: 0 | FV12: 145 | FX12: 145 | FY12: 0 | FZ12: 81Ginger, Hawaiian | GA12: 140 | GB12: 0 | GC12: 150 | GE12: 150 | GF12: 0 | GH12: 81Banana, Lakatan | GI12: 70 | GJ12: 0 | GK12: 72.5 | GM12: 72.5 | GN12: 0 | GO12: 81Banana, Latundan | GP12: 37.5 | GQ12: 0 | GR12: 40 | GT12: 40 | GU12: 0 | GV12: 81Calamansi | GW12: 72.5 | GX12: 0 | GY12: 80 | HA12: 80 | HB12: 0 | HC12: 81Mango, Carabao | HD12: 0 | HE12: 0 | HF12: 0 | HH12: 0 | HI12: 0 | HJ12: 81Papaya | HK12: 0 | HL12: 0 | HM12: 0 | HO12: 0 | HP12: 0 | HR12: 81Cooking oil | HS12: 0 | HT12: 0 | HU12: 0 | HW12: 0 | HX12: 0 | HY12: 81Brown Sugar | HZ12: 70 | IA12: 0 | IB12: 70 | ID12: 70 | IE12: 0 | IF12: 81Refined Sugar | IG12: 89.5 | IH12: 0 | II12: 89.5 | IK12: 89.5 | IL12: 0
A13: 11 | B13: Benguet | C13: 11Rice, Special | D13: 54.67 | E13: 0 | F13: 54.67 | H13: 54.67 | I13: 0 | J13: 11Rice, Well Milled | K13: 48.67 | L13: 0 | M13: 48.67 | O13: 48.67 | P13: 0 | Q13: 11Rice, Regular Milled | R13: 43.5 | S13: 0 | T13: 43.5 | V13: 43.5 | W13: 0 | Y13: 11Fresh Beef, Meat with Bones | Z13: 438.5 | AA13: 0 | AB13: 444 | AD13: 444 | AE13: 0 | AF13: 11Fresh Beef, Pure Meat | AG13: 441.5 | AH13: 0 | AI13: 447.5 | AK13: 447.5 | AL13: 0 | AM13: 11Fresh Pork, Kasim | AN13: 324 | AO13: 0 | AP13: 324 | AR13: 324 | AS13: 0 | AT13: 11Fresh Pork, Liempo | AU13: 359 | AV13: 0 | AW13: 359 | AY13: 359 | AZ13: 0 | BA13: 11Fresh Pork, Meat with Bones | BB13: 299 | BC13: 0 | BD13: 299 | BF13: 299 | BG13: 0 | BH13: 11Dressed Chicken | BI13: 204 | BJ13: 0 | BK13: 205 | BM13: 205 | BN13: 0 | BO13: 11Chicken egg, med. (piece) | BP13: 9.25 | BQ13: 0 | BR13: 9.38 | BT13: 9.38 | BU13: 0 | BW13: 11Bangus | BX13: 230 | BY13: 0 | BZ13: 245 | CB13: 225 | CC13: 0 | CD13: 11Galunggong | CE13: 245 | CF13: 0 | CG13: 245 | CI13: 245 | CJ13: 0 | CK13: 11Tilapia | CL13: 175 | CM13: 0 | CN13: 175 | CP13: 165 | CQ13: 0 | CS13: 11Ampalaya | CT13: 115 | CU13: 0 | CV13: 100 | CX13: 95 | CY13: 0 | CZ13: 11Cabbage | DA13: 82.5 | DB13: 0 | DC13: 84 | DE13: 79 | DF13: 0 | DG13: 11Carrot | DH13: 115 | DI13: 0 | DJ13: 155 | DL13: 165 | DM13: 0 | DN13: 11Eggplant | DO13: 110 | DP13: 0 | DQ13: 68 | DS13: 65 | DT13: 0 | DU13: 11Baguio Beans | DV13: 145 | DW13: 0 | DX13: 145 | DZ13: 125 | EA13: 0 | EB13: 11Pechay, Native | EC13: 0 | ED13: 0 | EE13: 0 | EG13: 0 | EH13: 0 | EI13: 11String Beans | EJ13: 120 | EK13: 0 | EL13: 99.5 | EN13: 99.5 | EO13: 0 | EP13: 11Tomato | EQ13: 70 | ER13: 0 | ES13: 99.5 | EU13: 95 | EV13: 0 | EW13: 11White Potato | EX13: 80 | EY13: 0 | EZ13: 89 | FB13: 80 | FC13: 0 | FE13: 11Onion, Red | FF13: 185 | FG13: 0 | FH13: 182 | FJ13: 182 | FK13: 0 | FL13: 11Garlic, Native | FM13: 250 | FN13: 0 | FO13: 239 | FQ13: 230 | FR13: 0 | FS13: 11Garlic, Imported | FT13: 0 | FU13: 0 | FV13: 0 | FX13: 0 | FY13: 0 | FZ13: 11Ginger, Hawaiian | GA13: 180 | GB13: 0 | GC13: 170 | GE13: 165 | GF13: 0 | GH13: 11Banana, Lakatan | GI13: 101.5 | GJ13: 0 | GK13: 101.5 | GM13: 101.5 | GN13: 0 | GO13: 11Banana, Latundan | GP13: 0 | GQ13: 0 | GR13: 0 | GT13: 0 | GU13: 0 | GV13: 11Calamansi | GW13: 135 | GX13: 0 | GY13: 109 | HA13: 120 | HB13: 0 | HC13: 11Mango, Carabao | HD13: 0 | HE13: 0 | HF13: 0 | HH13: 0 | HI13: 0 | HJ13: 11Papaya | HK13: 50 | HL13: 0 | HM13: 50 | HO13: 55 | HP13: 0 | HR13: 11Cooking oil | HS13: 0 | HT13: 0 | HU13: 0 | HW13: 0 | HX13: 0 | HY13: 11Brown Sugar | HZ13: 77.25 | IA13: 0 | IB13: 76.13 | ID13: 76.13 | IE13: 0 | IF13: 11Refined Sugar | IG13: 90.75 | IH13: 0 | II13: 87.5 | IK13: 87.5 | IL13: 0
A14: 27 | B14: Ifugao | C14: 27Rice, Special | D14: 0 | E14: 0 | F14: 0 | H14: 0 | I14: 0 | J14: 27Rice, Well Milled | K14: 42.2 | L14: 0 | M14: 42.1 | O14: 42.1 | P14: 0 | Q14: 27Rice, Regular Milled | R14: 40 | S14: 0 | T14: 40 | V14: 40 | W14: 0 | Y14: 27Fresh Beef, Meat with Bones | Z14: 380 | AA14: 0 | AB14: 380 | AD14: 380 | AE14: 0 | AF14: 27Fresh Beef, Pure Meat | AG14: 380 | AH14: 0 | AI14: 380 | AK14: 380 | AL14: 0 | AM14: 27Fresh Pork, Kasim | AN14: 400 | AO14: 0 | AP14: 400 | AR14: 400 | AS14: 0 | AT14: 27Fresh Pork, Liempo | AU14: 400 | AV14: 0 | AW14: 400 | AY14: 400 | AZ14: 0 | BA14: 27Fresh Pork, Meat with Bones | BB14: 400 | BC14: 0 | BD14: 400 | BF14: 400 | BG14: 0 | BH14: 27Dressed Chicken | BI14: 260 | BJ14: 0 | BK14: 260 | BM14: 250 | BN14: 0 | BO14: 27Chicken egg, med. (piece) | BP14: 9 | BQ14: 0 | BR14: 9 | BT14: 9 | BU14: 0 | BW14: 27Bangus | BX14: 290 | BY14: 0 | BZ14: 300 | CB14: 300 | CC14: 0 | CD14: 27Galunggong | CE14: 250 | CF14: 0 | CG14: 250 | CI14: 250 | CJ14: 0 | CK14: 27Tilapia | CL14: 180 | CM14: 0 | CN14: 180 | CP14: 180 | CQ14: 0 | CS14: 27Ampalaya | CT14: 125 | CU14: 0 | CV14: 105 | CX14: 105 | CY14: 0 | CZ14: 27Cabbage | DA14: 125 | DB14: 0 | DC14: 105 | DE14: 75 | DF14: 0 | DG14: 27Carrot | DH14: 140 | DI14: 0 | DJ14: 180 | DL14: 165 | DM14: 0 | DN14: 27Eggplant | DO14: 100 | DP14: 0 | DQ14: 55 | DS14: 75 | DT14: 0 | DU14: 27Baguio Beans | DV14: 105 | DW14: 0 | DX14: 85 | DZ14: 85 | EA14: 0 | EB14: 27Pechay, Native | EC14: 0 | ED14: 0 | EE14: 0 | EG14: 0 | EH14: 0 | EI14: 27String Beans | EJ14: 0 | EK14: 0 | EL14: 0 | EN14: 0 | EO14: 0 | EP14: 27Tomato | EQ14: 65 | ER14: 0 | ES14: 85 | EU14: 85 | EV14: 0 | EW14: 27White Potato | EX14: 80 | EY14: 0 | EZ14: 82.5 | FB14: 100 | FC14: 0 | FE14: 27Onion, Red | FF14: 170 | FG14: 0 | FH14: 170 | FJ14: 180 | FK14: 0 | FL14: 27Garlic, Native | FM14: 170 | FN14: 0 | FO14: 170 | FQ14: 165 | FR14: 0 | FS14: 27Garlic, Imported | FT14: 0 | FU14: 0 | FV14: 0 | FX14: 0 | FY14: 0 | FZ14: 27Ginger, Hawaiian | GA14: 130 | GB14: 0 | GC14: 125 | GE14: 125 | GF14: 0 | GH14: 27Banana, Lakatan | GI14: 100 | GJ14: 0 | GK14: 100 | GM14: 100 | GN14: 0 | GO14: 27Banana, Latundan | GP14: 85 | GQ14: 0 | GR14: 85 | GT14: 85 | GU14: 0 | GV14: 27Calamansi | GW14: 105 | GX14: 0 | GY14: 105 | HA14: 85 | HB14: 0 | HC14: 27Mango, Carabao | HD14: 0 | HE14: 0 | HF14: 0 | HH14: 0 | HI14: 0 | HJ14: 27Papaya | HK14: 70 | HL14: 0 | HM14: 70 | HO14: 70 | HP14: 0 | HR14: 27Cooking oil | HS14: 133 | HT14: 0 | HU14: 133 | HW14: 133 | HX14: 0 | HY14: 27Brown Sugar | HZ14: 72 | IA14: 0 | IB14: 72 | ID14: 72 | IE14: 0 | IF14: 27Refined Sugar | IG14: 80 | IH14: 0 | II14: 80 | IK14: 80 | IL14: 0
A15: 32 | B15: Kalinga | C15: 32Rice, Special | D15: 48.5 | E15: 0 | F15: 46.5 | H15: 46.5 | I15: 0 | J15: 32Rice, Well Milled | K15: 41.5 | L15: 0 | M15: 39 | O15: 39 | P15: 0 | Q15: 32Rice, Regular Milled | R15: 37 | S15: 0 | T15: 35 | V15: 35 | W15: 0 | Y15: 32Fresh Beef, Meat with Bones | Z15: 400 | AA15: 0 | AB15: 400 | AD15: 400 | AE15: 0 | AF15: 32Fresh Beef, Pure Meat | AG15: 0 | AH15: 0 | AI15: 0 | AK15: 0 | AL15: 0 | AM15: 32Fresh Pork, Kasim | AN15: 390 | AO15: 0 | AP15: 380 | AR15: 375 | AS15: 0 | AT15: 32Fresh Pork, Liempo | AU15: 390 | AV15: 0 | AW15: 380 | AY15: 375 | AZ15: 0 | BA15: 32Fresh Pork, Meat with Bones | BB15: 380 | BC15: 0 | BD15: 370 | BF15: 365 | BG15: 0 | BH15: 32Dressed Chicken | BI15: 225 | BJ15: 0 | BK15: 232.5 | BM15: 227.5 | BN15: 0 | BO15: 32Chicken egg, med. (piece) | BP15: 0 | BQ15: 0 | BR15: 0 | BT15: 0 | BU15: 0 | BW15: 32Bangus | BX15: 202.5 | BY15: 0 | BZ15: 195 | CB15: 205 | CC15: 0 | CD15: 32Galunggong | CE15: 205 | CF15: 0 | CG15: 205 | CI15: 210 | CJ15: 0 | CK15: 32Tilapia | CL15: 165 | CM15: 0 | CN15: 165 | CP15: 165 | CQ15: 0 | CS15: 32Ampalaya | CT15: 85 | CU15: 0 | CV15: 70 | CX15: 80 | CY15: 0 | CZ15: 32Cabbage | DA15: 90 | DB15: 0 | DC15: 90 | DE15: 62.5 | DF15: 0 | DG15: 32Carrot | DH15: 85 | DI15: 0 | DJ15: 90 | DL15: 120 | DM15: 0 | DN15: 32Eggplant | DO15: 45 | DP15: 0 | DQ15: 35 | DS15: 42.5 | DT15: 0 | DU15: 32Baguio Beans | DV15: 100 | DW15: 0 | DX15: 100 | DZ15: 105 | EA15: 0 | EB15: 32Pechay, Native | EC15: 35 | ED15: 0 | EE15: 30 | EG15: 35 | EH15: 0 | EI15: 32String Beans | EJ15: 57.5 | EK15: 0 | EL15: 50 | EN15: 52.5 | EO15: 0 | EP15: 32Tomato | EQ15: 45 | ER15: 0 | ES15: 60 | EU15: 70 | EV15: 0 | EW15: 32White Potato | EX15: 75 | EY15: 0 | EZ15: 70 | FB15: 75 | FC15: 0 | FE15: 32Onion, Red | FF15: 135 | FG15: 0 | FH15: 145 | FJ15: 150 | FK15: 0 | FL15: 32Garlic, Native | FM15: 0 | FN15: 0 | FO15: 0 | FQ15: 0 | FR15: 0 | FS15: 32Garlic, Imported | FT15: 142.5 | FU15: 0 | FV15: 145 | FX15: 150 | FY15: 0 | FZ15: 32Ginger, Hawaiian | GA15: 160 | GB15: 0 | GC15: 152.5 | GE15: 150 | GF15: 0 | GH15: 32Banana, Lakatan | GI15: 0 | GJ15: 0 | GK15: 0 | GM15: 0 | GN15: 0 | GO15: 32Banana, Latundan | GP15: 33 | GQ15: 0 | GR15: 31.5 | GT15: 31.5 | GU15: 0 | GV15: 32Calamansi | GW15: 72.5 | GX15: 0 | GY15: 62.5 | HA15: 62.5 | HB15: 0 | HC15: 32Mango, Carabao | HD15: 0 | HE15: 0 | HF15: 0 | HH15: 0 | HI15: 0 | HJ15: 32Papaya | HK15: 0 | HL15: 0 | HM15: 0 | HO15: 0 | HP15: 0 | HR15: 32Cooking oil | HS15: 0 | HT15: 0 | HU15: 0 | HW15: 0 | HX15: 0 | HY15: 32Brown Sugar | HZ15: 69 | IA15: 0 | IB15: 67.5 | ID15: 68.5 | IE15: 0 | IF15: 32Refined Sugar | IG15: 78 | IH15: 0 | II15: 76.5 | IK15: 77.5 | IL15: 0
A16: 44 | B16: Mountain Province | C16: 44Rice, Special | D16: 65.5 | E16: 0 | F16: 63.25 | H16: 69.5 | I16: 0 | J16: 44Rice, Well Milled | K16: 59.5 | L16: 0 | M16: 58.25 | O16: 66.5 | P16: 0 | Q16: 44Rice, Regular Milled | R16: 48 | S16: 0 | T16: 46 | V16: 52.5 | W16: 0 | Y16: 44Fresh Beef, Meat with Bones | Z16: 390 | AA16: 0 | AB16: 370 | AD16: 370 | AE16: 0 | AF16: 44Fresh Beef, Pure Meat | AG16: 0 | AH16: 0 | AI16: 0 | AK16: 0 | AL16: 0 | AM16: 44Fresh Pork, Kasim | AN16: 400 | AO16: 0 | AP16: 400 | AR16: 350 | AS16: 0 | AT16: 44Fresh Pork, Liempo | AU16: 400 | AV16: 0 | AW16: 400 | AY16: 350 | AZ16: 0 | BA16: 44Fresh Pork, Meat with Bones | BB16: 400 | BC16: 0 | BD16: 400 | BF16: 380 | BG16: 0 | BH16: 44Dressed Chicken | BI16: 255 | BJ16: 0 | BK16: 255 | BM16: 240 | BN16: 0 | BO16: 44Chicken egg, med. (piece) | BP16: 11 | BQ16: 0 | BR16: 11 | BT16: 11 | BU16: 0 | BW16: 44Bangus | BX16: 245 | BY16: 0 | BZ16: 245 | CB16: 245 | CC16: 0 | CD16: 44Galunggong | CE16: 225 | CF16: 0 | CG16: 225 | CI16: 225 | CJ16: 0 | CK16: 44Tilapia | CL16: 197.5 | CM16: 0 | CN16: 197.5 | CP16: 197.5 | CQ16: 0 | CS16: 44Ampalaya | CT16: 190 | CU16: 0 | CV16: 190 | CX16: 140 | CY16: 0 | CZ16: 44Cabbage | DA16: 100 | DB16: 0 | DC16: 110 | DE16: 100 | DF16: 0 | DG16: 44Carrot | DH16: 120 | DI16: 0 | DJ16: 120 | DL16: 125 | DM16: 0 | DN16: 44Eggplant | DO16: 120 | DP16: 0 | DQ16: 120 | DS16: 90 | DT16: 0 | DU16: 44Baguio Beans | DV16: 165 | DW16: 0 | DX16: 145 | DZ16: 135 | EA16: 0 | EB16: 44Pechay, Native | EC16: 0 | ED16: 0 | EE16: 0 | EG16: 0 | EH16: 0 | EI16: 44String Beans | EJ16: 120 | EK16: 0 | EL16: 120 | EN16: 110 | EO16: 0 | EP16: 44Tomato | EQ16: 130 | ER16: 0 | ES16: 130 | EU16: 90 | EV16: 0 | EW16: 44White Potato | EX16: 80 | EY16: 0 | EZ16: 80 | FB16: 100 | FC16: 0 | FE16: 44Onion, Red | FF16: 200 | FG16: 0 | FH16: 200 | FJ16: 200 | FK16: 0 | FL16: 44Garlic, Native | FM16: 0 | FN16: 0 | FO16: 0 | FQ16: 0 | FR16: 0 | FS16: 44Garlic, Imported | FT16: 0 | FU16: 0 | FV16: 0 | FX16: 0 | FY16: 0 | FZ16: 44Ginger, Hawaiian | GA16: 200 | GB16: 0 | GC16: 200 | GE16: 200 | GF16: 0 | GH16: 44Banana, Lakatan | GI16: 110 | GJ16: 0 | GK16: 110 | GM16: 120 | GN16: 0 | GO16: 44Banana, Latundan | GP16: 57.5 | GQ16: 0 | GR16: 57.5 | GT16: 57.5 | GU16: 0 | GV16: 44Calamansi | GW16: 180 | GX16: 0 | GY16: 180 | HA16: 180 | HB16: 0 | HC16: 44Mango, Carabao | HD16: 110 | HE16: 0 | HF16: 110 | HH16: 110 | HI16: 0 | HJ16: 44Papaya | HK16: 0 | HL16: 0 | HM16: 0 | HO16: 0 | HP16: 0 | HR16: 44Cooking oil | HS16: 0 | HT16: 0 | HU16: 0 | HW16: 0 | HX16: 0 | HY16: 44Brown Sugar | HZ16: 72.5 | IA16: 0 | IB16: 72.5 | ID16: 72.5 | IE16: 0 | IF16: 44Refined Sugar | IG16: 82.5 | IH16: 0 | II16: 82.5 | IK16: 82.5 | IL16: 0
A17: 1102 | B17: City of Baguio | C17: 1102Rice, Special | D17: 61.44 | E17: 0 | F17: 61.67 | H17: 61.8 | I17: 0 | J17: 1102Rice, Well Milled | K17: 52.53 | L17: 0 | M17: 51.45 | O17: 51.58 | P17: 0 | Q17: 1102Rice, Regular Milled | R17: 45.67 | S17: 0 | T17: 45.58 | V17: 45.67 | W17: 0 | Y17: 1102Fresh Beef, Meat with Bones | Z17: 429.83 | AA17: 0 | AB17: 443.33 | AD17: 443.33 | AE17: 0 | AF17: 1102Fresh Beef, Pure Meat | AG17: 485.67 | AH17: 0 | AI17: 490.67 | AK17: 489.83 | AL17: 0 | AM17: 1102Fresh Pork, Kasim | AN17: 347 | AO17: 0 | AP17: 349.5 | AR17: 349.5 | AS17: 0 | AT17: 1102Fresh Pork, Liempo | AU17: 392.83 | AV17: 0 | AW17: 399.5 | AY17: 400.33 | AZ17: 0 | BA17: 1102Fresh Pork, Meat with Bones | BB17: 360.67 | BC17: 0 | BD17: 362.33 | BF17: 361.67 | BG17: 0 | BH17: 1102Dressed Chicken | BI17: 223 | BJ17: 0 | BK17: 221.33 | BM17: 220.5 | BN17: 0 | BO17: 1102Chicken egg, med. (piece) | BP17: 9.06 | BQ17: 0 | BR17: 9.15 | BT17: 9.13 | BU17: 0 | BW17: 1102Bangus | BX17: 222.5 | BY17: 0 | BZ17: 236.67 | CB17: 225.83 | CC17: 0 | CD17: 1102Galunggong | CE17: 301.5 | CF17: 0 | CG17: 314.83 | CI17: 314.83 | CJ17: 0 | CK17: 1102Tilapia | CL17: 167.17 | CM17: 0 | CN17: 163.17 | CP17: 158.17 | CQ17: 0 | CS17: 1102Ampalaya | CT17: 142.92 | CU17: 0 | CV17: 113.13 | CX17: 118.13 | CY17: 0 | CZ17: 1102Cabbage | DA17: 94.83 | DB17: 0 | DC17: 98.58 | DE17: 93.63 | DF17: 0 | DG17: 1102Carrot | DH17: 101.71 | DI17: 0 | DJ17: 138.46 | DL17: 141.17 | DM17: 0 | DN17: 1102Eggplant | DO17: 103.71 | DP17: 0 | DQ17: 91.46 | DS17: 97.92 | DT17: 0 | DU17: 1102Baguio Beans | DV17: 129.71 | DW17: 0 | DX17: 135.21 | DZ17: 131.13 | EA17: 0 | EB17: 1102Pechay, Native | EC17: 0 | ED17: 0 | EE17: 0 | EG17: 0 | EH17: 0 | EI17: 1102String Beans | EJ17: 122.63 | EK17: 0 | EL17: 109.71 | EN17: 109.92 | EO17: 0 | EP17: 1102Tomato | EQ17: 74.1 | ER17: 0 | ES17: 91.4 | EU17: 91.4 | EV17: 0 | EW17: 1102White Potato | EX17: 93.54 | EY17: 0 | EZ17: 100.42 | FB17: 93.29 | FC17: 0 | FE17: 1102Onion, Red | FF17: 164 | FG17: 0 | FH17: 166.17 | FJ17: 161.17 | FK17: 0 | FL17: 1102Garlic, Native | FM17: 205.5 | FN17: 0 | FO17: 210.83 | FQ17: 190 | FR17: 0 | FS17: 1102Garlic, Imported | FT17: 0 | FU17: 0 | FV17: 0 | FX17: 0 | FY17: 0 | FZ17: 1102Ginger, Hawaiian | GA17: 168.1 | GB17: 0 | GC17: 177.1 | GE17: 170.6 | GF17: 0 | GH17: 1102Banana, Lakatan | GI17: 129.17 | GJ17: 0 | GK17: 130.5 | GM17: 127.17 | GN17: 0 | GO17: 1102Banana, Latundan | GP17: 0 | GQ17: 0 | GR17: 0 | GT17: 0 | GU17: 0 | GV17: 1102Calamansi | GW17: 97.4 | GX17: 0 | GY17: 94.4 | HA17: 94.4 | HB17: 0 | HC17: 1102Mango, Carabao | HD17: 0 | HE17: 0 | HF17: 0 | HH17: 0 | HI17: 0 | HJ17: 1102Papaya | HK17: 80.5 | HL17: 0 | HM17: 78 | HO17: 78 | HP17: 0 | HR17: 1102Cooking oil | HS17: 0 | HT17: 0 | HU17: 0 | HW17: 0 | HX17: 0 | HY17: 1102Brown Sugar | HZ17: 72.38 | IA17: 0 | IB17: 72.38 | ID17: 71.25 | IE17: 0 | IF17: 1102Refined Sugar | IG17: 80.83 | IH17: 0 | II17: 80.83 | IK17: 80.25 | IL17: 0
A18: R1 | B18: I - Ilocos Region | C18: R1Rice, Special | D18: 52.44 | E18: 0 | F18: 51.47 | H18: 51.47 | I18: 0 | J18: R1Rice, Well Milled | K18: 40.51 | L18: 0 | M18: 40.36 | O18: 40.48 | P18: 0 | Q18: R1Rice, Regular Milled | R18: 35.42 | S18: 0 | T18: 35.67 | V18: 35.78 | W18: 0 | Y18: R1Fresh Beef, Meat with Bones | Z18: 352.38 | AA18: 0 | AB18: 354.75 | AD18: 352.25 | AE18: 0 | AF18: R1Fresh Beef, Pure Meat | AG18: 416.17 | AH18: 0 | AI18: 421.33 | AK18: 421.33 | AL18: 0 | AM18: R1Fresh Pork, Kasim | AN18: 359.38 | AO18: 0 | AP18: 349.75 | AR18: 347.25 | AS18: 0 | AT18: R1Fresh Pork, Liempo | AU18: 372.75 | AV18: 0 | AW18: 363.38 | AY18: 363.38 | AZ18: 0 | BA18: R1Fresh Pork, Meat with Bones | BB18: 323.75 | BC18: 0 | BD18: 326.88 | BF18: 324.38 | BG18: 0 | BH18: R1Dressed Chicken | BI18: 233.13 | BJ18: 0 | BK18: 242.5 | BM18: 241.25 | BN18: 0 | BO18: R1Chicken egg, med. (piece) | BP18: 8.56 | BQ18: 0 | BR18: 8.69 | BT18: 8.69 | BU18: 0 | BW18: R1Bangus | BX18: 230 | BY18: 0 | BZ18: 241.25 | CB18: 239.38 | CC18: 0 | CD18: R1Galunggong | CE18: 272.5 | CF18: 0 | CG18: 261.25 | CI18: 280 | CJ18: 0 | CK18: R1Tilapia | CL18: 157.5 | CM18: 0 | CN18: 159.38 | CP18: 153.75 | CQ18: 0 | CS18: R1Ampalaya | CT18: 117.5 | CU18: 0 | CV18: 82.75 | CX18: 86.5 | CY18: 0 | CZ18: R1Cabbage | DA18: 121.25 | DB18: 0 | DC18: 86.63 | DE18: 79.13 | DF18: 0 | DG18: R1Carrot | DH18: 228.88 | DI18: 0 | DJ18: 211.5 | DL18: 221.5 | DM18: 0 | DN18: R1Eggplant | DO18: 112.5 | DP18: 0 | DQ18: 83.63 | DS18: 76.63 | DT18: 0 | DU18: R1Baguio Beans | DV18: 195 | DW18: 0 | DX18: 165 | DZ18: 137.5 | EA18: 0 | EB18: R1Pechay, Native | EC18: 89.65 | ED18: 0 | EE18: 101.65 | EG18: 101.65 | EH18: 0 | EI18: R1String Beans | EJ18: 106.67 | EK18: 0 | EL18: 85.5 | EN18: 92.17 | EO18: 0 | EP18: R1Tomato | EQ18: 63.13 | ER18: 0 | ES18: 91.25 | EU18: 97.38 | EV18: 0 | EW18: R1White Potato | EX18: 104.5 | EY18: 0 | EZ18: 94.38 | FB18: 93.13 | FC18: 0 | FE18: R1Onion, Red | FF18: 160.83 | FG18: 0 | FH18: 161 | FJ18: 157.67 | FK18: 0 | FL18: R1Garlic, Native | FM18: 243.33 | FN18: 0 | FO18: 249.17 | FQ18: 249.17 | FR18: 0 | FS18: R1Garlic, Imported | FT18: 150 | FU18: 0 | FV18: 150 | FX18: 145 | FY18: 0 | FZ18: R1Ginger, Hawaiian | GA18: 172.5 | GB18: 0 | GC18: 149.38 | GE18: 149.38 | GF18: 0 | GH18: R1Banana, Lakatan | GI18: 86.67 | GJ18: 0 | GK18: 85.83 | GM18: 84.17 | GN18: 0 | GO18: R1Banana, Latundan | GP18: 69.17 | GQ18: 0 | GR18: 67.17 | GT18: 67.17 | GU18: 0 | GV18: R1Calamansi | GW18: 71.25 | GX18: 0 | GY18: 68.75 | HA18: 70 | HB18: 0 | HC18: R1Mango, Carabao | HD18: 165 | HE18: 0 | HF18: 170 | HH18: 160 | HI18: 0 | HJ18: R1Papaya | HK18: 72.5 | HL18: 0 | HM18: 72.38 | HO18: 62.38 | HP18: 0 | HR18: R1Cooking oil | HS18: 112.68 | HT18: 0 | HU18: 112.68 | HW18: 112.68 | HX18: 0 | HY18: R1Brown Sugar | HZ18: 77.98 | IA18: 0 | IB18: 77.51 | ID18: 77.51 | IE18: 0 | IF18: R1Refined Sugar | IG18: 84.5 | IH18: 0 | II18: 84.5 | IK18: 84.5 | IL18: 0
A19: 28 | B19: Ilocos Norte | C19: 28Rice, Special | D19: 47.25 | E19: 0 | F19: 47.25 | H19: 47.25 | I19: 0 | J19: 28Rice, Well Milled | K19: 37.54 | L19: 0 | M19: 37.71 | O19: 37.71 | P19: 0 | Q19: 28Rice, Regular Milled | R19: 34 | S19: 0 | T19: 34 | V19: 34 | W19: 0 | Y19: 28Fresh Beef, Meat with Bones | Z19: 352.5 | AA19: 0 | AB19: 352.5 | AD19: 352.5 | AE19: 0 | AF19: 28Fresh Beef, Pure Meat | AG19: 426 | AH19: 0 | AI19: 426 | AK19: 426 | AL19: 0 | AM19: 28Fresh Pork, Kasim | AN19: 350 | AO19: 0 | AP19: 350 | AR19: 350 | AS19: 0 | AT19: 28Fresh Pork, Liempo | AU19: 360 | AV19: 0 | AW19: 360 | AY19: 360 | AZ19: 0 | BA19: 28Fresh Pork, Meat with Bones | BB19: 300 | BC19: 0 | BD19: 300 | BF19: 300 | BG19: 0 | BH19: 28Dressed Chicken | BI19: 235 | BJ19: 0 | BK19: 240 | BM19: 240 | BN19: 0 | BO19: 28Chicken egg, med. (piece) | BP19: 9.25 | BQ19: 0 | BR19: 9.25 | BT19: 9.25 | BU19: 0 | BW19: 28Bangus | BX19: 225 | BY19: 0 | BZ19: 225 | CB19: 225 | CC19: 0 | CD19: 28Galunggong | CE19: 245 | CF19: 0 | CG19: 250 | CI19: 250 | CJ19: 0 | CK19: 28Tilapia | CL19: 160 | CM19: 0 | CN19: 160 | CP19: 160 | CQ19: 0 | CS19: 28Ampalaya | CT19: 0 | CU19: 0 | CV19: 0 | CX19: 0 | CY19: 0 | CZ19: 28Cabbage | DA19: 100 | DB19: 0 | DC19: 90 | DE19: 80 | DF19: 0 | DG19: 28Carrot | DH19: 190 | DI19: 0 | DJ19: 245 | DL19: 280 | DM19: 0 | DN19: 28Eggplant | DO19: 110 | DP19: 0 | DQ19: 95 | DS19: 80 | DT19: 0 | DU19: 28Baguio Beans | DV19: 0 | DW19: 0 | DX19: 0 | DZ19: 0 | EA19: 0 | EB19: 28Pechay, Native | EC19: 0 | ED19: 0 | EE19: 0 | EG19: 0 | EH19: 0 | EI19: 28String Beans | EJ19: 0 | EK19: 0 | EL19: 0 | EN19: 0 | EO19: 0 | EP19: 28Tomato | EQ19: 42.5 | ER19: 0 | ES19: 60 | EU19: 70 | EV19: 0 | EW19: 28White Potato | EX19: 100 | EY19: 0 | EZ19: 100 | FB19: 100 | FC19: 0 | FE19: 28Onion, Red | FF19: 165 | FG19: 0 | FH19: 170 | FJ19: 160 | FK19: 0 | FL19: 28Garlic, Native | FM19: 0 | FN19: 0 | FO19: 0 | FQ19: 0 | FR19: 0 | FS19: 28Garlic, Imported | FT19: 150 | FU19: 0 | FV19: 150 | FX19: 145 | FY19: 0 | FZ19: 28Ginger, Hawaiian | GA19: 160 | GB19: 0 | GC19: 155 | GE19: 155 | GF19: 0 | GH19: 28Banana, Lakatan | GI19: 100 | GJ19: 0 | GK19: 100 | GM19: 95 | GN19: 0 | GO19: 28Banana, Latundan | GP19: 62.5 | GQ19: 0 | GR19: 62.5 | GT19: 62.5 | GU19: 0 | GV19: 28Calamansi | GW19: 60 | GX19: 0 | GY19: 60 | HA19: 60 | HB19: 0 | HC19: 28Mango, Carabao | HD19: 0 | HE19: 0 | HF19: 0 | HH19: 0 | HI19: 0 | HJ19: 28Papaya | HK19: 70 | HL19: 0 | HM19: 70 | HO19: 75 | HP19: 0 | HR19: 28Cooking oil | HS19: 0 | HT19: 0 | HU19: 0 | HW19: 0 | HX19: 0 | HY19: 28Brown Sugar | HZ19: 80 | IA19: 0 | IB19: 80 | ID19: 80 | IE19: 0 | IF19: 28Refined Sugar | IG19: 90.5 | IH19: 0 | II19: 90.5 | IK19: 90.5 | IL19: 0
A20: 29 | B20: Ilocos Sur | C20: 29Rice, Special | D20: 50.5 | E20: 0 | F20: 48.25 | H20: 48.25 | I20: 0 | J20: 29Rice, Well Milled | K20: 39 | L20: 0 | M20: 38.5 | O20: 38.5 | P20: 0 | Q20: 29Rice, Regular Milled | R20: 30.5 | S20: 0 | T20: 35 | V20: 35 | W20: 0 | Y20: 29Fresh Beef, Meat with Bones | Z20: 300 | AA20: 0 | AB20: 300 | AD20: 300 | AE20: 0 | AF20: 29Fresh Beef, Pure Meat | AG20: 400 | AH20: 0 | AI20: 400 | AK20: 400 | AL20: 0 | AM20: 29Fresh Pork, Kasim | AN20: 360 | AO20: 0 | AP20: 320 | AR20: 320 | AS20: 0 | AT20: 29Fresh Pork, Liempo | AU20: 360 | AV20: 0 | AW20: 320 | AY20: 320 | AZ20: 0 | BA20: 29Fresh Pork, Meat with Bones | BB20: 295 | BC20: 0 | BD20: 300 | BF20: 300 | BG20: 0 | BH20: 29Dressed Chicken | BI20: 240 | BJ20: 0 | BK20: 270 | BM20: 270 | BN20: 0 | BO20: 29Chicken egg, med. (piece) | BP20: 8 | BQ20: 0 | BR20: 8.5 | BT20: 8.5 | BU20: 0 | BW20: 29Bangus | BX20: 280 | BY20: 0 | BZ20: 280 | CB20: 280 | CC20: 0 | CD20: 29Galunggong | CE20: 280 | CF20: 0 | CG20: 280 | CI20: 300 | CJ20: 0 | CK20: 29Tilapia | CL20: 180 | CM20: 0 | CN20: 180 | CP20: 160 | CQ20: 0 | CS20: 29Ampalaya | CT20: 120 | CU20: 0 | CV20: 80 | CX20: 70 | CY20: 0 | CZ20: 29Cabbage | DA20: 170 | DB20: 0 | DC20: 90 | DE20: 70 | DF20: 0 | DG20: 29Carrot | DH20: 450 | DI20: 0 | DJ20: 220 | DL20: 240 | DM20: 0 | DN20: 29Eggplant | DO20: 100 | DP20: 0 | DQ20: 70 | DS20: 75 | DT20: 0 | DU20: 29Baguio Beans | DV20: 250 | DW20: 0 | DX20: 205 | DZ20: 150 | EA20: 0 | EB20: 29Pechay, Native | EC20: 0 | ED20: 0 | EE20: 0 | EG20: 0 | EH20: 0 | EI20: 29String Beans | EJ20: 120 | EK20: 0 | EL20: 75 | EN20: 100 | EO20: 0 | EP20: 29Tomato | EQ20: 80 | ER20: 0 | ES20: 75 | EU20: 100 | EV20: 0 | EW20: 29White Potato | EX20: 100 | EY20: 0 | EZ20: 95 | FB20: 100 | FC20: 0 | FE20: 29Onion, Red | FF20: 160 | FG20: 0 | FH20: 150 | FJ20: 150 | FK20: 0 | FL20: 29Garlic, Native | FM20: 250 | FN20: 0 | FO20: 250 | FQ20: 250 | FR20: 0 | FS20: 29Garlic, Imported | FT20: 0 | FU20: 0 | FV20: 0 | FX20: 0 | FY20: 0 | FZ20: 29Ginger, Hawaiian | GA20: 170 | GB20: 0 | GC20: 140 | GE20: 140 | GF20: 0 | GH20: 29Banana, Lakatan | GI20: 0 | GJ20: 0 | GK20: 0 | GM20: 0 | GN20: 0 | GO20: 29Banana, Latundan | GP20: 80 | GQ20: 0 | GR20: 80 | GT20: 80 | GU20: 0 | GV20: 29Calamansi | GW20: 75 | GX20: 0 | GY20: 75 | HA20: 80 | HB20: 0 | HC20: 29Mango, Carabao | HD20: 0 | HE20: 0 | HF20: 0 | HH20: 0 | HI20: 0 | HJ20: 29Papaya | HK20: 100 | HL20: 0 | HM20: 100 | HO20: 55 | HP20: 0 | HR20: 29Cooking oil | HS20: 0 | HT20: 0 | HU20: 0 | HW20: 0 | HX20: 0 | HY20: 29Brown Sugar | HZ20: 79.93 | IA20: 0 | IB20: 78.28 | ID20: 78.28 | IE20: 0 | IF20: 29Refined Sugar | IG20: 0 | IH20: 0 | II20: 0 | IK20: 0 | IL20: 0
A21: 33 | B21: La Union | C21: 33Rice, Special | D21: 58 | E21: 0 | F21: 58 | H21: 58 | I21: 0 | J21: 33Rice, Well Milled | K21: 40 | L21: 0 | M21: 40 | O21: 40 | P21: 0 | Q21: 33Rice, Regular Milled | R21: 35.23 | S21: 0 | T21: 34.78 | V21: 35.23 | W21: 0 | Y21: 33Fresh Beef, Meat with Bones | Z21: 375 | AA21: 0 | AB21: 380 | AD21: 370 | AE21: 0 | AF21: 33Fresh Beef, Pure Meat | AG21: 0 | AH21: 0 | AI21: 0 | AK21: 0 | AL21: 0 | AM21: 33Fresh Pork, Kasim | AN21: 355 | AO21: 0 | AP21: 355 | AR21: 345 | AS21: 0 | AT21: 33Fresh Pork, Liempo | AU21: 360 | AV21: 0 | AW21: 360 | AY21: 360 | AZ21: 0 | BA21: 33Fresh Pork, Meat with Bones | BB21: 350 | BC21: 0 | BD21: 350 | BF21: 340 | BG21: 0 | BH21: 33Dressed Chicken | BI21: 250 | BJ21: 0 | BK21: 245 | BM21: 240 | BN21: 0 | BO21: 33Chicken egg, med. (piece) | BP21: 8.5 | BQ21: 0 | BR21: 8.5 | BT21: 8.5 | BU21: 0 | BW21: 33Bangus | BX21: 215 | BY21: 0 | BZ21: 210 | CB21: 210 | CC21: 0 | CD21: 33Galunggong | CE21: 270 | CF21: 0 | CG21: 220 | CI21: 240 | CJ21: 0 | CK21: 33Tilapia | CL21: 140 | CM21: 0 | CN21: 140 | CP21: 140 | CQ21: 0 | CS21: 33Ampalaya | CT21: 0 | CU21: 0 | CV21: 0 | CX21: 0 | CY21: 0 | CZ21: 33Cabbage | DA21: 105 | DB21: 0 | DC21: 80 | DE21: 80 | DF21: 0 | DG21: 33Carrot | DH21: 150 | DI21: 0 | DJ21: 165 | DL21: 150 | DM21: 0 | DN21: 33Eggplant | DO21: 160 | DP21: 0 | DQ21: 120 | DS21: 80 | DT21: 0 | DU21: 33Baguio Beans | DV21: 140 | DW21: 0 | DX21: 125 | DZ21: 125 | EA21: 0 | EB21: 33Pechay, Native | EC21: 114.29 | ED21: 0 | EE21: 114.29 | EG21: 114.29 | EH21: 0 | EI21: 33String Beans | EJ21: 90 | EK21: 0 | EL21: 90 | EN21: 90 | EO21: 0 | EP21: 33Tomato | EQ21: 80 | ER21: 0 | ES21: 100 | EU21: 100 | EV21: 0 | EW21: 33White Potato | EX21: 80 | EY21: 0 | EZ21: 90 | FB21: 90 | FC21: 0 | FE21: 33Onion, Red | FF21: 0 | FG21: 0 | FH21: 0 | FJ21: 0 | FK21: 0 | FL21: 33Garlic, Native | FM21: 250 | FN21: 0 | FO21: 250 | FQ21: 250 | FR21: 0 | FS21: 33Garlic, Imported | FT21: 0 | FU21: 0 | FV21: 0 | FX21: 0 | FY21: 0 | FZ21: 33Ginger, Hawaiian | GA21: 160 | GB21: 0 | GC21: 160 | GE21: 160 | GF21: 0 | GH21: 33Banana, Lakatan | GI21: 80 | GJ21: 0 | GK21: 80 | GM21: 80 | GN21: 0 | GO21: 33Banana, Latundan | GP21: 0 | GQ21: 0 | GR21: 0 | GT21: 0 | GU21: 0 | GV21: 33Calamansi | GW21: 80 | GX21: 0 | GY21: 80 | HA21: 80 | HB21: 0 | HC21: 33Mango, Carabao | HD21: 165 | HE21: 0 | HF21: 170 | HH21: 160 | HI21: 0 | HJ21: 33Papaya | HK21: 55 | HL21: 0 | HM21: 55 | HO21: 55 | HP21: 0 | HR21: 33Cooking oil | HS21: 0 | HT21: 0 | HU21: 0 | HW21: 0 | HX21: 0 | HY21: 33Brown Sugar | HZ21: 83 | IA21: 0 | IB21: 83 | ID21: 83 | IE21: 0 | IF21: 33Refined Sugar | IG21: 0 | IH21: 0 | II21: 0 | IK21: 0 | IL21: 0
A22: 55 | B22: Pangasinan | C22: 55Rice, Special | D22: 54 | E22: 0 | F22: 52.38 | H22: 52.38 | I22: 0 | J22: 55Rice, Well Milled | K22: 45.5 | L22: 0 | M22: 45.21 | O22: 45.71 | P22: 0 | Q22: 55Rice, Regular Milled | R22: 41.94 | S22: 0 | T22: 38.9 | V22: 38.9 | W22: 0 | Y22: 55Fresh Beef, Meat with Bones | Z22: 382 | AA22: 0 | AB22: 386.5 | AD22: 386.5 | AE22: 0 | AF22: 55Fresh Beef, Pure Meat | AG22: 422.5 | AH22: 0 | AI22: 438 | AK22: 438 | AL22: 0 | AM22: 55Fresh Pork, Kasim | AN22: 372.5 | AO22: 0 | AP22: 374 | AR22: 374 | AS22: 0 | AT22: 55Fresh Pork, Liempo | AU22: 411 | AV22: 0 | AW22: 413.5 | AY22: 413.5 | AZ22: 0 | BA22: 55Fresh Pork, Meat with Bones | BB22: 350 | BC22: 0 | BD22: 357.5 | BF22: 357.5 | BG22: 0 | BH22: 55Dressed Chicken | BI22: 207.5 | BJ22: 0 | BK22: 215 | BM22: 215 | BN22: 0 | BO22: 55Chicken egg, med. (piece) | BP22: 8.5 | BQ22: 0 | BR22: 8.5 | BT22: 8.5 | BU22: 0 | BW22: 55Bangus | BX22: 200 | BY22: 0 | BZ22: 250 | CB22: 242.5 | CC22: 0 | CD22: 55Galunggong | CE22: 295 | CF22: 0 | CG22: 295 | CI22: 330 | CJ22: 0 | CK22: 55Tilapia | CL22: 150 | CM22: 0 | CN22: 157.5 | CP22: 155 | CQ22: 0 | CS22: 55Ampalaya | CT22: 115 | CU22: 0 | CV22: 85.5 | CX22: 103 | CY22: 0 | CZ22: 55Cabbage | DA22: 110 | DB22: 0 | DC22: 86.5 | DE22: 86.5 | DF22: 0 | DG22: 55Carrot | DH22: 125.5 | DI22: 0 | DJ22: 216 | DL22: 216 | DM22: 0 | DN22: 55Eggplant | DO22: 80 | DP22: 0 | DQ22: 49.5 | DS22: 71.5 | DT22: 0 | DU22: 55Baguio Beans | DV22: 0 | DW22: 0 | DX22: 0 | DZ22: 0 | EA22: 0 | EB22: 55Pechay, Native | EC22: 65 | ED22: 0 | EE22: 89 | EG22: 89 | EH22: 0 | EI22: 55String Beans | EJ22: 110 | EK22: 0 | EL22: 91.5 | EN22: 86.5 | EO22: 0 | EP22: 55Tomato | EQ22: 50 | ER22: 0 | ES22: 130 | EU22: 119.5 | EV22: 0 | EW22: 55White Potato | EX22: 138 | EY22: 0 | EZ22: 92.5 | FB22: 82.5 | FC22: 0 | FE22: 55Onion, Red | FF22: 157.5 | FG22: 0 | FH22: 163 | FJ22: 163 | FK22: 0 | FL22: 55Garlic, Native | FM22: 230 | FN22: 0 | FO22: 247.5 | FQ22: 247.5 | FR22: 0 | FS22: 55Garlic, Imported | FT22: 0 | FU22: 0 | FV22: 0 | FX22: 0 | FY22: 0 | FZ22: 55Ginger, Hawaiian | GA22: 200 | GB22: 0 | GC22: 142.5 | GE22: 142.5 | GF22: 0 | GH22: 55Banana, Lakatan | GI22: 80 | GJ22: 0 | GK22: 77.5 | GM22: 77.5 | GN22: 0 | GO22: 55Banana, Latundan | GP22: 65 | GQ22: 0 | GR22: 59 | GT22: 59 | GU22: 0 | GV22: 55Calamansi | GW22: 70 | GX22: 0 | GY22: 60 | HA22: 60 | HB22: 0 | HC22: 55Mango, Carabao | HD22: 0 | HE22: 0 | HF22: 0 | HH22: 0 | HI22: 0 | HJ22: 55Papaya | HK22: 65 | HL22: 0 | HM22: 64.5 | HO22: 64.5 | HP22: 0 | HR22: 55Cooking oil | HS22: 112.68 | HT22: 0 | HU22: 112.68 | HW22: 112.68 | HX22: 0 | HY22: 55Brown Sugar | HZ22: 69 | IA22: 0 | IB22: 68.75 | ID22: 68.75 | IE22: 0 | IF22: 55Refined Sugar | IG22: 78.5 | IH22: 0 | II22: 78.5 | IK22: 78.5 | IL22: 0
A23: R2 | B23: II - Cagayan Valley | C23: R2Rice, Special | D23: 52.32 | E23: 0 | F23: 52.79 | H23: 52.79 | I23: 0 | J23: R2Rice, Well Milled | K23: 40.49 | L23: 0 | M23: 39.24 | O23: 39.13 | P23: 0 | Q23: R2Rice, Regular Milled | R23: 31.06 | S23: 0 | T23: 32.22 | V23: 31.91 | W23: 0 | Y23: R2Fresh Beef, Meat with Bones | Z23: 354.5 | AA23: 0 | AB23: 353.5 | AD23: 353.5 | AE23: 0 | AF23: R2Fresh Beef, Pure Meat | AG23: 425 | AH23: 0 | AI23: 430 | AK23: 430 | AL23: 0 | AM23: R2Fresh Pork, Kasim | AN23: 383 | AO23: 0 | AP23: 382 | AR23: 382 | AS23: 0 | AT23: R2Fresh Pork, Liempo | AU23: 385 | AV23: 0 | AW23: 383 | AY23: 383 | AZ23: 0 | BA23: R2Fresh Pork, Meat with Bones | BB23: 370 | BC23: 0 | BD23: 369 | BF23: 369 | BG23: 0 | BH23: R2Dressed Chicken | BI23: 232.5 | BJ23: 0 | BK23: 233.5 | BM23: 233.5 | BN23: 0 | BO23: R2Chicken egg, med. (piece) | BP23: 10.23 | BQ23: 0 | BR23: 10.3 | BT23: 10.3 | BU23: 0 | BW23: R2Bangus | BX23: 268 | BY23: 0 | BZ23: 271.5 | CB23: 271.5 | CC23: 0 | CD23: R2Galunggong | CE23: 270 | CF23: 0 | CG23: 265 | CI23: 265 | CJ23: 0 | CK23: R2Tilapia | CL23: 171.25 | CM23: 0 | CN23: 171.25 | CP23: 171.25 | CQ23: 0 | CS23: R2Ampalaya | CT23: 136.25 | CU23: 0 | CV23: 116.25 | CX23: 116.25 | CY23: 0 | CZ23: R2Cabbage | DA23: 138.5 | DB23: 0 | DC23: 119.5 | DE23: 119.5 | DF23: 0 | DG23: R2Carrot | DH23: 178.75 | DI23: 0 | DJ23: 185 | DL23: 185 | DM23: 0 | DN23: R2Eggplant | DO23: 114 | DP23: 0 | DQ23: 79.5 | DS23: 79.5 | DT23: 0 | DU23: R2Baguio Beans | DV23: 115 | DW23: 0 | DX23: 110 | DZ23: 110 | EA23: 0 | EB23: R2Pechay, Native | EC23: 93.75 | ED23: 0 | EE23: 93.75 | EG23: 93.75 | EH23: 0 | EI23: R2String Beans | EJ23: 104.06 | EK23: 0 | EL23: 96.25 | EN23: 96.25 | EO23: 0 | EP23: R2Tomato | EQ23: 81.25 | ER23: 0 | ES23: 100 | EU23: 100 | EV23: 0 | EW23: R2White Potato | EX23: 111 | EY23: 0 | EZ23: 112.5 | FB23: 112.5 | FC23: 0 | FE23: R2Onion, Red | FF23: 173.5 | FG23: 0 | FH23: 177.5 | FJ23: 177.5 | FK23: 0 | FL23: R2Garlic, Native | FM23: 172.5 | FN23: 0 | FO23: 172.5 | FQ23: 172.5 | FR23: 0 | FS23: R2Garlic, Imported | FT23: 157.5 | FU23: 0 | FV23: 157.5 | FX23: 157.5 | FY23: 0 | FZ23: R2Ginger, Hawaiian | GA23: 188 | GB23: 0 | GC23: 187 | GE23: 187 | GF23: 0 | GH23: R2Banana, Lakatan | GI23: 81.25 | GJ23: 0 | GK23: 74.38 | GM23: 74.38 | GN23: 0 | GO23: R2Banana, Latundan | GP23: 72.5 | GQ23: 0 | GR23: 51.25 | GT23: 51.25 | GU23: 0 | GV23: R2Calamansi | GW23: 123.75 | GX23: 0 | GY23: 115 | HA23: 115 | HB23: 0 | HC23: R2Mango, Carabao | HD23: 132.5 | HE23: 0 | HF23: 160 | HH23: 160 | HI23: 0 | HJ23: R2Papaya | HK23: 50 | HL23: 0 | HM23: 48.33 | HO23: 48.33 | HP23: 0 | HR23: R2Cooking oil | HS23: 178.15 | HT23: 0 | HU23: 178.15 | HW23: 178.15 | HX23: 0 | HY23: R2Brown Sugar | HZ23: 77.65 | IA23: 0 | IB23: 77.65 | ID23: 77.65 | IE23: 0 | IF23: R2Refined Sugar | IG23: 85 | IH23: 0 | II23: 84.63 | IK23: 84.63 | IL23: 0
A24: 9 | B24: Batanes | C24: 9Rice, Special | D24: 71 | E24: 0 | F24: 71 | H24: 71 | I24: 0 | J24: 9Rice, Well Milled | K24: 56.84 | L24: 0 | M24: 54 | O24: 54 | P24: 0 | Q24: 9Rice, Regular Milled | R24: 0 | S24: 0 | T24: 0 | V24: 0 | W24: 0 | Y24: 9Fresh Beef, Meat with Bones | Z24: 280 | AA24: 0 | AB24: 280 | AD24: 280 | AE24: 0 | AF24: 9Fresh Beef, Pure Meat | AG24: 0 | AH24: 0 | AI24: 0 | AK24: 0 | AL24: 0 | AM24: 9Fresh Pork, Kasim | AN24: 400 | AO24: 0 | AP24: 400 | AR24: 400 | AS24: 0 | AT24: 9Fresh Pork, Liempo | AU24: 400 | AV24: 0 | AW24: 400 | AY24: 400 | AZ24: 0 | BA24: 9Fresh Pork, Meat with Bones | BB24: 400 | BC24: 0 | BD24: 400 | BF24: 400 | BG24: 0 | BH24: 9Dressed Chicken | BI24: 270 | BJ24: 0 | BK24: 270 | BM24: 270 | BN24: 0 | BO24: 9Chicken egg, med. (piece) | BP24: 13 | BQ24: 0 | BR24: 13 | BT24: 13 | BU24: 0 | BW24: 9Bangus | BX24: 305 | BY24: 0 | BZ24: 305 | CB24: 305 | CC24: 0 | CD24: 9Galunggong | CE24: 225 | CF24: 0 | CG24: 200 | CI24: 200 | CJ24: 0 | CK24: 9Tilapia | CL24: 0 | CM24: 0 | CN24: 0 | CP24: 0 | CQ24: 0 | CS24: 9Ampalaya | CT24: 175 | CU24: 0 | CV24: 200 | CX24: 200 | CY24: 0 | CZ24: 9Cabbage | DA24: 170 | DB24: 0 | DC24: 180 | DE24: 180 | DF24: 0 | DG24: 9Carrot | DH24: 0 | DI24: 0 | DJ24: 0 | DL24: 0 | DM24: 0 | DN24: 9Eggplant | DO24: 175 | DP24: 0 | DQ24: 150 | DS24: 150 | DT24: 0 | DU24: 9Baguio Beans | DV24: 0 | DW24: 0 | DX24: 0 | DZ24: 0 | EA24: 0 | EB24: 9Pechay, Native | EC24: 110 | ED24: 0 | EE24: 110 | EG24: 110 | EH24: 0 | EI24: 9String Beans | EJ24: 175 | EK24: 0 | EL24: 165 | EN24: 165 | EO24: 0 | EP24: 9Tomato | EQ24: 140 | ER24: 0 | ES24: 140 | EU24: 140 | EV24: 0 | EW24: 9White Potato | EX24: 190 | EY24: 0 | EZ24: 190 | FB24: 190 | FC24: 0 | FE24: 9Onion, Red | FF24: 225 | FG24: 0 | FH24: 225 | FJ24: 225 | FK24: 0 | FL24: 9Garlic, Native | FM24: 0 | FN24: 0 | FO24: 0 | FQ24: 0 | FR24: 0 | FS24: 9Garlic, Imported | FT24: 0 | FU24: 0 | FV24: 0 | FX24: 0 | FY24: 0 | FZ24: 9Ginger, Hawaiian | GA24: 280 | GB24: 0 | GC24: 280 | GE24: 280 | GF24: 0 | GH24: 9Banana, Lakatan | GI24: 0 | GJ24: 0 | GK24: 0 | GM24: 0 | GN24: 0 | GO24: 9Banana, Latundan | GP24: 85 | GQ24: 0 | GR24: 50 | GT24: 50 | GU24: 0 | GV24: 9Calamansi | GW24: 205 | GX24: 0 | GY24: 205 | HA24: 205 | HB24: 0 | HC24: 9Mango, Carabao | HD24: 195 | HE24: 0 | HF24: 210 | HH24: 210 | HI24: 0 | HJ24: 9Papaya | HK24: 0 | HL24: 0 | HM24: 0 | HO24: 0 | HP24: 0 | HR24: 9Cooking oil | HS24: 0 | HT24: 0 | HU24: 0 | HW24: 0 | HX24: 0 | HY24: 9Brown Sugar | HZ24: 95 | IA24: 0 | IB24: 95 | ID24: 95 | IE24: 0 | IF24: 9Refined Sugar | IG24: 90 | IH24: 0 | II24: 90 | IK24: 90 | IL24: 0
A25: 15 | B25: Cagayan | C25: 15Rice, Special | D25: 46.8 | E25: 0 | F25: 46.67 | H25: 46.67 | I25: 0 | J25: 15Rice, Well Milled | K25: 36.9 | L25: 0 | M25: 37.07 | O25: 37.07 | P25: 0 | Q25: 15Rice, Regular Milled | R25: 30.59 | S25: 0 | T25: 30.59 | V25: 30.59 | W25: 0 | Y25: 15Fresh Beef, Meat with Bones | Z25: 360 | AA25: 0 | AB25: 360 | AD25: 360 | AE25: 0 | AF25: 15Fresh Beef, Pure Meat | AG25: 450 | AH25: 0 | AI25: 450 | AK25: 450 | AL25: 0 | AM25: 15Fresh Pork, Kasim | AN25: 350 | AO25: 0 | AP25: 360 | AR25: 360 | AS25: 0 | AT25: 15Fresh Pork, Liempo | AU25: 370 | AV25: 0 | AW25: 370 | AY25: 370 | AZ25: 0 | BA25: 15Fresh Pork, Meat with Bones | BB25: 340 | BC25: 0 | BD25: 345 | BF25: 345 | BG25: 0 | BH25: 15Dressed Chicken | BI25: 205 | BJ25: 0 | BK25: 210 | BM25: 210 | BN25: 0 | BO25: 15Chicken egg, med. (piece) | BP25: 10 | BQ25: 0 | BR25: 10 | BT25: 10 | BU25: 0 | BW25: 15Bangus | BX25: 220 | BY25: 0 | BZ25: 230 | CB25: 230 | CC25: 0 | CD25: 15Galunggong | CE25: 320 | CF25: 0 | CG25: 320 | CI25: 320 | CJ25: 0 | CK25: 15Tilapia | CL25: 155 | CM25: 0 | CN25: 160 | CP25: 160 | CQ25: 0 | CS25: 15Ampalaya | CT25: 130 | CU25: 0 | CV25: 65 | CX25: 65 | CY25: 0 | CZ25: 15Cabbage | DA25: 105 | DB25: 0 | DC25: 55 | DE25: 55 | DF25: 0 | DG25: 15Carrot | DH25: 155 | DI25: 0 | DJ25: 155 | DL25: 155 | DM25: 0 | DN25: 15Eggplant | DO25: 95 | DP25: 0 | DQ25: 30 | DS25: 30 | DT25: 0 | DU25: 15Baguio Beans | DV25: 0 | DW25: 0 | DX25: 0 | DZ25: 0 | EA25: 0 | EB25: 15Pechay, Native | EC25: 0 | ED25: 0 | EE25: 0 | EG25: 0 | EH25: 0 | EI25: 15String Beans | EJ25: 63.75 | EK25: 0 | EL25: 52.5 | EN25: 52.5 | EO25: 0 | EP25: 15Tomato | EQ25: 40 | ER25: 0 | ES25: 65 | EU25: 65 | EV25: 0 | EW25: 15White Potato | EX25: 70 | EY25: 0 | EZ25: 67.5 | FB25: 67.5 | FC25: 0 | FE25: 15Onion, Red | FF25: 140 | FG25: 0 | FH25: 135 | FJ25: 135 | FK25: 0 | FL25: 15Garlic, Native | FM25: 165 | FN25: 0 | FO25: 165 | FQ25: 165 | FR25: 0 | FS25: 15Garlic, Imported | FT25: 0 | FU25: 0 | FV25: 0 | FX25: 0 | FY25: 0 | FZ25: 15Ginger, Hawaiian | GA25: 135 | GB25: 0 | GC25: 130 | GE25: 130 | GF25: 0 | GH25: 15Banana, Lakatan | GI25: 85 | GJ25: 0 | GK25: 67.5 | GM25: 67.5 | GN25: 0 | GO25: 15Banana, Latundan | GP25: 60 | GQ25: 0 | GR25: 52.5 | GT25: 52.5 | GU25: 0 | GV25: 15Calamansi | GW25: 0 | GX25: 0 | GY25: 0 | HA25: 0 | HB25: 0 | HC25: 15Mango, Carabao | HD25: 0 | HE25: 0 | HF25: 0 | HH25: 0 | HI25: 0 | HJ25: 15Papaya | HK25: 0 | HL25: 0 | HM25: 0 | HO25: 0 | HP25: 0 | HR25: 15Cooking oil | HS25: 146.29 | HT25: 0 | HU25: 146.29 | HW25: 146.29 | HX25: 0 | HY25: 15Brown Sugar | HZ25: 79.76 | IA25: 0 | IB25: 79.76 | ID25: 79.76 | IE25: 0 | IF25: 15Refined Sugar | IG25: 93.5 | IH25: 0 | II25: 92 | IK25: 92 | IL25: 0
A26: 31 | B26: Isabela | C26: 31Rice, Special | D26: 51.8 | E26: 0 | F26: 51.8 | H26: 51.8 | I26: 0 | J26: 31Rice, Well Milled | K26: 39.06 | L26: 0 | M26: 39.06 | O26: 38.5 | P26: 0 | Q26: 31Rice, Regular Milled | R26: 34.89 | S26: 0 | T26: 34.89 | V26: 33.67 | W26: 0 | Y26: 31Fresh Beef, Meat with Bones | Z26: 382.5 | AA26: 0 | AB26: 382.5 | AD26: 382.5 | AE26: 0 | AF26: 31Fresh Beef, Pure Meat | AG26: 0 | AH26: 0 | AI26: 0 | AK26: 0 | AL26: 0 | AM26: 31Fresh Pork, Kasim | AN26: 410 | AO26: 0 | AP26: 405 | AR26: 405 | AS26: 0 | AT26: 31Fresh Pork, Liempo | AU26: 395 | AV26: 0 | AW26: 390 | AY26: 390 | AZ26: 0 | BA26: 31Fresh Pork, Meat with Bones | BB26: 360 | BC26: 0 | BD26: 355 | BF26: 355 | BG26: 0 | BH26: 31Dressed Chicken | BI26: 220 | BJ26: 0 | BK26: 220 | BM26: 220 | BN26: 0 | BO26: 31Chicken egg, med. (piece) | BP26: 9.17 | BQ26: 0 | BR26: 9.5 | BT26: 9.5 | BU26: 0 | BW26: 31Bangus | BX26: 260 | BY26: 0 | BZ26: 267.5 | CB26: 267.5 | CC26: 0 | CD26: 31Galunggong | CE26: 290 | CF26: 0 | CG26: 290 | CI26: 290 | CJ26: 0 | CK26: 31Tilapia | CL26: 185 | CM26: 0 | CN26: 185 | CP26: 185 | CQ26: 0 | CS26: 31Ampalaya | CT26: 0 | CU26: 0 | CV26: 0 | CX26: 0 | CY26: 0 | CZ26: 31Cabbage | DA26: 132.5 | DB26: 0 | DC26: 142.5 | DE26: 142.5 | DF26: 0 | DG26: 31Carrot | DH26: 200 | DI26: 0 | DJ26: 210 | DL26: 210 | DM26: 0 | DN26: 31Eggplant | DO26: 110 | DP26: 0 | DQ26: 100 | DS26: 100 | DT26: 0 | DU26: 31Baguio Beans | DV26: 0 | DW26: 0 | DX26: 0 | DZ26: 0 | EA26: 0 | EB26: 31Pechay, Native | EC26: 105 | ED26: 0 | EE26: 105 | EG26: 105 | EH26: 0 | EI26: 31String Beans | EJ26: 107.5 | EK26: 0 | EL26: 97.5 | EN26: 97.5 | EO26: 0 | EP26: 31Tomato | EQ26: 85 | ER26: 0 | ES26: 115 | EU26: 115 | EV26: 0 | EW26: 31White Potato | EX26: 140 | EY26: 0 | EZ26: 135 | FB26: 135 | FC26: 0 | FE26: 31Onion, Red | FF26: 172.5 | FG26: 0 | FH26: 182.5 | FJ26: 182.5 | FK26: 0 | FL26: 31Garlic, Native | FM26: 0 | FN26: 0 | FO26: 0 | FQ26: 0 | FR26: 0 | FS26: 31Garlic, Imported | FT26: 172.5 | FU26: 0 | FV26: 172.5 | FX26: 172.5 | FY26: 0 | FZ26: 31Ginger, Hawaiian | GA26: 195 | GB26: 0 | GC26: 195 | GE26: 195 | GF26: 0 | GH26: 31Banana, Lakatan | GI26: 95 | GJ26: 0 | GK26: 95 | GM26: 95 | GN26: 0 | GO26: 31Banana, Latundan | GP26: 0 | GQ26: 0 | GR26: 0 | GT26: 0 | GU26: 0 | GV26: 31Calamansi | GW26: 110 | GX26: 0 | GY26: 100 | HA26: 100 | HB26: 0 | HC26: 31Mango, Carabao | HD26: 120 | HE26: 0 | HF26: 120 | HH26: 120 | HI26: 0 | HJ26: 31Papaya | HK26: 50 | HL26: 0 | HM26: 50 | HO26: 50 | HP26: 0 | HR26: 31Cooking oil | HS26: 0 | HT26: 0 | HU26: 0 | HW26: 0 | HX26: 0 | HY26: 31Brown Sugar | HZ26: 74.5 | IA26: 0 | IB26: 74.5 | ID26: 74.5 | IE26: 0 | IF26: 31Refined Sugar | IG26: 0 | IH26: 0 | II26: 0 | IK26: 0 | IL26: 0
A27: 50 | B27: Nueva Vizcaya | C27: 50Rice, Special | D27: 42.5 | E27: 0 | F27: 45 | H27: 45 | I27: 0 | J27: 50Rice, Well Milled | K27: 33.5 | L27: 0 | M27: 33 | O27: 33 | P27: 0 | Q27: 50Rice, Regular Milled | R27: 31.5 | S27: 0 | T27: 31.5 | V27: 31.5 | W27: 0 | Y27: 50Fresh Beef, Meat with Bones | Z27: 425 | AA27: 0 | AB27: 425 | AD27: 425 | AE27: 0 | AF27: 50Fresh Beef, Pure Meat | AG27: 0 | AH27: 0 | AI27: 0 | AK27: 0 | AL27: 0 | AM27: 50Fresh Pork, Kasim | AN27: 400 | AO27: 0 | AP27: 400 | AR27: 400 | AS27: 0 | AT27: 50Fresh Pork, Liempo | AU27: 400 | AV27: 0 | AW27: 400 | AY27: 400 | AZ27: 0 | BA27: 50Fresh Pork, Meat with Bones | BB27: 400 | BC27: 0 | BD27: 400 | BF27: 400 | BG27: 0 | BH27: 50Dressed Chicken | BI27: 237.5 | BJ27: 0 | BK27: 237.5 | BM27: 237.5 | BN27: 0 | BO27: 50Chicken egg, med. (piece) | BP27: 9.5 | BQ27: 0 | BR27: 9.5 | BT27: 9.5 | BU27: 0 | BW27: 50Bangus | BX27: 275 | BY27: 0 | BZ27: 275 | CB27: 275 | CC27: 0 | CD27: 50Galunggong | CE27: 295 | CF27: 0 | CG27: 295 | CI27: 295 | CJ27: 0 | CK27: 50Tilapia | CL27: 175 | CM27: 0 | CN27: 170 | CP27: 170 | CQ27: 0 | CS27: 50Ampalaya | CT27: 130 | CU27: 0 | CV27: 110 | CX27: 110 | CY27: 0 | CZ27: 50Cabbage | DA27: 120 | DB27: 0 | DC27: 85 | DE27: 85 | DF27: 0 | DG27: 50Carrot | DH27: 180 | DI27: 0 | DJ27: 175 | DL27: 175 | DM27: 0 | DN27: 50Eggplant | DO27: 120 | DP27: 0 | DQ27: 65 | DS27: 65 | DT27: 0 | DU27: 50Baguio Beans | DV27: 100 | DW27: 0 | DX27: 110 | DZ27: 110 | EA27: 0 | EB27: 50Pechay, Native | EC27: 80 | ED27: 0 | EE27: 80 | EG27: 80 | EH27: 0 | EI27: 50String Beans | EJ27: 0 | EK27: 0 | EL27: 0 | EN27: 0 | EO27: 0 | EP27: 50Tomato | EQ27: 0 | ER27: 0 | ES27: 0 | EU27: 0 | EV27: 0 | EW27: 50White Potato | EX27: 75 | EY27: 0 | EZ27: 75 | FB27: 75 | FC27: 0 | FE27: 50Onion, Red | FF27: 175 | FG27: 0 | FH27: 175 | FJ27: 175 | FK27: 0 | FL27: 50Garlic, Native | FM27: 180 | FN27: 0 | FO27: 180 | FQ27: 180 | FR27: 0 | FS27: 50Garlic, Imported | FT27: 155 | FU27: 0 | FV27: 155 | FX27: 155 | FY27: 0 | FZ27: 50Ginger, Hawaiian | GA27: 170 | GB27: 0 | GC27: 170 | GE27: 170 | GF27: 0 | GH27: 50Banana, Lakatan | GI27: 75 | GJ27: 0 | GK27: 75 | GM27: 75 | GN27: 0 | GO27: 50Banana, Latundan | GP27: 0 | GQ27: 0 | GR27: 0 | GT27: 0 | GU27: 0 | GV27: 50Calamansi | GW27: 90 | GX27: 0 | GY27: 65 | HA27: 65 | HB27: 0 | HC27: 50Mango, Carabao | HD27: 82.5 | HE27: 0 | HF27: 150 | HH27: 150 | HI27: 0 | HJ27: 50Papaya | HK27: 40 | HL27: 0 | HM27: 40 | HO27: 40 | HP27: 0 | HR27: 50Cooking oil | HS27: 210 | HT27: 0 | HU27: 210 | HW27: 210 | HX27: 0 | HY27: 50Brown Sugar | HZ27: 71 | IA27: 0 | IB27: 71 | ID27: 71 | IE27: 0 | IF27: 50Refined Sugar | IG27: 77.5 | IH27: 0 | II27: 77.5 | IK27: 77.5 | IL27: 0
A28: 57 | B28: Quirino | C28: 57Rice, Special | D28: 49.5 | E28: 0 | F28: 49.5 | H28: 49.5 | I28: 0 | J28: 57Rice, Well Milled | K28: 36.13 | L28: 0 | M28: 33.09 | O28: 33.09 | P28: 0 | Q28: 57Rice, Regular Milled | R28: 27.25 | S28: 0 | T28: 31.88 | V28: 31.88 | W28: 0 | Y28: 57Fresh Beef, Meat with Bones | Z28: 325 | AA28: 0 | AB28: 320 | AD28: 320 | AE28: 0 | AF28: 57Fresh Beef, Pure Meat | AG28: 400 | AH28: 0 | AI28: 410 | AK28: 410 | AL28: 0 | AM28: 57Fresh Pork, Kasim | AN28: 355 | AO28: 0 | AP28: 345 | AR28: 345 | AS28: 0 | AT28: 57Fresh Pork, Liempo | AU28: 360 | AV28: 0 | AW28: 355 | AY28: 355 | AZ28: 0 | BA28: 57Fresh Pork, Meat with Bones | BB28: 350 | BC28: 0 | BD28: 345 | BF28: 345 | BG28: 0 | BH28: 57Dressed Chicken | BI28: 230 | BJ28: 0 | BK28: 230 | BM28: 230 | BN28: 0 | BO28: 57Chicken egg, med. (piece) | BP28: 9.5 | BQ28: 0 | BR28: 9.5 | BT28: 9.5 | BU28: 0 | BW28: 57Bangus | BX28: 280 | BY28: 0 | BZ28: 280 | CB28: 280 | CC28: 0 | CD28: 57Galunggong | CE28: 220 | CF28: 0 | CG28: 220 | CI28: 220 | CJ28: 0 | CK28: 57Tilapia | CL28: 170 | CM28: 0 | CN28: 170 | CP28: 170 | CQ28: 0 | CS28: 57Ampalaya | CT28: 110 | CU28: 0 | CV28: 90 | CX28: 90 | CY28: 0 | CZ28: 57Cabbage | DA28: 165 | DB28: 0 | DC28: 135 | DE28: 135 | DF28: 0 | DG28: 57Carrot | DH28: 180 | DI28: 0 | DJ28: 200 | DL28: 200 | DM28: 0 | DN28: 57Eggplant | DO28: 70 | DP28: 0 | DQ28: 52.5 | DS28: 52.5 | DT28: 0 | DU28: 57Baguio Beans | DV28: 130 | DW28: 0 | DX28: 110 | DZ28: 110 | EA28: 0 | EB28: 57Pechay, Native | EC28: 80 | ED28: 0 | EE28: 80 | EG28: 80 | EH28: 0 | EI28: 57String Beans | EJ28: 70 | EK28: 0 | EL28: 70 | EN28: 70 | EO28: 0 | EP28: 57Tomato | EQ28: 60 | ER28: 0 | ES28: 80 | EU28: 80 | EV28: 0 | EW28: 57White Potato | EX28: 80 | EY28: 0 | EZ28: 95 | FB28: 95 | FC28: 0 | FE28: 57Onion, Red | FF28: 155 | FG28: 0 | FH28: 170 | FJ28: 170 | FK28: 0 | FL28: 57Garlic, Native | FM28: 0 | FN28: 0 | FO28: 0 | FQ28: 0 | FR28: 0 | FS28: 57Garlic, Imported | FT28: 145 | FU28: 0 | FV28: 145 | FX28: 145 | FY28: 0 | FZ28: 57Ginger, Hawaiian | GA28: 160 | GB28: 0 | GC28: 160 | GE28: 160 | GF28: 0 | GH28: 57Banana, Lakatan | GI28: 70 | GJ28: 0 | GK28: 60 | GM28: 60 | GN28: 0 | GO28: 57Banana, Latundan | GP28: 0 | GQ28: 0 | GR28: 0 | GT28: 0 | GU28: 0 | GV28: 57Calamansi | GW28: 90 | GX28: 0 | GY28: 90 | HA28: 90 | HB28: 0 | HC28: 57Mango, Carabao | HD28: 0 | HE28: 0 | HF28: 0 | HH28: 0 | HI28: 0 | HJ28: 57Papaya | HK28: 60 | HL28: 0 | HM28: 55 | HO28: 55 | HP28: 0 | HR28: 57Cooking oil | HS28: 0 | HT28: 0 | HU28: 0 | HW28: 0 | HX28: 0 | HY28: 57Brown Sugar | HZ28: 68 | IA28: 0 | IB28: 68 | ID28: 68 | IE28: 0 | IF28: 57Refined Sugar | IG28: 79 | IH28: 0 | II28: 79 | IK28: 79 | IL28: 0
A29: R3 | B29: III - Central Luzon | C29: R3Rice, Special | D29: 61.17 | E29: 0 | F29: 60.36 | H29: 60.71 | I29: 0 | J29: R3Rice, Well Milled | K29: 46.93 | L29: 0 | M29: 46.69 | O29: 47.24 | P29: 0 | Q29: R3Rice, Regular Milled | R29: 39.77 | S29: 0 | T29: 39.99 | U29: r | V29: 38.73 | W29: 0 | Y29: R3Fresh Beef, Meat with Bones | Z29: 400.37 | AA29: 0 | AB29: 396.85 | AD29: 398.68 | AE29: 0 | AF29: R3Fresh Beef, Pure Meat | AG29: 478.5 | AH29: 0 | AI29: 481.28 | AK29: 486.35 | AL29: 0 | AM29: R3Fresh Pork, Kasim | AN29: 367.76 | AO29: 0 | AP29: 364.05 | AR29: 360.44 | AS29: 0 | AT29: R3Fresh Pork, Liempo | AU29: 421.7 | AV29: 0 | AW29: 420.22 | AY29: 413.5 | AZ29: 0 | BA29: R3Fresh Pork, Meat with Bones | BB29: 339.85 | BC29: 0 | BD29: 338.18 | BF29: 341.07 | BG29: 0 | BH29: R3Dressed Chicken | BI29: 211.48 | BJ29: 0 | BK29: 200.46 | BM29: 207.41 | BN29: 0 | BO29: R3Chicken egg, med. (piece) | BP29: 8.93 | BQ29: 0 | BR29: 8.85 | BT29: 8.86 | BU29: 0 | BW29: R3Bangus | BX29: 245.13 | BY29: 0 | BZ29: 260.69 | CB29: 257.17 | CC29: 0 | CD29: R3Galunggong | CE29: 288.28 | CF29: 0 | CG29: 300.13 | CI29: 293.83 | CJ29: 0 | CK29: R3Tilapia | CL29: 154.11 | CM29: 0 | CN29: 153.74 | CP29: 152.54 | CQ29: 0 | CS29: R3Ampalaya | CT29: 208.65 | CU29: 0 | CV29: 141.09 | CX29: 148.2 | CY29: 0 | CZ29: R3Cabbage | DA29: 136.83 | DB29: 0 | DC29: 128.81 | DE29: 107.04 | DF29: 0 | DG29: R3Carrot | DH29: 218.26 | DI29: 0 | DJ29: 234.5 | DL29: 241.04 | DM29: 0 | DN29: R3Eggplant | DO29: 170.61 | DP29: 0 | DQ29: 119.48 | DS29: 103.91 | DT29: 0 | DU29: R3Baguio Beans | DV29: 172.45 | DW29: 0 | DX29: 162.02 | DZ29: 159.29 | EA29: 0 | EB29: R3Pechay, Native | EC29: 165.63 | ED29: 0 | EE29: 136.83 | EG29: 132.48 | EH29: 0 | EI29: R3String Beans | EJ29: 143.06 | EK29: 0 | EL29: 128.58 | EN29: 127.52 | EO29: 0 | EP29: R3Tomato | EQ29: 78.22 | ER29: 0 | ES29: 119.78 | EU29: 124.47 | EV29: 0 | EW29: R3White Potato | EX29: 112.13 | EY29: 0 | EZ29: 113.15 | FB29: 112.96 | FC29: 0 | FE29: R3Onion, Red | FF29: 181.18 | FG29: 0 | FH29: 184.57 | FJ29: 181.68 | FK29: 0 | FL29: R3Garlic, Native | FM29: 172.6 | FN29: 0 | FO29: 176.4 | FQ29: 171.37 | FR29: 0 | FS29: R3Garlic, Imported | FT29: 169.39 | FU29: 0 | FV29: 167.63 | FX29: 165.41 | FY29: 0 | FZ29: R3Ginger, Hawaiian | GA29: 219.11 | GB29: 0 | GC29: 213.74 | GE29: 206.28 | GF29: 0 | GH29: R3Banana, Lakatan | GI29: 112.2 | GJ29: 0 | GK29: 114.24 | GM29: 114.3 | GN29: 0 | GO29: R3Banana, Latundan | GP29: 78.95 | GQ29: 0 | GR29: 79.92 | GT29: 80.89 | GU29: 0 | GV29: R3Calamansi | GW29: 101.89 | GX29: 0 | GY29: 86.32 | HA29: 83.2 | HB29: 0 | HC29: R3Mango, Carabao | HD29: 185.33 | HE29: 0 | HF29: 198.56 | HH29: 212.81 | HI29: 0 | HJ29: R3Papaya | HK29: 62 | HL29: 0 | HM29: 61.27 | HO29: 61.17 | HP29: 0 | HR29: R3Cooking oil | HS29: 203.26 | HT29: 0 | HU29: 208.86 | HW29: 210.31 | HX29: 0 | HY29: R3Brown Sugar | HZ29: 77.15 | IA29: 0 | IB29: 77.03 | ID29: 77.03 | IE29: 0 | IF29: R3Refined Sugar | IG29: 83.77 | IH29: 0 | II29: 83.54 | IK29: 83.54 | IL29: 0
A30: 5401 | B30: Angeles City | C30: 5401Rice, Special | D30: 48.77 | E30: 0 | F30: 48.97 | H30: 49.23 | I30: 0 | J30: 5401Rice, Well Milled | K30: 41.77 | L30: 0 | M30: 41.97 | O30: 42.2 | P30: 0 | Q30: 5401Rice, Regular Milled | R30: 36.9 | S30: 0 | T30: 37.2 | V30: 37.4 | W30: 0 | Y30: 5401Fresh Beef, Meat with Bones | Z30: 426.67 | AA30: 0 | AB30: 421.67 | AD30: 419.17 | AE30: 0 | AF30: 5401Fresh Beef, Pure Meat | AG30: 498.33 | AH30: 0 | AI30: 491.67 | AK30: 490.83 | AL30: 0 | AM30: 5401Fresh Pork, Kasim | AN30: 366.67 | AO30: 0 | AP30: 348.33 | AR30: 360.83 | AS30: 0 | AT30: 5401Fresh Pork, Liempo | AU30: 411.67 | AV30: 0 | AW30: 396.67 | AY30: 411.67 | AZ30: 0 | BA30: 5401Fresh Pork, Meat with Bones | BB30: 323.33 | BC30: 0 | BD30: 310 | BF30: 333.33 | BG30: 0 | BH30: 5401Dressed Chicken | BI30: 210.83 | BJ30: 0 | BK30: 190.83 | BM30: 208.33 | BN30: 0 | BO30: 5401Chicken egg, med. (piece) | BP30: 8.08 | BQ30: 0 | BR30: 8.18 | BT30: 8.26 | BU30: 0 | BW30: 5401Bangus | BX30: 236.67 | BY30: 0 | BZ30: 261.67 | CB30: 280 | CC30: 0 | CD30: 5401Galunggong | CE30: 260 | CF30: 0 | CG30: 291.67 | CI30: 290 | CJ30: 0 | CK30: 5401Tilapia | CL30: 140 | CM30: 0 | CN30: 144.17 | CP30: 133.33 | CQ30: 0 | CS30: 5401Ampalaya | CT30: 248.33 | CU30: 0 | CV30: 108.33 | CX30: 99.17 | CY30: 0 | CZ30: 5401Cabbage | DA30: 125 | DB30: 0 | DC30: 95 | DE30: 72.17 | DF30: 0 | DG30: 5401Carrot | DH30: 176.67 | DI30: 0 | DJ30: 178.33 | DL30: 163.33 | DM30: 0 | DN30: 5401Eggplant | DO30: 170 | DP30: 0 | DQ30: 70 | DS30: 55.83 | DT30: 0 | DU30: 5401Baguio Beans | DV30: 163.33 | DW30: 0 | DX30: 118.33 | DZ30: 109.17 | EA30: 0 | EB30: 5401Pechay, Native | EC30: 128.33 | ED30: 0 | EE30: 88.33 | EG30: 77.5 | EH30: 0 | EI30: 5401String Beans | EJ30: 125 | EK30: 0 | EL30: 106.67 | EN30: 100 | EO30: 0 | EP30: 5401Tomato | EQ30: 68.33 | ER30: 0 | ES30: 110 | EU30: 96.67 | EV30: 0 | EW30: 5401White Potato | EX30: 91.67 | EY30: 0 | EZ30: 97.67 | FB30: 101.83 | FC30: 0 | FE30: 5401Onion, Red | FF30: 170.83 | FG30: 0 | FH30: 160.83 | FJ30: 153.33 | FK30: 0 | FL30: 5401Garlic, Native | FM30: 170 | FN30: 0 | FO30: 165 | FQ30: 148.33 | FR30: 0 | FS30: 5401Garlic, Imported | FT30: 145.83 | FU30: 0 | FV30: 130 | FX30: 128.33 | FY30: 0 | FZ30: 5401Ginger, Hawaiian | GA30: 186.67 | GB30: 0 | GC30: 175 | GE30: 158.33 | GF30: 0 | GH30: 5401Banana, Lakatan | GI30: 99.17 | GJ30: 0 | GK30: 111.67 | GM30: 98.33 | GN30: 0 | GO30: 5401Banana, Latundan | GP30: 0 | GQ30: 0 | GR30: 0 | GT30: 0 | GU30: 0 | GV30: 5401Calamansi | GW30: 96.67 | GX30: 0 | GY30: 69.17 | HA30: 59.17 | HB30: 0 | HC30: 5401Mango, Carabao | HD30: 186.67 | HE30: 0 | HF30: 200 | HH30: 200 | HI30: 0 | HJ30: 5401Papaya | HK30: 70 | HL30: 0 | HM30: 64.17 | HO30: 70.83 | HP30: 0 | HR30: 5401Cooking oil | HS30: 0 | HT30: 0 | HU30: 0 | HW30: 0 | HX30: 0 | HY30: 5401Brown Sugar | HZ30: 76.59 | IA30: 0 | IB30: 75.98 | ID30: 75.98 | IE30: 0 | IF30: 5401Refined Sugar | IG30: 85.6 | IH30: 0 | II30: 84.48 | IK30: 84.48 | IL30: 0
A31: 77 | B31: Aurora | C31: 77Rice, Special | D31: 66.25 | E31: 0 | F31: 66.25 | H31: 66.25 | I31: 0 | J31: 77Rice, Well Milled | K31: 33.59 | L31: 0 | M31: 33.59 | O31: 33.59 | P31: 0 | Q31: 77Rice, Regular Milled | R31: 38.33 | S31: 0 | T31: 38.33 | V31: 34.67 | W31: 0 | Y31: 77Fresh Beef, Meat with Bones | Z31: 280 | AA31: 0 | AB31: 280 | AD31: 280 | AE31: 0 | AF31: 77Fresh Beef, Pure Meat | AG31: 380 | AH31: 0 | AI31: 380 | AK31: 380 | AL31: 0 | AM31: 77Fresh Pork, Kasim | AN31: 380 | AO31: 0 | AP31: 380 | AR31: 380 | AS31: 0 | AT31: 77Fresh Pork, Liempo | AU31: 385 | AV31: 0 | AW31: 385 | AY31: 380 | AZ31: 0 | BA31: 77Fresh Pork, Meat with Bones | BB31: 360 | BC31: 0 | BD31: 360 | BF31: 360 | BG31: 0 | BH31: 77Dressed Chicken | BI31: 240 | BJ31: 0 | BK31: 240 | BM31: 240 | BN31: 0 | BO31: 77Chicken egg, med. (piece) | BP31: 10 | BQ31: 0 | BR31: 10 | BT31: 10 | BU31: 0 | BW31: 77Bangus | BX31: 200 | BY31: 0 | BZ31: 200 | CB31: 200 | CC31: 0 | CD31: 77Galunggong | CE31: 220 | CF31: 0 | CG31: 200 | CI31: 200 | CJ31: 0 | CK31: 77Tilapia | CL31: 150 | CM31: 0 | CN31: 150 | CP31: 150 | CQ31: 0 | CS31: 77Ampalaya | CT31: 200 | CU31: 0 | CV31: 120 | CX31: 120 | CY31: 0 | CZ31: 77Cabbage | DA31: 100 | DB31: 0 | DC31: 110 | DE31: 110 | DF31: 0 | DG31: 77Carrot | DH31: 250 | DI31: 0 | DJ31: 245 | DL31: 245 | DM31: 0 | DN31: 77Eggplant | DO31: 150 | DP31: 0 | DQ31: 80 | DS31: 100 | DT31: 0 | DU31: 77Baguio Beans | DV31: 220 | DW31: 0 | DX31: 110 | DZ31: 110 | EA31: 0 | EB31: 77Pechay, Native | EC31: 166.67 | ED31: 0 | EE31: 166.67 | EG31: 166.67 | EH31: 0 | EI31: 77String Beans | EJ31: 62.5 | EK31: 0 | EL31: 50 | EN31: 50 | EO31: 0 | EP31: 77Tomato | EQ31: 70 | ER31: 0 | ES31: 145 | EU31: 150 | EV31: 0 | EW31: 77White Potato | EX31: 140 | EY31: 0 | EZ31: 110 | FB31: 110 | FC31: 0 | FE31: 77Onion, Red | FF31: 180 | FG31: 0 | FH31: 180 | FJ31: 180 | FK31: 0 | FL31: 77Garlic, Native | FM31: 0 | FN31: 0 | FO31: 0 | FQ31: 0 | FR31: 0 | FS31: 77Garlic, Imported | FT31: 180 | FU31: 0 | FV31: 170 | FX31: 170 | FY31: 0 | FZ31: 77Ginger, Hawaiian | GA31: 200 | GB31: 0 | GC31: 200 | GE31: 200 | GF31: 0 | GH31: 77Banana, Lakatan | GI31: 100 | GJ31: 0 | GK31: 100 | GM31: 110 | GN31: 0 | GO31: 77Banana, Latundan | GP31: 80 | GQ31: 0 | GR31: 80 | GT31: 80 | GU31: 0 | GV31: 77Calamansi | GW31: 120 | GX31: 0 | GY31: 80 | HA31: 80 | HB31: 0 | HC31: 77Mango, Carabao | HD31: 150 | HE31: 0 | HF31: 140 | HH31: 200 | HI31: 0 | HJ31: 77Papaya | HK31: 35 | HL31: 0 | HM31: 35 | HO31: 35 | HP31: 0 | HR31: 77Cooking oil | HS31: 0 | HT31: 0 | HU31: 0 | HW31: 0 | HX31: 0 | HY31: 77Brown Sugar | HZ31: 75.25 | IA31: 0 | IB31: 75.25 | ID31: 75.25 | IE31: 0 | IF31: 77Refined Sugar | IG31: 84 | IH31: 0 | II31: 84 | IK31: 84 | IL31: 0
A32: 8 | B32: Bataan | C32: 8Rice, Special | D32: 68.84 | E32: 0 | F32: 68.67 | H32: 68.84 | I32: 0 | J32: 8Rice, Well Milled | K32: 60.77 | L32: 0 | M32: 58.06 | O32: 60.77 | P32: 0 | Q32: 8Rice, Regular Milled | R32: 36.6 | S32: 0 | T32: 36.5 | V32: 36.6 | W32: 0 | Y32: 8Fresh Beef, Meat with Bones | Z32: 453.5 | AA32: 0 | AB32: 413.5 | AD32: 413.5 | AE32: 0 | AF32: 8Fresh Beef, Pure Meat | AG32: 522.5 | AH32: 0 | AI32: 537.5 | AK32: 537.5 | AL32: 0 | AM32: 8Fresh Pork, Kasim | AN32: 397 | AO32: 0 | AP32: 397 | AR32: 352 | AS32: 0 | AT32: 8Fresh Pork, Liempo | AU32: 463 | AV32: 0 | AW32: 463 | AY32: 406 | AZ32: 0 | BA32: 8Fresh Pork, Meat with Bones | BB32: 367 | BC32: 0 | BD32: 372 | BF32: 372 | BG32: 0 | BH32: 8Dressed Chicken | BI32: 242.5 | BJ32: 0 | BK32: 222.5 | BM32: 215 | BN32: 0 | BO32: 8Chicken egg, med. (piece) | BP32: 8.1 | BQ32: 0 | BR32: 8.1 | BT32: 8.1 | BU32: 0 | BW32: 8Bangus | BX32: 240 | BY32: 0 | BZ32: 255 | CB32: 260 | CC32: 0 | CD32: 8Galunggong | CE32: 300 | CF32: 0 | CG32: 325 | CI32: 315 | CJ32: 0 | CK32: 8Tilapia | CL32: 122.5 | CM32: 0 | CN32: 125 | CP32: 120 | CQ32: 0 | CS32: 8Ampalaya | CT32: 189 | CU32: 0 | CV32: 115 | CX32: 133 | CY32: 0 | CZ32: 8Cabbage | DA32: 150 | DB32: 0 | DC32: 107 | DE32: 102 | DF32: 0 | DG32: 8Carrot | DH32: 166.5 | DI32: 0 | DJ32: 170.5 | DL32: 160.5 | DM32: 0 | DN32: 8Eggplant | DO32: 173.5 | DP32: 0 | DQ32: 82.5 | DS32: 59 | DT32: 0 | DU32: 8Baguio Beans | DV32: 143.5 | DW32: 0 | DX32: 146 | DZ32: 155.5 | EA32: 0 | EB32: 8Pechay, Native | EC32: 0 | ED32: 0 | EE32: 0 | EG32: 0 | EH32: 0 | EI32: 8String Beans | EJ32: 153.5 | EK32: 0 | EL32: 153.5 | EN32: 126 | EO32: 0 | EP32: 8Tomato | EQ32: 73.5 | ER32: 0 | ES32: 103.5 | EU32: 116 | EV32: 0 | EW32: 8White Potato | EX32: 84.5 | EY32: 0 | EZ32: 113 | FB32: 112 | FC32: 0 | FE32: 8Onion, Red | FF32: 166.5 | FG32: 0 | FH32: 179 | FJ32: 172 | FK32: 0 | FL32: 8Garlic, Native | FM32: 150 | FN32: 0 | FO32: 170 | FQ32: 160 | FR32: 0 | FS32: 8Garlic, Imported | FT32: 166 | FU32: 0 | FV32: 168 | FX32: 164 | FY32: 0 | FZ32: 8Ginger, Hawaiian | GA32: 259.5 | GB32: 0 | GC32: 259.5 | GE32: 259 | GF32: 0 | GH32: 8Banana, Lakatan | GI32: 118 | GJ32: 0 | GK32: 118 | GM32: 118.5 | GN32: 0 | GO32: 8Banana, Latundan | GP32: 92.5 | GQ32: 0 | GR32: 87.5 | GT32: 92.5 | GU32: 0 | GV32: 8Calamansi | GW32: 86 | GX32: 0 | GY32: 87.5 | HA32: 81 | HB32: 0 | HC32: 8Mango, Carabao | HD32: 0 | HE32: 0 | HF32: 0 | HH32: 0 | HI32: 0 | HJ32: 8Papaya | HK32: 0 | HL32: 0 | HM32: 0 | HO32: 0 | HP32: 0 | HR32: 8Cooking oil | HS32: 0 | HT32: 0 | HU32: 0 | HW32: 0 | HX32: 0 | HY32: 8Brown Sugar | HZ32: 78 | IA32: 0 | IB32: 78 | ID32: 78 | IE32: 0 | IF32: 8Refined Sugar | IG32: 0 | IH32: 0 | II32: 0 | IK32: 0 | IL32: 0
A33: 14 | B33: Bulacan | C33: 14Rice, Special | D33: 63.98 | E33: 0 | F33: 65.77 | H33: 64.69 | I33: 0 | J33: 14Rice, Well Milled | K33: 44.6 | L33: 0 | M33: 45.26 | O33: 45.26 | P33: 0 | Q33: 14Rice, Regular Milled | R33: 38 | S33: 0 | T33: 38.88 | V33: 37.25 | W33: 0 | Y33: 14Fresh Beef, Meat with Bones | Z33: 407.48 | AA33: 0 | AB33: 412.48 | AD33: 412.48 | AE33: 0 | AF33: 14Fresh Beef, Pure Meat | AG33: 459.98 | AH33: 0 | AI33: 464.98 | AK33: 464.98 | AL33: 0 | AM33: 14Fresh Pork, Kasim | AN33: 373.48 | AO33: 0 | AP33: 358.48 | AR33: 358.48 | AS33: 0 | AT33: 14Fresh Pork, Liempo | AU33: 432.48 | AV33: 0 | AW33: 422.48 | AY33: 422.48 | AZ33: 0 | BA33: 14Fresh Pork, Meat with Bones | BB33: 327.48 | BC33: 0 | BD33: 327.48 | BF33: 327.48 | BG33: 0 | BH33: 14Dressed Chicken | BI33: 190 | BJ33: 0 | BK33: 175 | BM33: 185 | BN33: 0 | BO33: 14Chicken egg, med. (piece) | BP33: 8.75 | BQ33: 0 | BR33: 8.75 | BT33: 8.75 | BU33: 0 | BW33: 14Bangus | BX33: 290 | BY33: 0 | BZ33: 290 | CB33: 300 | CC33: 0 | CD33: 14Galunggong | CE33: 385 | CF33: 0 | CG33: 340 | CI33: 355 | CJ33: 0 | CK33: 14Tilapia | CL33: 215 | CM33: 0 | CN33: 215 | CP33: 212.5 | CQ33: 0 | CS33: 14Ampalaya | CT33: 230 | CU33: 0 | CV33: 122.5 | CX33: 162.5 | CY33: 0 | CZ33: 14Cabbage | DA33: 155 | DB33: 0 | DC33: 165 | DE33: 88 | DF33: 0 | DG33: 14Carrot | DH33: 295 | DI33: 0 | DJ33: 325 | DL33: 345 | DM33: 0 | DN33: 14Eggplant | DO33: 212.5 | DP33: 0 | DQ33: 167.5 | DS33: 117.5 | DT33: 0 | DU33: 14Baguio Beans | DV33: 0 | DW33: 0 | DX33: 0 | DZ33: 0 | EA33: 0 | EB33: 14Pechay, Native | EC33: 235 | ED33: 0 | EE33: 117.5 | EG33: 117.5 | EH33: 0 | EI33: 14String Beans | EJ33: 0 | EK33: 0 | EL33: 0 | EN33: 0 | EO33: 0 | EP33: 14Tomato | EQ33: 82.5 | ER33: 0 | ES33: 175 | EU33: 150 | EV33: 0 | EW33: 14White Potato | EX33: 114 | EY33: 0 | EZ33: 116.5 | FB33: 114 | FC33: 0 | FE33: 14Onion, Red | FF33: 190 | FG33: 0 | FH33: 190 | FJ33: 189 | FK33: 0 | FL33: 14Garlic, Native | FM33: 75 | FN33: 0 | FO33: 74 | FQ33: 74 | FR33: 0 | FS33: 14Garlic, Imported | FT33: 161.5 | FU33: 0 | FV33: 158 | FX33: 156.5 | FY33: 0 | FZ33: 14Ginger, Hawaiian | GA33: 197.5 | GB33: 0 | GC33: 210 | GE33: 202.5 | GF33: 0 | GH33: 14Banana, Lakatan | GI33: 115 | GJ33: 0 | GK33: 110 | GM33: 110 | GN33: 0 | GO33: 14Banana, Latundan | GP33: 85 | GQ33: 0 | GR33: 85 | GT33: 85 | GU33: 0 | GV33: 14Calamansi | GW33: 84 | GX33: 0 | GY33: 70 | HA33: 66 | HB33: 0 | HC33: 14Mango, Carabao | HD33: 215 | HE33: 0 | HF33: 240 | HH33: 240 | HI33: 0 | HJ33: 14Papaya | HK33: 67.5 | HL33: 0 | HM33: 72.5 | HO33: 72.5 | HP33: 0 | HR33: 14Cooking oil | HS33: 246.39 | HT33: 0 | HU33: 246.39 | HW33: 246.39 | HX33: 0 | HY33: 14Brown Sugar | HZ33: 82.5 | IA33: 0 | IB33: 82.5 | ID33: 82.5 | IE33: 0 | IF33: 14Refined Sugar | IG33: 0 | IH33: 0 | II33: 0 | IK33: 0 | IL33: 0
A34: 49 | B34: Nueva Ecija | C34: 49Rice, Special | D34: 50.3 | E34: 0 | F34: 51.38 | H34: 51.38 | I34: 0 | J34: 49Rice, Well Milled | K34: 40.88 | L34: 0 | M34: 41.5 | O34: 40.8 | P34: 0 | Q34: 49Rice, Regular Milled | R34: 33.2 | S34: 0 | T34: 33.87 | V34: 33.38 | W34: 0 | Y34: 49Fresh Beef, Meat with Bones | Z34: 385 | AA34: 0 | AB34: 385 | AD34: 385 | AE34: 0 | AF34: 49Fresh Beef, Pure Meat | AG34: 420 | AH34: 0 | AI34: 420 | AK34: 420 | AL34: 0 | AM34: 49Fresh Pork, Kasim | AN34: 380 | AO34: 0 | AP34: 380 | AR34: 380 | AS34: 0 | AT34: 49Fresh Pork, Liempo | AU34: 400 | AV34: 0 | AW34: 400 | AY34: 400 | AZ34: 0 | BA34: 49Fresh Pork, Meat with Bones | BB34: 340 | BC34: 0 | BD34: 335 | BF34: 335 | BG34: 0 | BH34: 49Dressed Chicken | BI34: 195 | BJ34: 0 | BK34: 175 | BM34: 200 | BN34: 0 | BO34: 49Chicken egg, med. (piece) | BP34: 8.75 | BQ34: 0 | BR34: 8.75 | BT34: 8.75 | BU34: 0 | BW34: 49Bangus | BX34: 245 | BY34: 0 | BZ34: 285 | CB34: 260 | CC34: 0 | CD34: 49Galunggong | CE34: 270 | CF34: 0 | CG34: 295 | CI34: 300 | CJ34: 0 | CK34: 49Tilapia | CL34: 140 | CM34: 0 | CN34: 140 | CP34: 137.5 | CQ34: 0 | CS34: 49Ampalaya | CT34: 125 | CU34: 0 | CV34: 95 | CX34: 115 | CY34: 0 | CZ34: 49Cabbage | DA34: 120 | DB34: 0 | DC34: 82.5 | DE34: 75 | DF34: 0 | DG34: 49Carrot | DH34: 185 | DI34: 0 | DJ34: 180 | DL34: 200 | DM34: 0 | DN34: 49Eggplant | DO34: 115 | DP34: 0 | DQ34: 60 | DS34: 75 | DT34: 0 | DU34: 49Baguio Beans | DV34: 0 | DW34: 0 | DX34: 0 | DZ34: 0 | EA34: 0 | EB34: 49Pechay, Native | EC34: 130 | ED34: 0 | EE34: 65 | EG34: 60 | EH34: 0 | EI34: 49String Beans | EJ34: 110 | EK34: 0 | EL34: 90 | EN34: 120 | EO34: 0 | EP34: 49Tomato | EQ34: 42.5 | ER34: 0 | ES34: 82.5 | EU34: 90 | EV34: 0 | EW34: 49White Potato | EX34: 70 | EY34: 0 | EZ34: 82.5 | FB34: 85 | FC34: 0 | FE34: 49Onion, Red | FF34: 140 | FG34: 0 | FH34: 145 | FJ34: 145 | FK34: 0 | FL34: 49Garlic, Native | FM34: 300 | FN34: 0 | FO34: 300 | FQ34: 300 | FR34: 0 | FS34: 49Garlic, Imported | FT34: 140 | FU34: 0 | FV34: 135 | FX34: 135 | FY34: 0 | FZ34: 49Ginger, Hawaiian | GA34: 165 | GB34: 0 | GC34: 140 | GE34: 140 | GF34: 0 | GH34: 49Banana, Lakatan | GI34: 95 | GJ34: 0 | GK34: 100 | GM34: 100 | GN34: 0 | GO34: 49Banana, Latundan | GP34: 60 | GQ34: 0 | GR34: 62.5 | GT34: 65 | GU34: 0 | GV34: 49Calamansi | GW34: 45 | GX34: 0 | GY34: 37.5 | HA34: 37.5 | HB34: 0 | HC34: 49Mango, Carabao | HD34: 175 | HE34: 0 | HF34: 185 | HH34: 185 | HI34: 0 | HJ34: 49Papaya | HK34: 45 | HL34: 0 | HM34: 40 | HO34: 35 | HP34: 0 | HR34: 49Cooking oil | HS34: 134.6 | HT34: 0 | HU34: 134.6 | HW34: 134.6 | HX34: 0 | HY34: 49Brown Sugar | HZ34: 80.5 | IA34: 0 | IB34: 80.5 | ID34: 80.5 | IE34: 0 | IF34: 49Refined Sugar | IG34: 0 | IH34: 0 | II34: 0 | IK34: 0 | IL34: 0
A35: 7107 | B35: Olongapo City | C35: 7107Rice, Special | D35: 60.58 | E35: 0 | F35: 59.39 | H35: 59.39 | I35: 0 | J35: 7107Rice, Well Milled | K35: 52.29 | L35: 0 | M35: 51.93 | O35: 51.94 | P35: 0 | Q35: 7107Rice, Regular Milled | R35: 46.51 | S35: 0 | T35: 47.18 | V35: 47.18 | W35: 0 | Y35: 7107Fresh Beef, Meat with Bones | Z35: 366.67 | AA35: 0 | AB35: 365 | AD35: 365 | AE35: 0 | AF35: 7107Fresh Beef, Pure Meat | AG35: 471.67 | AH35: 0 | AI35: 473.33 | AK35: 473.33 | AL35: 0 | AM35: 7107Fresh Pork, Kasim | AN35: 368.67 | AO35: 0 | AP35: 353.67 | AR35: 348.67 | AS35: 0 | AT35: 7107Fresh Pork, Liempo | AU35: 412.17 | AV35: 0 | AW35: 413.83 | AY35: 393.83 | AZ35: 0 | BA35: 7107Fresh Pork, Meat with Bones | BB35: 339.83 | BC35: 0 | BD35: 328.17 | BF35: 324.83 | BG35: 0 | BH35: 7107Dressed Chicken | BI35: 192.5 | BJ35: 0 | BK35: 178.33 | BM35: 185.83 | BN35: 0 | BO35: 7107Chicken egg, med. (piece) | BP35: 9.32 | BQ35: 0 | BR35: 9.32 | BT35: 9.32 | BU35: 0 | BW35: 7107Bangus | BX35: 180 | BY35: 0 | BZ35: 220 | CB35: 220 | CC35: 0 | CD35: 7107Galunggong | CE35: 260 | CF35: 0 | CG35: 320 | CI35: 300 | CJ35: 0 | CK35: 7107Tilapia | CL35: 140 | CM35: 0 | CN35: 145 | CP35: 147.5 | CQ35: 0 | CS35: 7107Ampalaya | CT35: 206 | CU35: 0 | CV35: 161 | CX35: 157.67 | CY35: 0 | CZ35: 7107Cabbage | DA35: 124 | DB35: 0 | DC35: 132.83 | DE35: 116.17 | DF35: 0 | DG35: 7107Carrot | DH35: 191.67 | DI35: 0 | DJ35: 220.67 | DL35: 244 | DM35: 0 | DN35: 7107Eggplant | DO35: 165.02 | DP35: 0 | DQ35: 135.85 | DS35: 130.85 | DT35: 0 | DU35: 7107Baguio Beans | DV35: 150.83 | DW35: 0 | DX35: 159.83 | DZ35: 159.83 | EA35: 0 | EB35: 7107Pechay, Native | EC35: 120 | ED35: 0 | EE35: 124.17 | EG35: 124.17 | EH35: 0 | EI35: 7107String Beans | EJ35: 177 | EK35: 0 | EL35: 167 | EN35: 163.67 | EO35: 0 | EP35: 7107Tomato | EQ35: 106.68 | ER35: 0 | ES35: 117.02 | EU35: 124.52 | EV35: 0 | EW35: 7107White Potato | EX35: 127 | EY35: 0 | EZ35: 128.17 | FB35: 128.83 | FC35: 0 | FE35: 7107Onion, Red | FF35: 188.33 | FG35: 0 | FH35: 190.33 | FJ35: 183.33 | FK35: 0 | FL35: 7107Garlic, Native | FM35: 0 | FN35: 0 | FO35: 0 | FQ35: 0 | FR35: 0 | FS35: 7107Garlic, Imported | FT35: 182.67 | FU35: 0 | FV35: 182.67 | FX35: 174.33 | FY35: 0 | FZ35: 7107Ginger, Hawaiian | GA35: 233.83 | GB35: 0 | GC35: 227.17 | GE35: 227.17 | GF35: 0 | GH35: 7107Banana, Lakatan | GI35: 116.17 | GJ35: 0 | GK35: 114.5 | GM35: 112.83 | GN35: 0 | GO35: 7107Banana, Latundan | GP35: 86.17 | GQ35: 0 | GR35: 84.5 | GT35: 82.83 | GU35: 0 | GV35: 7107Calamansi | GW35: 115.33 | GX35: 0 | GY35: 103.67 | HA35: 108.67 | HB35: 0 | HC35: 7107Mango, Carabao | HD35: 212 | HE35: 0 | HF35: 212 | HH35: 212 | HI35: 0 | HJ35: 7107Papaya | HK35: 66 | HL35: 0 | HM35: 66 | HO35: 66 | HP35: 0 | HR35: 7107Cooking oil | HS35: 193.2 | HT35: 0 | HU35: 193.2 | HW35: 198.71 | HX35: 0 | HY35: 7107Brown Sugar | HZ35: 72.42 | IA35: 0 | IB35: 72.42 | ID35: 72.42 | IE35: 0 | IF35: 7107Refined Sugar | IG35: 83.53 | IH35: 0 | II35: 83.53 | IK35: 83.53 | IL35: 0
A36: 54 | B36: Pampanga | C36: 54Rice, Special | D36: 49.8 | E36: 0 | F36: 50.2 | H36: 50.2 | I36: 0 | J36: 54Rice, Well Milled | K36: 42.9 | L36: 0 | M36: 42.7 | O36: 42.7 | P36: 0 | Q36: 54Rice, Regular Milled | R36: 37.7 | S36: 0 | T36: 37.7 | V36: 37.7 | W36: 0 | Y36: 54Fresh Beef, Meat with Bones | Z36: 420 | AA36: 0 | AB36: 420 | AD36: 439 | AE36: 0 | AF36: 54Fresh Beef, Pure Meat | AG36: 535 | AH36: 0 | AI36: 535 | AK36: 581.5 | AL36: 0 | AM36: 54Fresh Pork, Kasim | AN36: 335 | AO36: 0 | AP36: 345 | AR36: 355 | AS36: 0 | AT36: 54Fresh Pork, Liempo | AU36: 433 | AV36: 0 | AW36: 438 | AY36: 444.5 | AZ36: 0 | BA36: 54Fresh Pork, Meat with Bones | BB36: 342.5 | BC36: 0 | BD36: 347.5 | BF36: 353.5 | BG36: 0 | BH36: 54Dressed Chicken | BI36: 230 | BJ36: 0 | BK36: 215 | BM36: 235 | BN36: 0 | BO36: 54Chicken egg, med. (piece) | BP36: 9.04 | BQ36: 0 | BR36: 8.88 | BT36: 8.88 | BU36: 0 | BW36: 54Bangus | BX36: 290 | BY36: 0 | BZ36: 310 | CB36: 290 | CC36: 0 | CD36: 54Galunggong | CE36: 290 | CF36: 0 | CG36: 285 | CI36: 285 | CJ36: 0 | CK36: 54Tilapia | CL36: 140 | CM36: 0 | CN36: 140 | CP36: 137.5 | CQ36: 0 | CS36: 54Ampalaya | CT36: 196.5 | CU36: 0 | CV36: 120 | CX36: 122.5 | CY36: 0 | CZ36: 54Cabbage | DA36: 92.5 | DB36: 0 | DC36: 97 | DE36: 87.5 | DF36: 0 | DG36: 54Carrot | DH36: 188.5 | DI36: 0 | DJ36: 221 | DL36: 226.5 | DM36: 0 | DN36: 54Eggplant | DO36: 135 | DP36: 0 | DQ36: 82.5 | DS36: 76 | DT36: 0 | DU36: 54Baguio Beans | DV36: 166 | DW36: 0 | DX36: 191 | DZ36: 176.5 | EA36: 0 | EB36: 54Pechay, Native | EC36: 127.5 | ED36: 0 | EE36: 113 | EG36: 115 | EH36: 0 | EI36: 54String Beans | EJ36: 161.5 | EK36: 0 | EL36: 116.5 | EN36: 130.5 | EO36: 0 | EP36: 54Tomato | EQ36: 72.5 | ER36: 0 | ES36: 88 | EU36: 103 | EV36: 0 | EW36: 54White Potato | EX36: 97 | EY36: 0 | EZ36: 113.5 | FB36: 107 | FC36: 0 | FE36: 54Onion, Red | FF36: 180 | FG36: 0 | FH36: 184 | FJ36: 184 | FK36: 0 | FL36: 54Garlic, Native | FM36: 168 | FN36: 0 | FO36: 173 | FQ36: 174.5 | FR36: 0 | FS36: 54Garlic, Imported | FT36: 172.5 | FU36: 0 | FV36: 184 | FX36: 179.5 | FY36: 0 | FZ36: 54Ginger, Hawaiian | GA36: 214.5 | GB36: 0 | GC36: 204.5 | GE36: 204.5 | GF36: 0 | GH36: 54Banana, Lakatan | GI36: 129 | GJ36: 0 | GK36: 129 | GM36: 129 | GN36: 0 | GO36: 54Banana, Latundan | GP36: 0 | GQ36: 0 | GR36: 0 | GT36: 0 | GU36: 0 | GV36: 54Calamansi | GW36: 115 | GX36: 0 | GY36: 69 | HA36: 69 | HB36: 0 | HC36: 54Mango, Carabao | HD36: 210 | HE36: 0 | HF36: 227.5 | HH36: 227.5 | HI36: 0 | HJ36: 54Papaya | HK36: 77.5 | HL36: 0 | HM36: 77.5 | HO36: 75 | HP36: 0 | HR36: 54Cooking oil | HS36: 0 | HT36: 0 | HU36: 0 | HW36: 0 | HX36: 0 | HY36: 54Brown Sugar | HZ36: 71.58 | IA36: 0 | IB36: 71.38 | ID36: 71.38 | IE36: 0 | IF36: 54Refined Sugar | IG36: 78.2 | IH36: 0 | II36: 78.2 | IK36: 78.2 | IL36: 0
A37: 69 | B37: Tarlac | C37: 69Rice, Special | D37: 68.1 | E37: 0 | F37: 65.2 | H37: 65.2 | I37: 0 | J37: 69Rice, Well Milled | K37: 52.5 | L37: 0 | M37: 52.5 | O37: 52.5 | P37: 0 | Q37: 69Rice, Regular Milled | R37: 33.67 | S37: 0 | T37: 33.67 | U37: r | V37: 33.67 | W37: 0 | Y37: 69Fresh Beef, Meat with Bones | Z37: 464.5 | AA37: 0 | AB37: 474.5 | AD37: 474.5 | AE37: 0 | AF37: 69Fresh Beef, Pure Meat | AG37: 514.5 | AH37: 0 | AI37: 519.5 | AK37: 519.5 | AL37: 0 | AM37: 69Fresh Pork, Kasim | AN37: 344.5 | AO37: 0 | AP37: 344.5 | AR37: 344.5 | AS37: 0 | AT37: 69Fresh Pork, Liempo | AU37: 433.5 | AV37: 0 | AW37: 433.5 | AY37: 433.5 | AZ37: 0 | BA37: 69Fresh Pork, Meat with Bones | BB37: 344 | BC37: 0 | BD37: 344 | BF37: 344 | BG37: 0 | BH37: 69Dressed Chicken | BI37: 207.5 | BJ37: 0 | BK37: 212.5 | BM37: 207.5 | BN37: 0 | BO37: 69Chicken egg, med. (piece) | BP37: 8.79 | BQ37: 0 | BR37: 8.38 | BT37: 8.38 | BU37: 0 | BW37: 69Bangus | BX37: 299.5 | BY37: 0 | BZ37: 289.5 | CB37: 274.5 | CC37: 0 | CD37: 69Galunggong | CE37: 349.5 | CF37: 0 | CG37: 364.5 | CI37: 339.5 | CJ37: 0 | CK37: 69Tilapia | CL37: 189.5 | CM37: 0 | CN37: 184.5 | CP37: 194.5 | CQ37: 0 | CS37: 69Ampalaya | CT37: 249 | CU37: 0 | CV37: 204 | CX37: 219 | CY37: 0 | CZ37: 69Cabbage | DA37: 182.5 | DB37: 0 | DC37: 180 | DE37: 155 | DF37: 0 | DG37: 69Carrot | DH37: 258 | DI37: 0 | DJ37: 280 | DL37: 295 | DM37: 0 | DN37: 69Eggplant | DO37: 193.5 | DP37: 0 | DQ37: 186 | DS37: 153 | DT37: 0 | DU37: 69Baguio Beans | DV37: 172.5 | DW37: 0 | DX37: 199.5 | DZ37: 199.5 | EA37: 0 | EB37: 69Pechay, Native | EC37: 192.5 | ED37: 0 | EE37: 205 | EG37: 210 | EH37: 0 | EI37: 69String Beans | EJ37: 167.5 | EK37: 0 | EL37: 167.5 | EN37: 160 | EO37: 0 | EP37: 69Tomato | EQ37: 89 | ER37: 0 | ES37: 114.5 | EU37: 142.5 | EV37: 0 | EW37: 69White Potato | EX37: 165 | EY37: 0 | EZ37: 126 | FB37: 123 | FC37: 0 | FE37: 69Onion, Red | FF37: 220 | FG37: 0 | FH37: 221 | FJ37: 221 | FK37: 0 | FL37: 69Garlic, Native | FM37: 0 | FN37: 0 | FO37: 0 | FQ37: 0 | FR37: 0 | FS37: 69Garlic, Imported | FT37: 193 | FU37: 0 | FV37: 193 | FX37: 193 | FY37: 0 | FZ37: 69Ginger, Hawaiian | GA37: 265 | GB37: 0 | GC37: 265 | GE37: 265 | GF37: 0 | GH37: 69Banana, Lakatan | GI37: 117.5 | GJ37: 0 | GK37: 122.5 | GM37: 122.5 | GN37: 0 | GO37: 69Banana, Latundan | GP37: 0 | GQ37: 0 | GR37: 0 | GT37: 0 | GU37: 0 | GV37: 69Calamansi | GW37: 125 | GX37: 0 | GY37: 125 | HA37: 115 | HB37: 0 | HC37: 69Mango, Carabao | HD37: 139 | HE37: 0 | HF37: 189 | HH37: 248 | HI37: 0 | HJ37: 69Papaya | HK37: 62.5 | HL37: 0 | HM37: 62.5 | HO37: 62.5 | HP37: 0 | HR37: 69Cooking oil | HS37: 202 | HT37: 0 | HU37: 202 | HW37: 203.75 | HX37: 0 | HY37: 69Brown Sugar | HZ37: 77.63 | IA37: 0 | IB37: 77.63 | ID37: 77.63 | IE37: 0 | IF37: 69Refined Sugar | IG37: 0 | IH37: 0 | II37: 0 | IK37: 0 | IL37: 0
A38: 71 | B38: Zambales | C38: 71Rice, Special | D38: 73.92 | E38: 0 | F38: 67.39 | H38: 71.18 | I38: 0 | J38: 71Rice, Well Milled | K38: 53.04 | L38: 0 | M38: 52.67 | O38: 55.38 | P38: 0 | Q38: 71Rice, Regular Milled | R38: 56.98 | S38: 0 | T38: 56.6 | V38: 50.75 | W38: 0 | Y38: 71Fresh Beef, Meat with Bones | Z38: 399.5 | AA38: 0 | AB38: 399.5 | AD38: 399.5 | AE38: 0 | AF38: 71Fresh Beef, Pure Meat | AG38: 504.5 | AH38: 0 | AI38: 509.5 | AK38: 509.5 | AL38: 0 | AM38: 71Fresh Pork, Kasim | AN38: 364.5 | AO38: 0 | AP38: 369.5 | AR38: 364.5 | AS38: 0 | AT38: 71Fresh Pork, Liempo | AU38: 424.5 | AV38: 0 | AW38: 429.5 | AY38: 429.5 | AZ38: 0 | BA38: 71Fresh Pork, Meat with Bones | BB38: 314.5 | BC38: 0 | BD38: 319.5 | BF38: 319.5 | BG38: 0 | BH38: 71Dressed Chicken | BI38: 195 | BJ38: 0 | BK38: 195 | BM38: 190 | BN38: 0 | BO38: 71Chicken egg, med. (piece) | BP38: 9.5 | BQ38: 0 | BR38: 9.33 | BT38: 9.33 | BU38: 0 | BW38: 71Bangus | BX38: 225 | BY38: 0 | BZ38: 235 | CB38: 230 | CC38: 0 | CD38: 71Galunggong | CE38: 260 | CF38: 0 | CG38: 280 | CI38: 260 | CJ38: 0 | CK38: 71Tilapia | CL38: 150 | CM38: 0 | CN38: 140 | CP38: 140 | CQ38: 0 | CS38: 71Ampalaya | CT38: 234 | CU38: 0 | CV38: 224 | CX38: 205 | CY38: 0 | CZ38: 71Cabbage | DA38: 182.5 | DB38: 0 | DC38: 190 | DE38: 157.5 | DF38: 0 | DG38: 71Carrot | DH38: 253 | DI38: 0 | DJ38: 290 | DL38: 290 | DM38: 0 | DN38: 71Eggplant | DO38: 221 | DP38: 0 | DQ38: 211 | DS38: 168 | DT38: 0 | DU38: 71Baguio Beans | DV38: 191 | DW38: 0 | DX38: 209.5 | DZ38: 204.5 | EA38: 0 | EB38: 71Pechay, Native | EC38: 225 | ED38: 0 | EE38: 215 | EG38: 189 | EH38: 0 | EI38: 71String Beans | EJ38: 187.5 | EK38: 0 | EL38: 177.5 | EN38: 170 | EO38: 0 | EP38: 71Tomato | EQ38: 99 | ER38: 0 | ES38: 142.5 | EU38: 147.5 | EV38: 0 | EW38: 71White Potato | EX38: 120 | EY38: 0 | EZ38: 131 | FB38: 135 | FC38: 0 | FE38: 71Onion, Red | FF38: 195 | FG38: 0 | FH38: 211 | FJ38: 207.5 | FK38: 0 | FL38: 71Garlic, Native | FM38: 0 | FN38: 0 | FO38: 0 | FQ38: 0 | FR38: 0 | FS38: 71Garlic, Imported | FT38: 183 | FU38: 0 | FV38: 188 | FX38: 188 | FY38: 0 | FZ38: 71Ginger, Hawaiian | GA38: 250 | GB38: 0 | GC38: 242.5 | GE38: 200 | GF38: 0 | GH38: 71Banana, Lakatan | GI38: 120 | GJ38: 0 | GK38: 122.5 | GM38: 127.5 | GN38: 0 | GO38: 71Banana, Latundan | GP38: 70 | GQ38: 0 | GR38: 80 | GT38: 80 | GU38: 0 | GV38: 71Calamansi | GW38: 130 | GX38: 0 | GY38: 135 | HA38: 132.5 | HB38: 0 | HC38: 71Mango, Carabao | HD38: 195 | HE38: 0 | HF38: 195 | HH38: 190 | HI38: 0 | HJ38: 71Papaya | HK38: 72.5 | HL38: 0 | HM38: 72.5 | HO38: 72.5 | HP38: 0 | HR38: 71Cooking oil | HS38: 240.1 | HT38: 0 | HU38: 268.11 | HW38: 268.11 | HX38: 0 | HY38: 71Brown Sugar | HZ38: 79.88 | IA38: 0 | IB38: 79.63 | ID38: 79.63 | IE38: 0 | IF38: 71Refined Sugar | IG38: 87.5 | IH38: 0 | II38: 87.5 | IK38: 87.5 | IL38: 0
A39: R4 | B39: IV-A - CALABARZON | C39: R4Rice, Special | D39: 54.7 | E39: 0 | F39: 54.79 | H39: 54.76 | I39: 0 | J39: R4Rice, Well Milled | K39: 48.57 | L39: 0 | M39: 48.69 | O39: 48.53 | P39: 0 | Q39: R4Rice, Regular Milled | R39: 40.47 | S39: 0 | T39: 39.99 | V39: 39.86 | W39: 0 | Y39: R4Fresh Beef, Meat with Bones | Z39: 367.42 | AA39: 0 | AB39: 372.14 | AD39: 375.06 | AE39: 0 | AF39: R4Fresh Beef, Pure Meat | AG39: 463.72 | AH39: 0 | AI39: 460.97 | AK39: 467.31 | AL39: 0 | AM39: R4Fresh Pork, Kasim | AN39: 382.92 | AO39: 0 | AP39: 375.58 | AR39: 374.25 | AS39: 0 | AT39: R4Fresh Pork, Liempo | AU39: 424.92 | AV39: 0 | AW39: 404 | AY39: 414.33 | AZ39: 0 | BA39: R4Fresh Pork, Meat with Bones | BB39: 368.67 | BC39: 0 | BD39: 350.25 | BF39: 356.58 | BG39: 0 | BH39: R4Dressed Chicken | BI39: 222.83 | BJ39: 0 | BK39: 222.67 | BM39: 221.83 | BN39: 0 | BO39: R4Chicken egg, med. (piece) | BP39: 8.48 | BQ39: 0 | BR39: 8.3 | BT39: 8.35 | BU39: 0 | BW39: R4Bangus | BX39: 244.42 | BY39: 0 | BZ39: 255.42 | CB39: 261.67 | CC39: 0 | CD39: R4Galunggong | CE39: 278.42 | CF39: 0 | CG39: 288.42 | CI39: 284 | CJ39: 0 | CK39: R4Tilapia | CL39: 162.33 | CM39: 0 | CN39: 159.92 | CP39: 158.75 | CQ39: 0 | CS39: R4Ampalaya | CT39: 151 | CU39: 0 | CV39: 124.33 | CX39: 123.42 | CY39: 0 | CZ39: R4Cabbage | DA39: 166.83 | DB39: 0 | DC39: 117.5 | DE39: 101.83 | DF39: 0 | DG39: R4Carrot | DH39: 222.5 | DI39: 0 | DJ39: 241.42 | DL39: 256.5 | DM39: 0 | DN39: R4Eggplant | DO39: 154.17 | DP39: 0 | DQ39: 95.58 | DS39: 90.83 | DT39: 0 | DU39: R4Baguio Beans | DV39: 152.38 | DW39: 0 | DX39: 149.63 | DZ39: 145.5 | EA39: 0 | EB39: R4Pechay, Native | EC39: 135.17 | ED39: 0 | EE39: 134.5 | EG39: 112 | EH39: 0 | EI39: R4String Beans | EJ39: 128.75 | EK39: 0 | EL39: 107.75 | EN39: 114.08 | EO39: 0 | EP39: R4Tomato | EQ39: 80.75 | ER39: 0 | ES39: 133.08 | EU39: 119.58 | EV39: 0 | EW39: R4White Potato | EX39: 101.67 | EY39: 0 | EZ39: 109.92 | FB39: 112.67 | FC39: 0 | FE39: R4Onion, Red | FF39: 153.08 | FG39: 0 | FH39: 157.42 | FJ39: 156.42 | FK39: 0 | FL39: R4Garlic, Native | FM39: 213.33 | FN39: 0 | FO39: 213.33 | FQ39: 213.33 | FR39: 0 | FS39: R4Garlic, Imported | FT39: 164.5 | FU39: 0 | FV39: 168.25 | FX39: 166 | FY39: 0 | FZ39: R4Ginger, Hawaiian | GA39: 214.88 | GB39: 0 | GC39: 222.13 | GE39: 223.13 | GF39: 0 | GH39: R4Banana, Lakatan | GI39: 105.25 | GJ39: 0 | GK39: 105.25 | GM39: 104.75 | GN39: 0 | GO39: R4Banana, Latundan | GP39: 73.33 | GQ39: 0 | GR39: 70.67 | GT39: 72.25 | GU39: 0 | GV39: R4Calamansi | GW39: 106.17 | GX39: 0 | GY39: 112.67 | HA39: 101.83 | HB39: 0 | HC39: R4Mango, Carabao | HD39: 192 | HE39: 0 | HF39: 202.17 | HH39: 188.33 | HI39: 0 | HJ39: R4Papaya | HK39: 72.5 | HL39: 0 | HM39: 70 | HO39: 70 | HP39: 0 | HR39: R4Cooking oil | HS39: 159.5 | HT39: 0 | HU39: 162.5 | HW39: 161.51 | HX39: 0 | HY39: R4Brown Sugar | HZ39: 81.88 | IA39: 0 | IB39: 81.88 | ID39: 81.88 | IE39: 0 | IF39: R4Refined Sugar | IG39: 94.04 | IH39: 0 | II39: 93.38 | IK39: 93.38 | IL39: 0
A40: 10 | B40: Batangas | C40: 10Rice, Special | D40: 66.04 | E40: 0 | F40: 66.04 | H40: 66.04 | I40: 0 | J40: 10Rice, Well Milled | K40: 56.34 | L40: 0 | M40: 58.05 | O40: 58.05 | P40: 0 | Q40: 10Rice, Regular Milled | R40: 43.25 | S40: 0 | T40: 41 | V40: 41 | W40: 0 | Y40: 10Fresh Beef, Meat with Bones | Z40: 332.5 | AA40: 0 | AB40: 332.5 | AD40: 340 | AE40: 0 | AF40: 10Fresh Beef, Pure Meat | AG40: 453.5 | AH40: 0 | AI40: 397 | AK40: 425 | AL40: 0 | AM40: 10Fresh Pork, Kasim | AN40: 419.5 | AO40: 0 | AP40: 409.5 | AR40: 409.5 | AS40: 0 | AT40: 10Fresh Pork, Liempo | AU40: 508.5 | AV40: 0 | AW40: 402 | AY40: 460 | AZ40: 0 | BA40: 10Fresh Pork, Meat with Bones | BB40: 488.5 | BC40: 0 | BD40: 396 | BF40: 440 | BG40: 0 | BH40: 10Dressed Chicken | BI40: 210 | BJ40: 0 | BK40: 210 | BM40: 210 | BN40: 0 | BO40: 10Chicken egg, med. (piece) | BP40: 8.27 | BQ40: 0 | BR40: 8.27 | BT40: 8.27 | BU40: 0 | BW40: 10Bangus | BX40: 205 | BY40: 0 | BZ40: 205 | CB40: 205 | CC40: 0 | CD40: 10Galunggong | CE40: 290 | CF40: 0 | CG40: 310 | CI40: 290 | CJ40: 0 | CK40: 10Tilapia | CL40: 174 | CM40: 0 | CN40: 174 | CP40: 174 | CQ40: 0 | CS40: 10Ampalaya | CT40: 206 | CU40: 0 | CV40: 181 | CX40: 125 | CY40: 0 | CZ40: 10Cabbage | DA40: 163.5 | DB40: 0 | DC40: 188.5 | DE40: 145 | DF40: 0 | DG40: 10Carrot | DH40: 184 | DI40: 0 | DJ40: 214 | DL40: 215 | DM40: 0 | DN40: 10Eggplant | DO40: 190 | DP40: 0 | DQ40: 200 | DS40: 137.5 | DT40: 0 | DU40: 10Baguio Beans | DV40: 148.5 | DW40: 0 | DX40: 163.5 | DZ40: 163.5 | EA40: 0 | EB40: 10Pechay, Native | EC40: 190 | ED40: 0 | EE40: 225 | EG40: 175 | EH40: 0 | EI40: 10String Beans | EJ40: 140 | EK40: 0 | EL40: 140 | EN40: 110 | EO40: 0 | EP40: 10Tomato | EQ40: 70 | ER40: 0 | ES40: 92.5 | EU40: 107.5 | EV40: 0 | EW40: 10White Potato | EX40: 145 | EY40: 0 | EZ40: 170 | FB40: 170 | FC40: 0 | FE40: 10Onion, Red | FF40: 130 | FG40: 0 | FH40: 135 | FJ40: 135 | FK40: 0 | FL40: 10Garlic, Native | FM40: 160 | FN40: 0 | FO40: 160 | FQ40: 160 | FR40: 0 | FS40: 10Garlic, Imported | FT40: 182 | FU40: 0 | FV40: 187 | FX40: 187 | FY40: 0 | FZ40: 10Ginger, Hawaiian | GA40: 235.5 | GB40: 0 | GC40: 285.5 | GE40: 285.5 | GF40: 0 | GH40: 10Banana, Lakatan | GI40: 120 | GJ40: 0 | GK40: 120 | GM40: 120 | GN40: 0 | GO40: 10Banana, Latundan | GP40: 85 | GQ40: 0 | GR40: 85 | GT40: 85 | GU40: 0 | GV40: 10Calamansi | GW40: 0 | GX40: 0 | GY40: 0 | HA40: 0 | HB40: 0 | HC40: 10Mango, Carabao | HD40: 250 | HE40: 0 | HF40: 275 | HH40: 190 | HI40: 0 | HJ40: 10Papaya | HK40: 0 | HL40: 0 | HM40: 0 | HO40: 0 | HP40: 0 | HR40: 10Cooking oil | HS40: 164.29 | HT40: 0 | HU40: 164.29 | HW40: 164.29 | HX40: 0 | HY40: 10Brown Sugar | HZ40: 0 | IA40: 0 | IB40: 0 | ID40: 0 | IE40: 0 | IF40: 10Refined Sugar | IG40: 80.5 | IH40: 0 | II40: 78.5 | IK40: 78.5 | IL40: 0
A41: 21 | B41: Cavite | C41: 21Rice, Special | D41: 45.95 | E41: 0 | F41: 46.15 | H41: 46.3 | I41: 0 | J41: 21Rice, Well Milled | K41: 39.83 | L41: 0 | M41: 39.83 | O41: 38.9 | P41: 0 | Q41: 21Rice, Regular Milled | R41: 39.38 | S41: 0 | T41: 39.31 | V41: 38.38 | W41: 0 | Y41: 21Fresh Beef, Meat with Bones | Z41: 365 | AA41: 0 | AB41: 365 | AD41: 365 | AE41: 0 | AF41: 21Fresh Beef, Pure Meat | AG41: 425 | AH41: 0 | AI41: 425 | AK41: 425 | AL41: 0 | AM41: 21Fresh Pork, Kasim | AN41: 400 | AO41: 0 | AP41: 400 | AR41: 400 | AS41: 0 | AT41: 21Fresh Pork, Liempo | AU41: 420 | AV41: 0 | AW41: 420 | AY41: 420 | AZ41: 0 | BA41: 21Fresh Pork, Meat with Bones | BB41: 370 | BC41: 0 | BD41: 370 | BF41: 370 | BG41: 0 | BH41: 21Dressed Chicken | BI41: 235 | BJ41: 0 | BK41: 235 | BM41: 230 | BN41: 0 | BO41: 21Chicken egg, med. (piece) | BP41: 8.38 | BQ41: 0 | BR41: 8 | BT41: 8.25 | BU41: 0 | BW41: 21Bangus | BX41: 280 | BY41: 0 | BZ41: 290 | CB41: 300 | CC41: 0 | CD41: 21Galunggong | CE41: 290 | CF41: 0 | CG41: 300 | CI41: 310 | CJ41: 0 | CK41: 21Tilapia | CL41: 170 | CM41: 0 | CN41: 175 | CP41: 170 | CQ41: 0 | CS41: 21Ampalaya | CT41: 160 | CU41: 0 | CV41: 119 | CX41: 135 | CY41: 0 | CZ41: 21Cabbage | DA41: 172.5 | DB41: 0 | DC41: 97.5 | DE41: 87.5 | DF41: 0 | DG41: 21Carrot | DH41: 247.5 | DI41: 0 | DJ41: 252.5 | DL41: 250 | DM41: 0 | DN41: 21Eggplant | DO41: 142.5 | DP41: 0 | DQ41: 80 | DS41: 94 | DT41: 0 | DU41: 21Baguio Beans | DV41: 160 | DW41: 0 | DX41: 125 | DZ41: 117.5 | EA41: 0 | EB41: 21Pechay, Native | EC41: 180 | ED41: 0 | EE41: 115 | EG41: 110 | EH41: 0 | EI41: 21String Beans | EJ41: 137.5 | EK41: 0 | EL41: 104 | EN41: 110 | EO41: 0 | EP41: 21Tomato | EQ41: 89 | ER41: 0 | ES41: 157.5 | EU41: 139 | EV41: 0 | EW41: 21White Potato | EX41: 100 | EY41: 0 | EZ41: 101 | FB41: 104 | FC41: 0 | FE41: 21Onion, Red | FF41: 160 | FG41: 0 | FH41: 156 | FJ41: 156 | FK41: 0 | FL41: 21Garlic, Native | FM41: 0 | FN41: 0 | FO41: 0 | FQ41: 0 | FR41: 0 | FS41: 21Garlic, Imported | FT41: 150 | FU41: 0 | FV41: 145 | FX41: 145 | FY41: 0 | FZ41: 21Ginger, Hawaiian | GA41: 175 | GB41: 0 | GC41: 160 | GE41: 150 | GF41: 0 | GH41: 21Banana, Lakatan | GI41: 95 | GJ41: 0 | GK41: 100 | GM41: 100 | GN41: 0 | GO41: 21Banana, Latundan | GP41: 65 | GQ41: 0 | GR41: 65 | GT41: 65 | GU41: 0 | GV41: 21Calamansi | GW41: 97.5 | GX41: 0 | GY41: 124 | HA41: 124 | HB41: 0 | HC41: 21Mango, Carabao | HD41: 180 | HE41: 0 | HF41: 190 | HH41: 190 | HI41: 0 | HJ41: 21Papaya | HK41: 65 | HL41: 0 | HM41: 60 | HO41: 60 | HP41: 0 | HR41: 21Cooking oil | HS41: 162.76 | HT41: 0 | HU41: 180.76 | HW41: 180.76 | HX41: 0 | HY41: 21Brown Sugar | HZ41: 75.88 | IA41: 0 | IB41: 75.88 | ID41: 75.88 | IE41: 0 | IF41: 21Refined Sugar | IG41: 0 | IH41: 0 | II41: 0 | IK41: 0 | IL41: 0
A42: 34 | B42: Laguna | C42: 34Rice, Special | D42: 55.38 | E42: 0 | F42: 55.74 | H42: 55.74 | I42: 0 | J42: 34Rice, Well Milled | K42: 52 | L42: 0 | M42: 52 | O42: 52 | P42: 0 | Q42: 34Rice, Regular Milled | R42: 43.45 | S42: 0 | T42: 44.64 | V42: 44.64 | W42: 0 | Y42: 34Fresh Beef, Meat with Bones | Z42: 354.5 | AA42: 0 | AB42: 354.5 | AD42: 354.5 | AE42: 0 | AF42: 34Fresh Beef, Pure Meat | AG42: 478 | AH42: 0 | AI42: 478 | AK42: 478 | AL42: 0 | AM42: 34Fresh Pork, Kasim | AN42: 382 | AO42: 0 | AP42: 382 | AR42: 382 | AS42: 0 | AT42: 34Fresh Pork, Liempo | AU42: 438 | AV42: 0 | AW42: 443 | AY42: 443 | AZ42: 0 | BA42: 34Fresh Pork, Meat with Bones | BB42: 348 | BC42: 0 | BD42: 353 | BF42: 353 | BG42: 0 | BH42: 34Dressed Chicken | BI42: 222 | BJ42: 0 | BK42: 222 | BM42: 222 | BN42: 0 | BO42: 34Chicken egg, med. (piece) | BP42: 8.63 | BQ42: 0 | BR42: 8.63 | BT42: 8.63 | BU42: 0 | BW42: 34Bangus | BX42: 231 | BY42: 0 | BZ42: 241 | CB42: 292.5 | CC42: 0 | CD42: 34Galunggong | CE42: 270 | CF42: 0 | CG42: 290 | CI42: 301.5 | CJ42: 0 | CK42: 34Tilapia | CL42: 160 | CM42: 0 | CN42: 168.5 | CP42: 173.5 | CQ42: 0 | CS42: 34Ampalaya | CT42: 95 | CU42: 0 | CV42: 85 | CX42: 96 | CY42: 0 | CZ42: 34Cabbage | DA42: 102 | DB42: 0 | DC42: 96 | DE42: 74.5 | DF42: 0 | DG42: 34Carrot | DH42: 150 | DI42: 0 | DJ42: 205 | DL42: 215 | DM42: 0 | DN42: 34Eggplant | DO42: 111.5 | DP42: 0 | DQ42: 61 | DS42: 61 | DT42: 0 | DU42: 34Baguio Beans | DV42: 130 | DW42: 0 | DX42: 139 | DZ42: 163.5 | EA42: 0 | EB42: 34Pechay, Native | EC42: 125 | ED42: 0 | EE42: 151 | EG42: 86 | EH42: 0 | EI42: 34String Beans | EJ42: 108.5 | EK42: 0 | EL42: 81.5 | EN42: 95 | EO42: 0 | EP42: 34Tomato | EQ42: 73 | ER42: 0 | ES42: 112.5 | EU42: 114 | EV42: 0 | EW42: 34White Potato | EX42: 75 | EY42: 0 | EZ42: 95 | FB42: 95 | FC42: 0 | FE42: 34Onion, Red | FF42: 138.5 | FG42: 0 | FH42: 162 | FJ42: 161 | FK42: 0 | FL42: 34Garlic, Native | FM42: 0 | FN42: 0 | FO42: 0 | FQ42: 0 | FR42: 0 | FS42: 34Garlic, Imported | FT42: 145 | FU42: 0 | FV42: 162 | FX42: 157.5 | FY42: 0 | FZ42: 34Ginger, Hawaiian | GA42: 261 | GB42: 0 | GC42: 261 | GE42: 261 | GF42: 0 | GH42: 34Banana, Lakatan | GI42: 114 | GJ42: 0 | GK42: 109 | GM42: 104 | GN42: 0 | GO42: 34Banana, Latundan | GP42: 73.5 | GQ42: 0 | GR42: 73.5 | GT42: 68.5 | GU42: 0 | GV42: 34Calamansi | GW42: 73.5 | GX42: 0 | GY42: 66.5 | HA42: 64 | HB42: 0 | HC42: 34Mango, Carabao | HD42: 195 | HE42: 0 | HF42: 176.5 | HH42: 176.5 | HI42: 0 | HJ42: 34Papaya | HK42: 0 | HL42: 0 | HM42: 0 | HO42: 0 | HP42: 0 | HR42: 34Cooking oil | HS42: 109.51 | HT42: 0 | HU42: 109.51 | HW42: 103.57 | HX42: 0 | HY42: 34Brown Sugar | HZ42: 89.75 | IA42: 0 | IB42: 89.75 | ID42: 89.75 | IE42: 0 | IF42: 34Refined Sugar | IG42: 0 | IH42: 0 | II42: 0 | IK42: 0 | IL42: 0
A43: 56 | B43: Quezon | C43: 56Rice, Special | D43: 51 | E43: 0 | F43: 51 | H43: 51 | I43: 0 | J43: 56Rice, Well Milled | K43: 46 | L43: 0 | M43: 45.5 | O43: 45.5 | P43: 0 | Q43: 56Rice, Regular Milled | R43: 37.5 | S43: 0 | T43: 37.5 | V43: 37.5 | W43: 0 | Y43: 56Fresh Beef, Meat with Bones | Z43: 380 | AA43: 0 | AB43: 400 | AD43: 400 | AE43: 0 | AF43: 56Fresh Beef, Pure Meat | AG43: 480 | AH43: 0 | AI43: 500 | AK43: 500 | AL43: 0 | AM43: 56Fresh Pork, Kasim | AN43: 380 | AO43: 0 | AP43: 370 | AR43: 360 | AS43: 0 | AT43: 56Fresh Pork, Liempo | AU43: 390 | AV43: 0 | AW43: 380 | AY43: 380 | AZ43: 0 | BA43: 56Fresh Pork, Meat with Bones | BB43: 360 | BC43: 0 | BD43: 350 | BF43: 350 | BG43: 0 | BH43: 56Dressed Chicken | BI43: 220 | BJ43: 0 | BK43: 220 | BM43: 220 | BN43: 0 | BO43: 56Chicken egg, med. (piece) | BP43: 8.5 | BQ43: 0 | BR43: 8 | BT43: 8 | BU43: 0 | BW43: 56Bangus | BX43: 250 | BY43: 0 | BZ43: 280 | CB43: 250 | CC43: 0 | CD43: 56Galunggong | CE43: 250 | CF43: 0 | CG43: 250 | CI43: 250 | CJ43: 0 | CK43: 56Tilapia | CL43: 160 | CM43: 0 | CN43: 130 | CP43: 140 | CQ43: 0 | CS43: 56Ampalaya | CT43: 160 | CU43: 0 | CV43: 120 | CX43: 120 | CY43: 0 | CZ43: 56Cabbage | DA43: 200 | DB43: 0 | DC43: 100 | DE43: 110 | DF43: 0 | DG43: 56Carrot | DH43: 250 | DI43: 0 | DJ43: 250 | DL43: 300 | DM43: 0 | DN43: 56Eggplant | DO43: 180 | DP43: 0 | DQ43: 60 | DS43: 80 | DT43: 0 | DU43: 56Baguio Beans | DV43: 0 | DW43: 0 | DX43: 0 | DZ43: 0 | EA43: 0 | EB43: 56Pechay, Native | EC43: 100 | ED43: 0 | EE43: 100 | EG43: 100 | EH43: 0 | EI43: 56String Beans | EJ43: 140 | EK43: 0 | EL43: 100 | EN43: 120 | EO43: 0 | EP43: 56Tomato | EQ43: 80 | ER43: 0 | ES43: 160 | EU43: 120 | EV43: 0 | EW43: 56White Potato | EX43: 100 | EY43: 0 | EZ43: 100 | FB43: 100 | FC43: 0 | FE43: 56Onion, Red | FF43: 160 | FG43: 0 | FH43: 160 | FJ43: 160 | FK43: 0 | FL43: 56Garlic, Native | FM43: 160 | FN43: 0 | FO43: 160 | FQ43: 160 | FR43: 0 | FS43: 56Garlic, Imported | FT43: 0 | FU43: 0 | FV43: 0 | FX43: 0 | FY43: 0 | FZ43: 56Ginger, Hawaiian | GA43: 0 | GB43: 0 | GC43: 0 | GE43: 0 | GF43: 0 | GH43: 56Banana, Lakatan | GI43: 100 | GJ43: 0 | GK43: 100 | GM43: 100 | GN43: 0 | GO43: 56Banana, Latundan | GP43: 70 | GQ43: 0 | GR43: 60 | GT43: 70 | GU43: 0 | GV43: 56Calamansi | GW43: 0 | GX43: 0 | GY43: 0 | HA43: 0 | HB43: 0 | HC43: 56Mango, Carabao | HD43: 150 | HE43: 0 | HF43: 180 | HH43: 180 | HI43: 0 | HJ43: 56Papaya | HK43: 80 | HL43: 0 | HM43: 80 | HO43: 80 | HP43: 0 | HR43: 56Cooking oil | HS43: 165.71 | HT43: 0 | HU43: 165.71 | HW43: 165.71 | HX43: 0 | HY43: 56Brown Sugar | HZ43: 77.5 | IA43: 0 | IB43: 77.5 | ID43: 77.5 | IE43: 0 | IF43: 56Refined Sugar | IG43: 101.25 | IH43: 0 | II43: 101.25 | IK43: 101.25 | IL43: 0
A44: 58 | B44: Rizal | C44: 58Rice, Special | D44: 59 | E44: 0 | F44: 59 | H44: 59 | I44: 0 | J44: 58Rice, Well Milled | K44: 52.25 | L44: 0 | M44: 52.25 | O44: 52.25 | P44: 0 | Q44: 58Rice, Regular Milled | R44: 41.05 | S44: 0 | T44: 39.3 | V44: 39.3 | W44: 0 | Y44: 58Fresh Beef, Meat with Bones | Z44: 392.5 | AA44: 0 | AB44: 387.5 | AD44: 397.5 | AE44: 0 | AF44: 58Fresh Beef, Pure Meat | AG44: 482.5 | AH44: 0 | AI44: 492.5 | AK44: 492.5 | AL44: 0 | AM44: 58Fresh Pork, Kasim | AN44: 340 | AO44: 0 | AP44: 330 | AR44: 330 | AS44: 0 | AT44: 58Fresh Pork, Liempo | AU44: 401 | AV44: 0 | AW44: 401 | AY44: 401 | AZ44: 0 | BA44: 58Fresh Pork, Meat with Bones | BB44: 283.5 | BC44: 0 | BD44: 278.5 | BF44: 278.5 | BG44: 0 | BH44: 58Dressed Chicken | BI44: 219 | BJ44: 0 | BK44: 219 | BM44: 219 | BN44: 0 | BO44: 58Chicken egg, med. (piece) | BP44: 8.92 | BQ44: 0 | BR44: 8.92 | BT44: 8.92 | BU44: 0 | BW44: 58Bangus | BX44: 284.5 | BY44: 0 | BZ44: 284.5 | CB44: 302.5 | CC44: 0 | CD44: 58Galunggong | CE44: 304.5 | CF44: 0 | CG44: 314.5 | CI44: 294.5 | CJ44: 0 | CK44: 58Tilapia | CL44: 166 | CM44: 0 | CN44: 176 | CP44: 161 | CQ44: 0 | CS44: 58Ampalaya | CT44: 145 | CU44: 0 | CV44: 125 | CX44: 146.5 | CY44: 0 | CZ44: 58Cabbage | DA44: 191 | DB44: 0 | DC44: 107 | DE44: 90 | DF44: 0 | DG44: 58Carrot | DH44: 261.5 | DI44: 0 | DJ44: 271 | DL44: 281 | DM44: 0 | DN44: 58Eggplant | DO44: 161 | DP44: 0 | DQ44: 102.5 | DS44: 102.5 | DT44: 0 | DU44: 58Baguio Beans | DV44: 171 | DW44: 0 | DX44: 171 | DZ44: 137.5 | EA44: 0 | EB44: 58Pechay, Native | EC44: 116 | ED44: 0 | EE44: 116 | EG44: 101 | EH44: 0 | EI44: 58String Beans | EJ44: 132.5 | EK44: 0 | EL44: 129 | EN44: 152.5 | EO44: 0 | EP44: 58Tomato | EQ44: 93.5 | ER44: 0 | ES44: 153 | EU44: 121 | EV44: 0 | EW44: 58White Potato | EX44: 100 | EY44: 0 | EZ44: 103.5 | FB44: 117 | FC44: 0 | FE44: 58Onion, Red | FF44: 175 | FG44: 0 | FH44: 174 | FJ44: 169 | FK44: 0 | FL44: 58Garlic, Native | FM44: 320 | FN44: 0 | FO44: 320 | FQ44: 320 | FR44: 0 | FS44: 58Garlic, Imported | FT44: 181 | FU44: 0 | FV44: 179 | FX44: 174.5 | FY44: 0 | FZ44: 58Ginger, Hawaiian | GA44: 0 | GB44: 0 | GC44: 0 | GE44: 0 | GF44: 0 | GH44: 58Banana, Lakatan | GI44: 116.5 | GJ44: 0 | GK44: 116.5 | GM44: 116.5 | GN44: 0 | GO44: 58Banana, Latundan | GP44: 78.5 | GQ44: 0 | GR44: 78.5 | GT44: 81 | GU44: 0 | GV44: 58Calamansi | GW44: 147.5 | GX44: 0 | GY44: 147.5 | HA44: 117.5 | HB44: 0 | HC44: 58Mango, Carabao | HD44: 205 | HE44: 0 | HF44: 207.5 | HH44: 197.5 | HI44: 0 | HJ44: 58Papaya | HK44: 0 | HL44: 0 | HM44: 0 | HO44: 0 | HP44: 0 | HR44: 58Cooking oil | HS44: 207.3 | HT44: 0 | HU44: 207.3 | HW44: 207.3 | HX44: 0 | HY44: 58Brown Sugar | HZ44: 84.25 | IA44: 0 | IB44: 84.25 | ID44: 84.25 | IE44: 0 | IF44: 58Refined Sugar | IG44: 0 | IH44: 0 | II44: 0 | IK44: 0 | IL44: 0
A45: 5624 | B45: City of Lucena | C45: 5624Rice, Special | D45: 50.83 | E45: 0 | F45: 50.83 | H45: 50.5 | I45: 0 | J45: 5624Rice, Well Milled | K45: 45 | L45: 0 | M45: 44.5 | O45: 44.5 | P45: 0 | Q45: 5624Rice, Regular Milled | R45: 38.17 | S45: 0 | T45: 38.17 | V45: 38.33 | W45: 0 | Y45: 5624Fresh Beef, Meat with Bones | Z45: 380 | AA45: 0 | AB45: 393.33 | AD45: 393.33 | AE45: 0 | AF45: 5624Fresh Beef, Pure Meat | AG45: 463.33 | AH45: 0 | AI45: 473.33 | AK45: 483.33 | AL45: 0 | AM45: 5624Fresh Pork, Kasim | AN45: 376 | AO45: 0 | AP45: 362 | AR45: 364 | AS45: 0 | AT45: 5624Fresh Pork, Liempo | AU45: 392 | AV45: 0 | AW45: 378 | AY45: 382 | AZ45: 0 | BA45: 5624Fresh Pork, Meat with Bones | BB45: 362 | BC45: 0 | BD45: 354 | BF45: 348 | BG45: 0 | BH45: 5624Dressed Chicken | BI45: 231 | BJ45: 0 | BK45: 230 | BM45: 230 | BN45: 0 | BO45: 5624Chicken egg, med. (piece) | BP45: 8.2 | BQ45: 0 | BR45: 8 | BT45: 8 | BU45: 0 | BW45: 5624Bangus | BX45: 216 | BY45: 0 | BZ45: 232 | CB45: 220 | CC45: 0 | CD45: 5624Galunggong | CE45: 266 | CF45: 0 | CG45: 266 | CI45: 258 | CJ45: 0 | CK45: 5624Tilapia | CL45: 144 | CM45: 0 | CN45: 136 | CP45: 134 | CQ45: 0 | CS45: 5624Ampalaya | CT45: 140 | CU45: 0 | CV45: 116 | CX45: 118 | CY45: 0 | CZ45: 5624Cabbage | DA45: 172 | DB45: 0 | DC45: 116 | DE45: 104 | DF45: 0 | DG45: 5624Carrot | DH45: 242 | DI45: 0 | DJ45: 256 | DL45: 278 | DM45: 0 | DN45: 5624Eggplant | DO45: 140 | DP45: 0 | DQ45: 70 | DS45: 70 | DT45: 0 | DU45: 5624Baguio Beans | DV45: 0 | DW45: 0 | DX45: 0 | DZ45: 0 | EA45: 0 | EB45: 5624Pechay, Native | EC45: 100 | ED45: 0 | EE45: 100 | EG45: 100 | EH45: 0 | EI45: 5624String Beans | EJ45: 114 | EK45: 0 | EL45: 92 | EN45: 97 | EO45: 0 | EP45: 5624Tomato | EQ45: 79 | ER45: 0 | ES45: 123 | EU45: 116 | EV45: 0 | EW45: 5624White Potato | EX45: 90 | EY45: 0 | EZ45: 90 | FB45: 90 | FC45: 0 | FE45: 5624Onion, Red | FF45: 155 | FG45: 0 | FH45: 157.5 | FJ45: 157.5 | FK45: 0 | FL45: 5624Garlic, Native | FM45: 0 | FN45: 0 | FO45: 0 | FQ45: 0 | FR45: 0 | FS45: 5624Garlic, Imported | FT45: 0 | FU45: 0 | FV45: 0 | FX45: 0 | FY45: 0 | FZ45: 5624Ginger, Hawaiian | GA45: 188 | GB45: 0 | GC45: 182 | GE45: 196 | GF45: 0 | GH45: 5624Banana, Lakatan | GI45: 86 | GJ45: 0 | GK45: 86 | GM45: 88 | GN45: 0 | GO45: 5624Banana, Latundan | GP45: 68 | GQ45: 0 | GR45: 62 | GT45: 64 | GU45: 0 | GV45: 5624Calamansi | GW45: 0 | GX45: 0 | GY45: 0 | HA45: 0 | HB45: 0 | HC45: 5624Mango, Carabao | HD45: 172 | HE45: 0 | HF45: 184 | HH45: 196 | HI45: 0 | HJ45: 5624Papaya | HK45: 0 | HL45: 0 | HM45: 0 | HO45: 0 | HP45: 0 | HR45: 5624Cooking oil | HS45: 147.43 | HT45: 0 | HU45: 147.43 | HW45: 147.43 | HX45: 0 | HY45: 5624Brown Sugar | HZ45: 82 | IA45: 0 | IB45: 82 | ID45: 82 | IE45: 0 | IF45: 5624Refined Sugar | IG45: 100.38 | IH45: 0 | II45: 100.38 | IK45: 100.38 | IL45: 0
A46: MIMAROPA | B46: MIMAROPA Region | C46: MIMAROPARice, Special | D46: 61.57 | E46: 0 | F46: 61.56 | H46: 61.67 | I46: 0 | J46: MIMAROPARice, Well Milled | K46: 50.22 | L46: 0 | M46: 50.15 | O46: 50.16 | P46: 0 | Q46: MIMAROPARice, Regular Milled | R46: 43.1 | S46: 0 | T46: 42.7 | U46: r | V46: 42.71 | W46: 0 | Y46: MIMAROPAFresh Beef, Meat with Bones | Z46: 391.17 | AA46: 0 | AB46: 388.95 | AD46: 388.95 | AE46: 0 | AF46: MIMAROPAFresh Beef, Pure Meat | AG46: 438.33 | AH46: 0 | AI46: 438.33 | AK46: 438.33 | AL46: 0 | AM46: MIMAROPAFresh Pork, Kasim | AN46: 401.5 | AO46: 0 | AP46: 386.5 | AR46: 384.28 | AS46: 0 | AT46: MIMAROPAFresh Pork, Liempo | AU46: 410.7 | AV46: 0 | AW46: 398.75 | AY46: 394.31 | AZ46: 0 | BA46: MIMAROPAFresh Pork, Meat with Bones | BB46: 371 | BC46: 0 | BD46: 366.28 | BF46: 361.83 | BG46: 0 | BH46: MIMAROPADressed Chicken | BI46: 236.75 | BJ46: 0 | BK46: 235.08 | BM46: 235.08 | BN46: 0 | BO46: MIMAROPAChicken egg, med. (piece) | BP46: 9.34 | BQ46: 0 | BR46: 9.41 | BT46: 9.41 | BU46: 0 | BW46: MIMAROPABangus | BX46: 257.98 | BY46: 0 | BZ46: 262.15 | CB46: 267.15 | CC46: 0 | CD46: MIMAROPAGalunggong | CE46: 199.17 | CF46: 0 | CG46: 197.92 | CI46: 199.17 | CJ46: 0 | CK46: MIMAROPATilapia | CL46: 181.25 | CM46: 0 | CN46: 186.25 | CP46: 182.5 | CQ46: 0 | CS46: MIMAROPAAmpalaya | CT46: 139.92 | CU46: 0 | CV46: 129.64 | CX46: 134.92 | CY46: 0 | CZ46: MIMAROPACabbage | DA46: 130.75 | DB46: 0 | DC46: 156.45 | DE46: 140.75 | DF46: 0 | DG46: MIMAROPACarrot | DH46: 240.17 | DI46: 0 | DJ46: 272.67 | DL46: 285.33 | DM46: 0 | DN46: MIMAROPAEggplant | DO46: 138.53 | DP46: 0 | DQ46: 105.47 | DS46: 109.64 | DT46: 0 | DU46: MIMAROPABaguio Beans | DV46: 160.4 | DW46: 0 | DX46: 177.73 | DZ46: 176.07 | EA46: 0 | EB46: MIMAROPAPechay, Native | EC46: 127.34 | ED46: 0 | EE46: 127.34 | EG46: 125.56 | EH46: 0 | EI46: MIMAROPAString Beans | EJ46: 190.42 | EK46: 0 | EL46: 174.69 | EN46: 179.36 | EO46: 0 | EP46: MIMAROPATomato | EQ46: 107.42 | ER46: 0 | ES46: 134.95 | EU46: 144.22 | EV46: 0 | EW46: MIMAROPAWhite Potato | EX46: 126.11 | EY46: 0 | EZ46: 138.89 | FB46: 141.25 | FC46: 0 | FE46: MIMAROPAOnion, Red | FF46: 162.2 | FG46: 0 | FH46: 174.67 | FJ46: 175.78 | FK46: 0 | FL46: MIMAROPAGarlic, Native | FM46: 177.08 | FN46: 0 | FO46: 182.92 | FQ46: 182.5 | FR46: 0 | FS46: MIMAROPAGarlic, Imported | FT46: 177.17 | FU46: 0 | FV46: 175.06 | FX46: 167.28 | FY46: 0 | FZ46: MIMAROPAGinger, Hawaiian | GA46: 182.27 | GB46: 0 | GC46: 188.93 | GE46: 182.93 | GF46: 0 | GH46: MIMAROPABanana, Lakatan | GI46: 110 | GJ46: 0 | GK46: 110 | GM46: 108.33 | GN46: 0 | GO46: MIMAROPABanana, Latundan | GP46: 51.67 | GQ46: 0 | GR46: 52.5 | GT46: 52.5 | GU46: 0 | GV46: MIMAROPACalamansi | GW46: 113.8 | GX46: 0 | GY46: 96.8 | HA46: 89 | HB46: 0 | HC46: MIMAROPAMango, Carabao | HD46: 180.94 | HE46: 0 | HF46: 199.28 | HH46: 205.94 | HI46: 0 | HJ46: MIMAROPAPapaya | HK46: 58.43 | HL46: 0 | HM46: 58.1 | HO46: 59.1 | HP46: 0 | HR46: MIMAROPACooking oil | HS46: 153.78 | HT46: 0 | HU46: 153.78 | HW46: 153.78 | HX46: 0 | HY46: MIMAROPABrown Sugar | HZ46: 74.52 | IA46: 0 | IB46: 74.42 | ID46: 74.47 | IE46: 0 | IF46: MIMAROPARefined Sugar | IG46: 91.53 | IH46: 0 | II46: 91.53 | IK46: 91.28 | IL46: 0
A47: 40 | B47: Marinduque | C47: 40Rice, Special | D47: 55.96 | E47: 0 | F47: 55.96 | H47: 55.54 | I47: 0 | J47: 40Rice, Well Milled | K47: 50.2 | L47: 0 | M47: 50.37 | O47: 50.04 | P47: 0 | Q47: 40Rice, Regular Milled | R47: 36 | S47: 0 | T47: 35.67 | V47: 35.75 | W47: 0 | Y47: 40Fresh Beef, Meat with Bones | Z47: 380 | AA47: 0 | AB47: 380 | AD47: 380 | AE47: 0 | AF47: 40Fresh Beef, Pure Meat | AG47: 0 | AH47: 0 | AI47: 0 | AK47: 0 | AL47: 0 | AM47: 40Fresh Pork, Kasim | AN47: 340 | AO47: 0 | AP47: 320 | AR47: 320 | AS47: 0 | AT47: 40Fresh Pork, Liempo | AU47: 340 | AV47: 0 | AW47: 320 | AY47: 320 | AZ47: 0 | BA47: 40Fresh Pork, Meat with Bones | BB47: 340 | BC47: 0 | BD47: 320 | BF47: 320 | BG47: 0 | BH47: 40Dressed Chicken | BI47: 240 | BJ47: 0 | BK47: 230 | BM47: 230 | BN47: 0 | BO47: 40Chicken egg, med. (piece) | BP47: 8.5 | BQ47: 0 | BR47: 8.5 | BT47: 8.5 | BU47: 0 | BW47: 40Bangus | BX47: 280 | BY47: 0 | BZ47: 300 | CB47: 300 | CC47: 0 | CD47: 40Galunggong | CE47: 260 | CF47: 0 | CG47: 260 | CI47: 260 | CJ47: 0 | CK47: 40Tilapia | CL47: 180 | CM47: 0 | CN47: 190 | CP47: 180 | CQ47: 0 | CS47: 40Ampalaya | CT47: 120 | CU47: 0 | CV47: 100 | CX47: 120 | CY47: 0 | CZ47: 40Cabbage | DA47: 80 | DB47: 0 | DC47: 170 | DE47: 100 | DF47: 0 | DG47: 40Carrot | DH47: 300 | DI47: 0 | DJ47: 280 | DL47: 280 | DM47: 0 | DN47: 40Eggplant | DO47: 120 | DP47: 0 | DQ47: 70 | DS47: 90 | DT47: 0 | DU47: 40Baguio Beans | DV47: 100 | DW47: 0 | DX47: 100 | DZ47: 100 | EA47: 0 | EB47: 40Pechay, Native | EC47: 100 | ED47: 0 | EE47: 100 | EG47: 100 | EH47: 0 | EI47: 40String Beans | EJ47: 133.33 | EK47: 0 | EL47: 133.33 | EN47: 133.33 | EO47: 0 | EP47: 40Tomato | EQ47: 90 | ER47: 0 | ES47: 170 | EU47: 150 | EV47: 0 | EW47: 40White Potato | EX47: 90 | EY47: 0 | EZ47: 120 | FB47: 120 | FC47: 0 | FE47: 40Onion, Red | FF47: 120 | FG47: 0 | FH47: 170 | FJ47: 170 | FK47: 0 | FL47: 40Garlic, Native | FM47: 0 | FN47: 0 | FO47: 0 | FQ47: 0 | FR47: 0 | FS47: 40Garlic, Imported | FT47: 170 | FU47: 0 | FV47: 170 | FX47: 170 | FY47: 0 | FZ47: 40Ginger, Hawaiian | GA47: 180 | GB47: 0 | GC47: 180 | GE47: 180 | GF47: 0 | GH47: 40Banana, Lakatan | GI47: 100 | GJ47: 0 | GK47: 100 | GM47: 100 | GN47: 0 | GO47: 40Banana, Latundan | GP47: 35 | GQ47: 0 | GR47: 35 | GT47: 35 | GU47: 0 | GV47: 40Calamansi | GW47: 130 | GX47: 0 | GY47: 130 | HA47: 80 | HB47: 0 | HC47: 40Mango, Carabao | HD47: 130 | HE47: 0 | HF47: 180 | HH47: 200 | HI47: 0 | HJ47: 40Papaya | HK47: 40 | HL47: 0 | HM47: 40 | HO47: 40 | HP47: 0 | HR47: 40Cooking oil | HS47: 0 | HT47: 0 | HU47: 0 | HW47: 0 | HX47: 0 | HY47: 40Brown Sugar | HZ47: 71 | IA47: 0 | IB47: 71 | ID47: 71 | IE47: 0 | IF47: 40Refined Sugar | IG47: 0 | IH47: 0 | II47: 0 | IK47: 0 | IL47: 0
A48: 51 | B48: Occidental Mindoro | C48: 51Rice, Special | D48: 59.27 | E48: 0 | F48: 60.17 | H48: 60.14 | I48: 0 | J48: 51Rice, Well Milled | K48: 47.6 | L48: 0 | M48: 47.83 | O48: 47.77 | P48: 0 | Q48: 51Rice, Regular Milled | R48: 41.9 | S48: 0 | T48: 42.17 | V48: 41.57 | W48: 0 | Y48: 51Fresh Beef, Meat with Bones | Z48: 400 | AA48: 0 | AB48: 390 | AD48: 390 | AE48: 0 | AF48: 51Fresh Beef, Pure Meat | AG48: 420 | AH48: 0 | AI48: 420 | AK48: 420 | AL48: 0 | AM48: 51Fresh Pork, Kasim | AN48: 425 | AO48: 0 | AP48: 420 | AR48: 420 | AS48: 0 | AT48: 51Fresh Pork, Liempo | AU48: 410 | AV48: 0 | AW48: 410 | AY48: 410 | AZ48: 0 | BA48: 51Fresh Pork, Meat with Bones | BB48: 375 | BC48: 0 | BD48: 375 | BF48: 375 | BG48: 0 | BH48: 51Dressed Chicken | BI48: 250 | BJ48: 0 | BK48: 250 | BM48: 250 | BN48: 0 | BO48: 51Chicken egg, med. (piece) | BP48: 10.25 | BQ48: 0 | BR48: 10.25 | BT48: 10.25 | BU48: 0 | BW48: 51Bangus | BX48: 200 | BY48: 0 | BZ48: 200 | CB48: 200 | CC48: 0 | CD48: 51Galunggong | CE48: 140 | CF48: 0 | CG48: 160 | CI48: 165 | CJ48: 0 | CK48: 51Tilapia | CL48: 190 | CM48: 0 | CN48: 190 | CP48: 190 | CQ48: 0 | CS48: 51Ampalaya | CT48: 140 | CU48: 0 | CV48: 100 | CX48: 95 | CY48: 0 | CZ48: 51Cabbage | DA48: 95 | DB48: 0 | DC48: 110 | DE48: 95 | DF48: 0 | DG48: 51Carrot | DH48: 160 | DI48: 0 | DJ48: 300 | DL48: 350 | DM48: 0 | DN48: 51Eggplant | DO48: 135 | DP48: 0 | DQ48: 90 | DS48: 80 | DT48: 0 | DU48: 51Baguio Beans | DV48: 190 | DW48: 0 | DX48: 215 | DZ48: 215 | EA48: 0 | EB48: 51Pechay, Native | EC48: 116.67 | ED48: 0 | EE48: 116.67 | EG48: 116.67 | EH48: 0 | EI48: 51String Beans | EJ48: 0 | EK48: 0 | EL48: 0 | EN48: 0 | EO48: 0 | EP48: 51Tomato | EQ48: 90 | ER48: 0 | ES48: 130 | EU48: 150 | EV48: 0 | EW48: 51White Potato | EX48: 140 | EY48: 0 | EZ48: 145 | FB48: 140 | FC48: 0 | FE48: 51Onion, Red | FF48: 180 | FG48: 0 | FH48: 190 | FJ48: 200 | FK48: 0 | FL48: 51Garlic, Native | FM48: 200 | FN48: 0 | FO48: 225 | FQ48: 225 | FR48: 0 | FS48: 51Garlic, Imported | FT48: 190 | FU48: 0 | FV48: 190 | FX48: 185 | FY48: 0 | FZ48: 51Ginger, Hawaiian | GA48: 180 | GB48: 0 | GC48: 180 | GE48: 180 | GF48: 0 | GH48: 51Banana, Lakatan | GI48: 0 | GJ48: 0 | GK48: 0 | GM48: 0 | GN48: 0 | GO48: 51Banana, Latundan | GP48: 45 | GQ48: 0 | GR48: 47.5 | GT48: 47.5 | GU48: 0 | GV48: 51Calamansi | GW48: 100 | GX48: 0 | GY48: 80 | HA48: 85 | HB48: 0 | HC48: 51Mango, Carabao | HD48: 0 | HE48: 0 | HF48: 0 | HH48: 0 | HI48: 0 | HJ48: 51Papaya | HK48: 60 | HL48: 0 | HM48: 65 | HO48: 65 | HP48: 0 | HR48: 51Cooking oil | HS48: 0 | HT48: 0 | HU48: 0 | HW48: 0 | HX48: 0 | HY48: 51Brown Sugar | HZ48: 68.5 | IA48: 0 | IB48: 68 | ID48: 68 | IE48: 0 | IF48: 51Refined Sugar | IG48: 0 | IH48: 0 | II48: 0 | IK48: 0 | IL48: 0
A49: 52 | B49: Oriental Mindoro | C49: 52Rice, Special | D49: 52.34 | E49: 0 | F49: 52.34 | H49: 52.34 | I49: 0 | J49: 52Rice, Well Milled | K49: 43 | L49: 0 | M49: 43 | O49: 43 | P49: 0 | Q49: 52Rice, Regular Milled | R49: 37.67 | S49: 0 | T49: 37.67 | V49: 38 | W49: 0 | Y49: 52Fresh Beef, Meat with Bones | Z49: 445 | AA49: 0 | AB49: 445 | AD49: 445 | AE49: 0 | AF49: 52Fresh Beef, Pure Meat | AG49: 525 | AH49: 0 | AI49: 525 | AK49: 525 | AL49: 0 | AM49: 52Fresh Pork, Kasim | AN49: 495 | AO49: 0 | AP49: 485 | AR49: 485 | AS49: 0 | AT49: 52Fresh Pork, Liempo | AU49: 535 | AV49: 0 | AW49: 515 | AY49: 515 | AZ49: 0 | BA49: 52Fresh Pork, Meat with Bones | BB49: 480 | BC49: 0 | BD49: 475 | BF49: 475 | BG49: 0 | BH49: 52Dressed Chicken | BI49: 217.5 | BJ49: 0 | BK49: 217.5 | BM49: 217.5 | BN49: 0 | BO49: 52Chicken egg, med. (piece) | BP49: 9.63 | BQ49: 0 | BR49: 9.63 | BT49: 9.63 | BU49: 0 | BW49: 52Bangus | BX49: 197.5 | BY49: 0 | BZ49: 197.5 | CB49: 227.5 | CC49: 0 | CD49: 52Galunggong | CE49: 250 | CF49: 0 | CG49: 250 | CI49: 290 | CJ49: 0 | CK49: 52Tilapia | CL49: 175 | CM49: 0 | CN49: 185 | CP49: 180 | CQ49: 0 | CS49: 52Ampalaya | CT49: 150 | CU49: 0 | CV49: 175 | CX49: 175 | CY49: 0 | CZ49: 52Cabbage | DA49: 175 | DB49: 0 | DC49: 200 | DE49: 207.5 | DF49: 0 | DG49: 52Carrot | DH49: 310 | DI49: 0 | DJ49: 325 | DL49: 340 | DM49: 0 | DN49: 52Eggplant | DO49: 197.5 | DP49: 0 | DQ49: 165 | DS49: 175 | DT49: 0 | DU49: 52Baguio Beans | DV49: 215 | DW49: 0 | DX49: 215 | DZ49: 230 | EA49: 0 | EB49: 52Pechay, Native | EC49: 185 | ED49: 0 | EE49: 185 | EG49: 185 | EH49: 0 | EI49: 52String Beans | EJ49: 311.67 | EK49: 0 | EL49: 311.67 | EN49: 311.67 | EO49: 0 | EP49: 52Tomato | EQ49: 110 | ER49: 0 | ES49: 135 | EU49: 175 | EV49: 0 | EW49: 52White Potato | EX49: 150 | EY49: 0 | EZ49: 170 | FB49: 185 | FC49: 0 | FE49: 52Onion, Red | FF49: 175 | FG49: 0 | FH49: 175 | FJ49: 180 | FK49: 0 | FL49: 52Garlic, Native | FM49: 140 | FN49: 0 | FO49: 140 | FQ49: 140 | FR49: 0 | FS49: 52Garlic, Imported | FT49: 185 | FU49: 0 | FV49: 185 | FX49: 155 | FY49: 0 | FZ49: 52Ginger, Hawaiian | GA49: 215 | GB49: 0 | GC49: 250 | GE49: 215 | GF49: 0 | GH49: 52Banana, Lakatan | GI49: 110 | GJ49: 0 | GK49: 110 | GM49: 110 | GN49: 0 | GO49: 52Banana, Latundan | GP49: 0 | GQ49: 0 | GR49: 0 | GT49: 0 | GU49: 0 | GV49: 52Calamansi | GW49: 135 | GX49: 0 | GY49: 90 | HA49: 100 | HB49: 0 | HC49: 52Mango, Carabao | HD49: 0 | HE49: 0 | HF49: 0 | HH49: 0 | HI49: 0 | HJ49: 52Papaya | HK49: 0 | HL49: 0 | HM49: 0 | HO49: 0 | HP49: 0 | HR49: 52Cooking oil | HS49: 126.56 | HT49: 0 | HU49: 126.56 | HW49: 126.56 | HX49: 0 | HY49: 52Brown Sugar | HZ49: 77.13 | IA49: 0 | IB49: 77.13 | ID49: 75.38 | IE49: 0 | IF49: 52Refined Sugar | IG49: 88.5 | IH49: 0 | II49: 88.5 | IK49: 88 | IL49: 0
A50: 53 | B50: Palawan | C50: 53Rice, Special | D50: 65.96 | E50: 0 | F50: 65.08 | H50: 65.96 | I50: 0 | J50: 53Rice, Well Milled | K50: 60.18 | L50: 0 | M50: 60.18 | O50: 60.59 | P50: 0 | Q50: 53Rice, Regular Milled | R50: 47.97 | S50: 0 | T50: 48.02 | V50: 48.02 | W50: 0 | Y50: 53Fresh Beef, Meat with Bones | Z50: 412.5 | AA50: 0 | AB50: 412.5 | AD50: 412.5 | AE50: 0 | AF50: 53Fresh Beef, Pure Meat | AG50: 0 | AH50: 0 | AI50: 0 | AK50: 0 | AL50: 0 | AM50: 53Fresh Pork, Kasim | AN50: 415 | AO50: 0 | AP50: 385 | AR50: 375 | AS50: 0 | AT50: 53Fresh Pork, Liempo | AU50: 417.5 | AV50: 0 | AW50: 397.5 | AY50: 377.5 | AZ50: 0 | BA50: 53Fresh Pork, Meat with Bones | BB50: 375 | BC50: 0 | BD50: 370 | BF50: 350 | BG50: 0 | BH50: 53Dressed Chicken | BI50: 235 | BJ50: 0 | BK50: 235 | BM50: 235 | BN50: 0 | BO50: 53Chicken egg, med. (piece) | BP50: 10.29 | BQ50: 0 | BR50: 10.29 | BT50: 10.29 | BU50: 0 | BW50: 53Bangus | BX50: 300 | BY50: 0 | BZ50: 300 | CB50: 300 | CC50: 0 | CD50: 53Galunggong | CE50: 180 | CF50: 0 | CG50: 170 | CI50: 140 | CJ50: 0 | CK50: 53Tilapia | CL50: 0 | CM50: 0 | CN50: 0 | CP50: 0 | CQ50: 0 | CS50: 53Ampalaya | CT50: 135 | CU50: 0 | CV50: 120 | CX50: 135 | CY50: 0 | CZ50: 53Cabbage | DA50: 115 | DB50: 0 | DC50: 160 | DE50: 150 | DF50: 0 | DG50: 53Carrot | DH50: 150 | DI50: 0 | DJ50: 180 | DL50: 180 | DM50: 0 | DN50: 53Eggplant | DO50: 100 | DP50: 0 | DQ50: 100 | DS50: 105 | DT50: 0 | DU50: 53Baguio Beans | DV50: 130 | DW50: 0 | DX50: 160 | DZ50: 150 | EA50: 0 | EB50: 53Pechay, Native | EC50: 117.5 | ED50: 0 | EE50: 117.5 | EG50: 117.5 | EH50: 0 | EI50: 53String Beans | EJ50: 160 | EK50: 0 | EL50: 160 | EN50: 160 | EO50: 0 | EP50: 53Tomato | EQ50: 105 | ER50: 0 | ES50: 90 | EU50: 90 | EV50: 0 | EW50: 53White Potato | EX50: 105 | EY50: 0 | EZ50: 135 | FB50: 135 | FC50: 0 | FE50: 53Onion, Red | FF50: 165 | FG50: 0 | FH50: 165 | FJ50: 165 | FK50: 0 | FL50: 53Garlic, Native | FM50: 185 | FN50: 0 | FO50: 185 | FQ50: 185 | FR50: 0 | FS50: 53Garlic, Imported | FT50: 170 | FU50: 0 | FV50: 160 | FX50: 160 | FY50: 0 | FZ50: 53Ginger, Hawaiian | GA50: 0 | GB50: 0 | GC50: 0 | GE50: 0 | GF50: 0 | GH50: 53Banana, Lakatan | GI50: 0 | GJ50: 0 | GK50: 0 | GM50: 0 | GN50: 0 | GO50: 53Banana, Latundan | GP50: 0 | GQ50: 0 | GR50: 0 | GT50: 0 | GU50: 0 | GV50: 53Calamansi | GW50: 104 | GX50: 0 | GY50: 88 | HA50: 88 | HB50: 0 | HC50: 53Mango, Carabao | HD50: 195 | HE50: 0 | HF50: 195 | HH50: 195 | HI50: 0 | HJ50: 53Papaya | HK50: 60 | HL50: 0 | HM50: 55 | HO50: 55 | HP50: 0 | HR50: 53Cooking oil | HS50: 140 | HT50: 0 | HU50: 140 | HW50: 140 | HX50: 0 | HY50: 53Brown Sugar | HZ50: 78.5 | IA50: 0 | IB50: 78.5 | ID50: 78.5 | IE50: 0 | IF50: 53Refined Sugar | IG50: 94 | IH50: 0 | II50: 94 | IK50: 94 | IL50: 0
A51: 59 | B51: Romblon | C51: 59Rice, Special | D51: 71.38 | E51: 0 | F51: 71.58 | H51: 71.58 | I51: 0 | J51: 59Rice, Well Milled | K51: 46.29 | L51: 0 | M51: 46.13 | O51: 46.25 | P51: 0 | Q51: 59Rice, Regular Milled | R51: 46.8 | S51: 0 | T51: 45.21 | V51: 45.09 | W51: 0 | Y51: 59Fresh Beef, Meat with Bones | Z51: 330 | AA51: 0 | AB51: 330 | AD51: 330 | AE51: 0 | AF51: 59Fresh Beef, Pure Meat | AG51: 370 | AH51: 0 | AI51: 370 | AK51: 370 | AL51: 0 | AM51: 59Fresh Pork, Kasim | AN51: 340 | AO51: 0 | AP51: 340 | AR51: 340 | AS51: 0 | AT51: 59Fresh Pork, Liempo | AU51: 360 | AV51: 0 | AW51: 360 | AY51: 360 | AZ51: 0 | BA51: 59Fresh Pork, Meat with Bones | BB51: 310 | BC51: 0 | BD51: 310 | BF51: 310 | BG51: 0 | BH51: 59Dressed Chicken | BI51: 235 | BJ51: 0 | BK51: 235 | BM51: 235 | BN51: 0 | BO51: 59Chicken egg, med. (piece) | BP51: 7 | BQ51: 0 | BR51: 7.42 | BT51: 7.42 | BU51: 0 | BW51: 59Bangus | BX51: 260 | BY51: 0 | BZ51: 265 | CB51: 265 | CC51: 0 | CD51: 59Galunggong | CE51: 175 | CF51: 0 | CG51: 175 | CI51: 175 | CJ51: 0 | CK51: 59Tilapia | CL51: 180 | CM51: 0 | CN51: 180 | CP51: 180 | CQ51: 0 | CS51: 59Ampalaya | CT51: 135 | CU51: 0 | CV51: 130 | CX51: 130 | CY51: 0 | CZ51: 59Cabbage | DA51: 180 | DB51: 0 | DC51: 135 | DE51: 140 | DF51: 0 | DG51: 59Carrot | DH51: 325 | DI51: 0 | DJ51: 325 | DL51: 340 | DM51: 0 | DN51: 59Eggplant | DO51: 150 | DP51: 0 | DQ51: 90 | DS51: 90 | DT51: 0 | DU51: 59Baguio Beans | DV51: 0 | DW51: 0 | DX51: 0 | DZ51: 0 | EA51: 0 | EB51: 59Pechay, Native | EC51: 83.33 | ED51: 0 | EE51: 83.33 | EG51: 83.33 | EH51: 0 | EI51: 59String Beans | EJ51: 190 | EK51: 0 | EL51: 110 | EN51: 130 | EO51: 0 | EP51: 59Tomato | EQ51: 120 | ER51: 0 | ES51: 166 | EU51: 180 | EV51: 0 | EW51: 59White Potato | EX51: 140 | EY51: 0 | EZ51: 130 | FB51: 130 | FC51: 0 | FE51: 59Onion, Red | FF51: 155 | FG51: 0 | FH51: 170 | FJ51: 160 | FK51: 0 | FL51: 59Garlic, Native | FM51: 0 | FN51: 0 | FO51: 0 | FQ51: 0 | FR51: 0 | FS51: 59Garlic, Imported | FT51: 176 | FU51: 0 | FV51: 180 | FX51: 170 | FY51: 0 | FZ51: 59Ginger, Hawaiian | GA51: 165 | GB51: 0 | GC51: 165 | GE51: 170 | GF51: 0 | GH51: 59Banana, Lakatan | GI51: 120 | GJ51: 0 | GK51: 120 | GM51: 115 | GN51: 0 | GO51: 59Banana, Latundan | GP51: 75 | GQ51: 0 | GR51: 75 | GT51: 75 | GU51: 0 | GV51: 59Calamansi | GW51: 0 | GX51: 0 | GY51: 0 | HA51: 0 | HB51: 0 | HC51: 59Mango, Carabao | HD51: 0 | HE51: 0 | HF51: 0 | HH51: 0 | HI51: 0 | HJ51: 59Papaya | HK51: 50 | HL51: 0 | HM51: 50 | HO51: 55 | HP51: 0 | HR51: 59Cooking oil | HS51: 178.95 | HT51: 0 | HU51: 178.95 | HW51: 178.95 | HX51: 0 | HY51: 59Brown Sugar | HZ51: 0 | IA51: 0 | IB51: 0 | ID51: 0 | IE51: 0 | IF51: 59Refined Sugar | IG51: 0 | IH51: 0 | II51: 0 | IK51: 0 | IL51: 0
A52: 5316 | B52: City of Puerto Princesa | C52: 5316Rice, Special | D52: 64.52 | E52: 0 | F52: 64.24 | H52: 64.48 | I52: 0 | J52: 5316Rice, Well Milled | K52: 54.06 | L52: 0 | M52: 53.4 | O52: 53.33 | P52: 0 | Q52: 5316Rice, Regular Milled | R52: 48.25 | S52: 0 | T52: 47.43 | U52: r | V52: 47.83 | W52: 0 | Y52: 5316Fresh Beef, Meat with Bones | Z52: 379.5 | AA52: 0 | AB52: 376.17 | AD52: 376.17 | AE52: 0 | AF52: 5316Fresh Beef, Pure Meat | AG52: 0 | AH52: 0 | AI52: 0 | AK52: 0 | AL52: 0 | AM52: 5316Fresh Pork, Kasim | AN52: 394 | AO52: 0 | AP52: 369 | AR52: 365.67 | AS52: 0 | AT52: 5316Fresh Pork, Liempo | AU52: 401.67 | AV52: 0 | AW52: 390 | AY52: 383.33 | AZ52: 0 | BA52: 5316Fresh Pork, Meat with Bones | BB52: 346 | BC52: 0 | BD52: 347.67 | BF52: 341 | BG52: 0 | BH52: 5316Dressed Chicken | BI52: 243 | BJ52: 0 | BK52: 243 | BM52: 243 | BN52: 0 | BO52: 5316Chicken egg, med. (piece) | BP52: 10.35 | BQ52: 0 | BR52: 10.35 | BT52: 10.35 | BU52: 0 | BW52: 5316Bangus | BX52: 310.4 | BY52: 0 | BZ52: 310.4 | CB52: 310.4 | CC52: 0 | CD52: 5316Galunggong | CE52: 190 | CF52: 0 | CG52: 172.5 | CI52: 165 | CJ52: 0 | CK52: 5316Tilapia | CL52: 0 | CM52: 0 | CN52: 0 | CP52: 0 | CQ52: 0 | CS52: 5316Ampalaya | CT52: 159.5 | CU52: 0 | CV52: 152.83 | CX52: 154.5 | CY52: 0 | CZ52: 5316Cabbage | DA52: 139.5 | DB52: 0 | DC52: 163.67 | DE52: 152 | DF52: 0 | DG52: 5316Carrot | DH52: 196 | DI52: 0 | DJ52: 226 | DL52: 222 | DM52: 0 | DN52: 5316Eggplant | DO52: 128.67 | DP52: 0 | DQ52: 117.83 | DS52: 117.83 | DT52: 0 | DU52: 5316Baguio Beans | DV52: 167 | DW52: 0 | DX52: 198.67 | DZ52: 185.33 | EA52: 0 | EB52: 5316Pechay, Native | EC52: 161.56 | ED52: 0 | EE52: 161.56 | EG52: 150.88 | EH52: 0 | EI52: 5316String Beans | EJ52: 157.1 | EK52: 0 | EL52: 158.45 | EN52: 161.8 | EO52: 0 | EP52: 5316Tomato | EQ52: 129.5 | ER52: 0 | ES52: 118.67 | EU52: 120.33 | EV52: 0 | EW52: 5316White Potato | EX52: 131.67 | EY52: 0 | EZ52: 133.33 | FB52: 137.5 | FC52: 0 | FE52: 5316Onion, Red | FF52: 178.17 | FG52: 0 | FH52: 178 | FJ52: 179.67 | FK52: 0 | FL52: 5316Garlic, Native | FM52: 183.33 | FN52: 0 | FO52: 181.67 | FQ52: 180 | FR52: 0 | FS52: 5316Garlic, Imported | FT52: 172 | FU52: 0 | FV52: 165.33 | FX52: 163.67 | FY52: 0 | FZ52: 5316Ginger, Hawaiian | GA52: 171.33 | GB52: 0 | GC52: 169.67 | GE52: 169.67 | GF52: 0 | GH52: 5316Banana, Lakatan | GI52: 0 | GJ52: 0 | GK52: 0 | GM52: 0 | GN52: 0 | GO52: 5316Banana, Latundan | GP52: 0 | GQ52: 0 | GR52: 0 | GT52: 0 | GU52: 0 | GV52: 5316Calamansi | GW52: 100 | GX52: 0 | GY52: 96 | HA52: 92 | HB52: 0 | HC52: 5316Mango, Carabao | HD52: 217.83 | HE52: 0 | HF52: 222.83 | HH52: 222.83 | HI52: 0 | HJ52: 5316Papaya | HK52: 82.17 | HL52: 0 | HM52: 80.5 | HO52: 80.5 | HP52: 0 | HR52: 5316Cooking oil | HS52: 169.6 | HT52: 0 | HU52: 169.6 | HW52: 169.6 | HX52: 0 | HY52: 5316Brown Sugar | HZ52: 77.46 | IA52: 0 | IB52: 77.46 | ID52: 79.46 | IE52: 0 | IF52: 5316Refined Sugar | IG52: 92.08 | IH52: 0 | II52: 92.08 | IK52: 91.83 | IL52: 0
A53: R5 | B53: V - Bicol Region | C53: R5Rice, Special | D53: 58.91 | E53: 0 | F53: 53.22 | G53: r | H53: 55.39 | I53: 0 | J53: R5Rice, Well Milled | K53: 41.98 | L53: 0 | M53: 43.12 | N53: r | O53: 41.72 | P53: 0 | Q53: R5Rice, Regular Milled | R53: 38.05 | S53: 0 | T53: 37.48 | U53: r | V53: 36.64 | W53: 0 | Y53: R5Fresh Beef, Meat with Bones | Z53: 370.8 | AA53: 0 | AB53: 369.8 | AD53: 369.8 | AE53: 0 | AF53: R5Fresh Beef, Pure Meat | AG53: 482.75 | AH53: 0 | AI53: 484 | AK53: 484 | AL53: 0 | AM53: R5Fresh Pork, Kasim | AN53: 371.25 | AO53: 0 | AP53: 365.42 | AR53: 363.75 | AS53: 0 | AT53: R5Fresh Pork, Liempo | AU53: 394.75 | AV53: 0 | AW53: 393.67 | AY53: 392 | AZ53: 0 | BA53: R5Fresh Pork, Meat with Bones | BB53: 336.2 | BC53: 0 | BD53: 332.9 | BF53: 325.6 | BG53: 0 | BH53: R5Dressed Chicken | BI53: 234 | BJ53: 0 | BK53: 234 | BM53: 229 | BN53: 0 | BO53: R5Chicken egg, med. (piece) | BP53: 9.15 | BQ53: 0 | BR53: 8.97 | BT53: 9.02 | BU53: 0 | BW53: R5Bangus | BX53: 230.9 | BY53: 0 | BZ53: 245.4 | CB53: 257.9 | CC53: 0 | CD53: R5Galunggong | CE53: 209.25 | CF53: 0 | CG53: 249.25 | CI53: 249.25 | CJ53: 0 | CK53: R5Tilapia | CL53: 202.83 | CM53: 0 | CN53: 184.5 | CP53: 180.33 | CQ53: 0 | CS53: R5Ampalaya | CT53: 159.2 | CU53: 0 | CV53: 123.2 | CX53: 124.8 | CY53: 0 | CZ53: R5Cabbage | DA53: 168.3 | DB53: 0 | DC53: 166.4 | DE53: 135.2 | DF53: 0 | DG53: R5Carrot | DH53: 234 | DI53: 0 | DJ53: 253.9 | DL53: 268.3 | DM53: 0 | DN53: R5Eggplant | DO53: 145.92 | DP53: 0 | DQ53: 93.08 | DS53: 102.83 | DT53: 0 | DU53: R5Baguio Beans | DV53: 194.83 | DW53: 0 | DX53: 180.5 | DZ53: 179.17 | EA53: 0 | EB53: R5Pechay, Native | EC53: 158.6 | ED53: 0 | EE53: 133.43 | EG53: 134.43 | EH53: 0 | EI53: R5String Beans | EJ53: 125.67 | EK53: 0 | EL53: 124.17 | EN53: 118.92 | EO53: 0 | EP53: R5Tomato | EQ53: 98.92 | ER53: 0 | ES53: 122.42 | EU53: 129.5 | EV53: 0 | EW53: R5White Potato | EX53: 128.45 | EY53: 0 | EZ53: 122.33 | FB53: 124.75 | FC53: 0 | FE53: R5Onion, Red | FF53: 174.3 | FG53: 0 | FH53: 173.4 | FJ53: 170.9 | FK53: 0 | FL53: R5Garlic, Native | FM53: 185.67 | FN53: 0 | FO53: 191.5 | FQ53: 184.83 | FR53: 0 | FS53: R5Garlic, Imported | FT53: 168.67 | FU53: 0 | FV53: 170 | FX53: 168.67 | FY53: 0 | FZ53: R5Ginger, Hawaiian | GA53: 208.42 | GB53: 0 | GC53: 209.92 | GE53: 207.75 | GF53: 0 | GH53: R5Banana, Lakatan | GI53: 114.2 | GJ53: 0 | GK53: 114.5 | GM53: 112.5 | GN53: 0 | GO53: R5Banana, Latundan | GP53: 71.8 | GQ53: 0 | GR53: 67.2 | GT53: 66.2 | GU53: 0 | GV53: R5Calamansi | GW53: 98.9 | GX53: 0 | GY53: 89.4 | HA53: 80.6 | HB53: 0 | HC53: R5Mango, Carabao | HD53: 166.9 | HE53: 0 | HF53: 160 | HH53: 169.9 | HI53: 0 | HJ53: R5Papaya | HK53: 77.7 | HL53: 0 | HM53: 80.7 | HO53: 76.3 | HP53: 0 | HR53: R5Cooking oil | HS53: 198.67 | HT53: 0 | HU53: 208.72 | HW53: 208.72 | HX53: 0 | HY53: R5Brown Sugar | HZ53: 78.41 | IA53: 0 | IB53: 78.28 | ID53: 79.58 | IE53: 0 | IF53: R5Refined Sugar | IG53: 93.93 | IH53: 0 | II53: 93.93 | IK53: 93.13 | IL53: 0
A54: 5 | B54: Albay | C54: 5Rice, Special | D54: 52.15 | E54: 0 | F54: 54.46 | H54: 50.96 | I54: 0 | J54: 5Rice, Well Milled | K54: 46.61 | L54: 0 | M54: 46.58 | O54: 45.52 | P54: 0 | Q54: 5Rice, Regular Milled | R54: 41.13 | S54: 0 | T54: 42.88 | V54: 40.35 | W54: 0 | Y54: 5Fresh Beef, Meat with Bones | Z54: 461.5 | AA54: 0 | AB54: 466.5 | AD54: 466.5 | AE54: 0 | AF54: 5Fresh Beef, Pure Meat | AG54: 511.5 | AH54: 0 | AI54: 516.5 | AK54: 516.5 | AL54: 0 | AM54: 5Fresh Pork, Kasim | AN54: 374 | AO54: 0 | AP54: 369 | AR54: 369 | AS54: 0 | AT54: 5Fresh Pork, Liempo | AU54: 404 | AV54: 0 | AW54: 399 | AY54: 399 | AZ54: 0 | BA54: 5Fresh Pork, Meat with Bones | BB54: 364.5 | BC54: 0 | BD54: 359.5 | BF54: 359.5 | BG54: 0 | BH54: 5Dressed Chicken | BI54: 0 | BJ54: 0 | BK54: 0 | BM54: 0 | BN54: 0 | BO54: 5Chicken egg, med. (piece) | BP54: 8.75 | BQ54: 0 | BR54: 8.88 | BT54: 8.88 | BU54: 0 | BW54: 5Bangus | BX54: 252.5 | BY54: 0 | BZ54: 220 | CB54: 262.5 | CC54: 0 | CD54: 5Galunggong | CE54: 257.5 | CF54: 0 | CG54: 257.5 | CI54: 257.5 | CJ54: 0 | CK54: 5Tilapia | CL54: 180 | CM54: 0 | CN54: 180 | CP54: 180 | CQ54: 0 | CS54: 5Ampalaya | CT54: 174.5 | CU54: 0 | CV54: 114.5 | CX54: 107.5 | CY54: 0 | CZ54: 5Cabbage | DA54: 149.5 | DB54: 0 | DC54: 162.5 | DE54: 100 | DF54: 0 | DG54: 5Carrot | DH54: 205 | DI54: 0 | DJ54: 269.5 | DL54: 247.5 | DM54: 0 | DN54: 5Eggplant | DO54: 169.5 | DP54: 0 | DQ54: 107.5 | DS54: 107.5 | DT54: 0 | DU54: 5Baguio Beans | DV54: 154.5 | DW54: 0 | DX54: 150 | DZ54: 150 | EA54: 0 | EB54: 5Pechay, Native | EC54: 0 | ED54: 0 | EE54: 0 | EG54: 0 | EH54: 0 | EI54: 5String Beans | EJ54: 110 | EK54: 0 | EL54: 104.5 | EN54: 104.5 | EO54: 0 | EP54: 5Tomato | EQ54: 72.5 | ER54: 0 | ES54: 111.5 | EU54: 120 | EV54: 0 | EW54: 5White Potato | EX54: 112.5 | EY54: 0 | EZ54: 112.5 | FB54: 119.5 | FC54: 0 | FE54: 5Onion, Red | FF54: 167.5 | FG54: 0 | FH54: 172.5 | FJ54: 165 | FK54: 0 | FL54: 5Garlic, Native | FM54: 0 | FN54: 0 | FO54: 0 | FQ54: 0 | FR54: 0 | FS54: 5Garlic, Imported | FT54: 0 | FU54: 0 | FV54: 0 | FX54: 0 | FY54: 0 | FZ54: 5Ginger, Hawaiian | GA54: 209.52 | GB54: 0 | GC54: 215.52 | GE54: 195.52 | GF54: 0 | GH54: 5Banana, Lakatan | GI54: 108 | GJ54: 0 | GK54: 109.5 | GM54: 89.5 | GN54: 0 | GO54: 5Banana, Latundan | GP54: 0 | GQ54: 0 | GR54: 0 | GT54: 0 | GU54: 0 | GV54: 5Calamansi | GW54: 94.5 | GX54: 0 | GY54: 84.5 | HA54: 65 | HB54: 0 | HC54: 5Mango, Carabao | HD54: 159.5 | HE54: 0 | HF54: 147.5 | HH54: 150 | HI54: 0 | HJ54: 5Papaya | HK54: 67.5 | HL54: 0 | HM54: 67.5 | HO54: 65 | HP54: 0 | HR54: 5Cooking oil | HS54: 211.76 | HT54: 0 | HU54: 211.76 | HW54: 211.76 | HX54: 0 | HY54: 5Brown Sugar | HZ54: 81.18 | IA54: 0 | IB54: 79 | ID54: 79 | IE54: 0 | IF54: 5Refined Sugar | IG54: 94.7 | IH54: 0 | II54: 94.7 | IK54: 91.5 | IL54: 0
A55: 16 | B55: Camarines Norte | C55: 16Rice, Special | D55: 83.7 | E55: 0 | F55: 53.9 | G55: r | H55: 68.76 | I55: 0 | J55: 16Rice, Well Milled | K55: 36.25 | L55: 0 | M55: 42.75 | O55: 38.75 | P55: 0 | Q55: 16Rice, Regular Milled | R55: 32.5 | S55: 0 | T55: 32.5 | V55: 31 | W55: 0 | Y55: 16Fresh Beef, Meat with Bones | Z55: 365 | AA55: 0 | AB55: 365 | AD55: 365 | AE55: 0 | AF55: 16Fresh Beef, Pure Meat | AG55: 0 | AH55: 0 | AI55: 0 | AK55: 0 | AL55: 0 | AM55: 16Fresh Pork, Kasim | AN55: 389 | AO55: 0 | AP55: 389 | AR55: 389 | AS55: 0 | AT55: 16Fresh Pork, Liempo | AU55: 385 | AV55: 0 | AW55: 403.5 | AY55: 403.5 | AZ55: 0 | BA55: 16Fresh Pork, Meat with Bones | BB55: 317.5 | BC55: 0 | BD55: 313.5 | BF55: 313.5 | BG55: 0 | BH55: 16Dressed Chicken | BI55: 0 | BJ55: 0 | BK55: 0 | BM55: 0 | BN55: 0 | BO55: 16Chicken egg, med. (piece) | BP55: 9.38 | BQ55: 0 | BR55: 9.38 | BT55: 9.38 | BU55: 0 | BW55: 16Bangus | BX55: 220 | BY55: 0 | BZ55: 280 | CB55: 280 | CC55: 0 | CD55: 16Galunggong | CE55: 120 | CF55: 0 | CG55: 200 | CI55: 200 | CJ55: 0 | CK55: 16Tilapia | CL55: 160 | CM55: 0 | CN55: 160 | CP55: 160 | CQ55: 0 | CS55: 16Ampalaya | CT55: 180 | CU55: 0 | CV55: 105 | CX55: 125 | CY55: 0 | CZ55: 16Cabbage | DA55: 182 | DB55: 0 | DC55: 142 | DE55: 142 | DF55: 0 | DG55: 16Carrot | DH55: 0 | DI55: 0 | DJ55: 0 | DL55: 0 | DM55: 0 | DN55: 16Eggplant | DO55: 110 | DP55: 0 | DQ55: 95 | DS55: 105 | DT55: 0 | DU55: 16Baguio Beans | DV55: 180 | DW55: 0 | DX55: 161.5 | DZ55: 151.5 | EA55: 0 | EB55: 16Pechay, Native | EC55: 162.5 | ED55: 0 | EE55: 100 | EG55: 100 | EH55: 0 | EI55: 16String Beans | EJ55: 100 | EK55: 0 | EL55: 89.5 | EN55: 99.5 | EO55: 0 | EP55: 16Tomato | EQ55: 145 | ER55: 0 | ES55: 139 | EU55: 149 | EV55: 0 | EW55: 16White Potato | EX55: 117 | EY55: 0 | EZ55: 107 | FB55: 117 | FC55: 0 | FE55: 16Onion, Red | FF55: 179.5 | FG55: 0 | FH55: 164 | FJ55: 164 | FK55: 0 | FL55: 16Garlic, Native | FM55: 0 | FN55: 0 | FO55: 0 | FQ55: 0 | FR55: 0 | FS55: 16Garlic, Imported | FT55: 158.5 | FU55: 0 | FV55: 158.5 | FX55: 158.5 | FY55: 0 | FZ55: 16Ginger, Hawaiian | GA55: 205 | GB55: 0 | GC55: 205 | GE55: 205 | GF55: 0 | GH55: 16Banana, Lakatan | GI55: 105 | GJ55: 0 | GK55: 105 | GM55: 105 | GN55: 0 | GO55: 16Banana, Latundan | GP55: 54 | GQ55: 0 | GR55: 56 | GT55: 56 | GU55: 0 | GV55: 16Calamansi | GW55: 111.5 | GX55: 0 | GY55: 71.5 | HA55: 71.5 | HB55: 0 | HC55: 16Mango, Carabao | HD55: 175 | HE55: 0 | HF55: 180 | HH55: 185 | HI55: 0 | HJ55: 16Papaya | HK55: 0 | HL55: 0 | HM55: 0 | HO55: 0 | HP55: 0 | HR55: 16Cooking oil | HS55: 0 | HT55: 0 | HU55: 0 | HW55: 0 | HX55: 0 | HY55: 16Brown Sugar | HZ55: 79.5 | IA55: 0 | IB55: 79.5 | ID55: 79.5 | IE55: 0 | IF55: 16Refined Sugar | IG55: 93.5 | IH55: 0 | II55: 93.5 | IK55: 93.5 | IL55: 0
A56: 17 | B56: Camarines Sur | C56: 17Rice, Special | D56: 64.16 | E56: 0 | F56: 62.65 | H56: 63.31 | I56: 0 | J56: 17Rice, Well Milled | K56: 40.5 | L56: 0 | M56: 43.13 | O56: 41.72 | P56: 0 | Q56: 17Rice, Regular Milled | R56: 38.11 | S56: 0 | T56: 42.24 | V56: 41.92 | W56: 0 | Y56: 17Fresh Beef, Meat with Bones | Z56: 0 | AA56: 0 | AB56: 0 | AD56: 0 | AE56: 0 | AF56: 17Fresh Beef, Pure Meat | AG56: 542 | AH56: 0 | AI56: 542 | AK56: 542 | AL56: 0 | AM56: 17Fresh Pork, Kasim | AN56: 369.5 | AO56: 0 | AP56: 369.5 | AR56: 364.5 | AS56: 0 | AT56: 17Fresh Pork, Liempo | AU56: 419.5 | AV56: 0 | AW56: 419.5 | AY56: 414.5 | AZ56: 0 | BA56: 17Fresh Pork, Meat with Bones | BB56: 0 | BC56: 0 | BD56: 0 | BF56: 0 | BG56: 0 | BH56: 17Dressed Chicken | BI56: 0 | BJ56: 0 | BK56: 0 | BM56: 0 | BN56: 0 | BO56: 17Chicken egg, med. (piece) | BP56: 9.33 | BQ56: 0 | BR56: 8.79 | BT56: 8.94 | BU56: 0 | BW56: 17Bangus | BX56: 262 | BY56: 0 | BZ56: 257 | CB56: 257 | CC56: 0 | CD56: 17Galunggong | CE56: 299.5 | CF56: 0 | CG56: 299.5 | CI56: 299.5 | CJ56: 0 | CK56: 17Tilapia | CL56: 197 | CM56: 0 | CN56: 217 | CP56: 212 | CQ56: 0 | CS56: 17Ampalaya | CT56: 227.5 | CU56: 0 | CV56: 197.5 | CX56: 217.5 | CY56: 0 | CZ56: 17Cabbage | DA56: 0 | DB56: 0 | DC56: 0 | DE56: 0 | DF56: 0 | DG56: 17Carrot | DH56: 299.5 | DI56: 0 | DJ56: 259.5 | DL56: 365 | DM56: 0 | DN56: 17Eggplant | DO56: 190 | DP56: 0 | DQ56: 108.5 | DS56: 128.5 | DT56: 0 | DU56: 17Baguio Beans | DV56: 250 | DW56: 0 | DX56: 230 | DZ56: 236 | EA56: 0 | EB56: 17Pechay, Native | EC56: 227.5 | ED56: 0 | EE56: 187.5 | EG56: 182.5 | EH56: 0 | EI56: 17String Beans | EJ56: 216.5 | EK56: 0 | EL56: 206.5 | EN56: 167 | EO56: 0 | EP56: 17Tomato | EQ56: 102 | ER56: 0 | ES56: 122.5 | EU56: 134.5 | EV56: 0 | EW56: 17White Potato | EX56: 142.5 | EY56: 0 | EZ56: 140 | FB56: 132.5 | FC56: 0 | FE56: 17Onion, Red | FF56: 209.5 | FG56: 0 | FH56: 208 | FJ56: 208 | FK56: 0 | FL56: 17Garlic, Native | FM56: 0 | FN56: 0 | FO56: 0 | FQ56: 0 | FR56: 0 | FS56: 17Garlic, Imported | FT56: 198 | FU56: 0 | FV56: 197 | FX56: 198 | FY56: 0 | FZ56: 17Ginger, Hawaiian | GA56: 275 | GB56: 0 | GC56: 275 | GE56: 275 | GF56: 0 | GH56: 17Banana, Lakatan | GI56: 0 | GJ56: 0 | GK56: 0 | GM56: 0 | GN56: 0 | GO56: 17Banana, Latundan | GP56: 85 | GQ56: 0 | GR56: 85 | GT56: 85 | GU56: 0 | GV56: 17Calamansi | GW56: 116 | GX56: 0 | GY56: 101 | HA56: 84 | HB56: 0 | HC56: 17Mango, Carabao | HD56: 230 | HE56: 0 | HF56: 197.5 | HH56: 239.5 | HI56: 0 | HJ56: 17Papaya | HK56: 79.5 | HL56: 0 | HM56: 84.5 | HO56: 70 | HP56: 0 | HR56: 17Cooking oil | HS56: 185.57 | HT56: 0 | HU56: 205.67 | HW56: 205.67 | HX56: 0 | HY56: 17Brown Sugar | HZ56: 79.38 | IA56: 0 | IB56: 79.38 | ID56: 79.38 | IE56: 0 | IF56: 17Refined Sugar | IG56: 95.5 | IH56: 0 | II56: 95.5 | IK56: 95.5 | IL56: 0
A57: 20 | B57: Catanduanes | C57: 20Rice, Special | D57: 51.28 | E57: 0 | F57: 47.7 | H57: 48.13 | I57: 0 | J57: 20Rice, Well Milled | K57: 39.8 | L57: 0 | M57: 36.7 | O57: 37.78 | P57: 0 | Q57: 20Rice, Regular Milled | R57: 37.35 | S57: 0 | T57: 33.7 | V57: 34.3 | W57: 0 | Y57: 20Fresh Beef, Meat with Bones | Z57: 370 | AA57: 0 | AB57: 360 | AD57: 360 | AE57: 0 | AF57: 20Fresh Beef, Pure Meat | AG57: 0 | AH57: 0 | AI57: 0 | AK57: 0 | AL57: 0 | AM57: 20Fresh Pork, Kasim | AN57: 360 | AO57: 0 | AP57: 340 | AR57: 340 | AS57: 0 | AT57: 20Fresh Pork, Liempo | AU57: 372.5 | AV57: 0 | AW57: 362.5 | AY57: 362.5 | AZ57: 0 | BA57: 20Fresh Pork, Meat with Bones | BB57: 370 | BC57: 0 | BD57: 362.5 | BF57: 362.5 | BG57: 0 | BH57: 20Dressed Chicken | BI57: 0 | BJ57: 0 | BK57: 0 | BM57: 0 | BN57: 0 | BO57: 20Chicken egg, med. (piece) | BP57: 8.88 | BQ57: 0 | BR57: 9 | BT57: 9.13 | BU57: 0 | BW57: 20Bangus | BX57: 230 | BY57: 0 | BZ57: 230 | CB57: 250 | CC57: 0 | CD57: 20Galunggong | CE57: 0 | CF57: 0 | CG57: 0 | CI57: 0 | CJ57: 0 | CK57: 20Tilapia | CL57: 280 | CM57: 0 | CN57: 210 | CP57: 180 | CQ57: 0 | CS57: 20Ampalaya | CT57: 104 | CU57: 0 | CV57: 99 | CX57: 94 | CY57: 0 | CZ57: 20Cabbage | DA57: 160 | DB57: 0 | DC57: 145 | DE57: 140 | DF57: 0 | DG57: 20Carrot | DH57: 164.5 | DI57: 0 | DJ57: 249.5 | DL57: 257.5 | DM57: 0 | DN57: 20Eggplant | DO57: 130 | DP57: 0 | DQ57: 60 | DS57: 90 | DT57: 0 | DU57: 20Baguio Beans | DV57: 0 | DW57: 0 | DX57: 0 | DZ57: 0 | EA57: 0 | EB57: 20Pechay, Native | EC57: 130 | ED57: 0 | EE57: 130 | EG57: 120 | EH57: 0 | EI57: 20String Beans | EJ57: 107.52 | EK57: 0 | EL57: 127.52 | EN57: 117.52 | EO57: 0 | EP57: 20Tomato | EQ57: 90 | ER57: 0 | ES57: 117.5 | EU57: 117.5 | EV57: 0 | EW57: 20White Potato | EX57: 114.17 | EY57: 0 | EZ57: 100 | FB57: 105 | FC57: 0 | FE57: 20Onion, Red | FF57: 162.5 | FG57: 0 | FH57: 162.5 | FJ57: 157.5 | FK57: 0 | FL57: 20Garlic, Native | FM57: 162 | FN57: 0 | FO57: 162 | FQ57: 162 | FR57: 0 | FS57: 20Garlic, Imported | FT57: 149.5 | FU57: 0 | FV57: 154.5 | FX57: 149.5 | FY57: 0 | FZ57: 20Ginger, Hawaiian | GA57: 170 | GB57: 0 | GC57: 170 | GE57: 165 | GF57: 0 | GH57: 20Banana, Lakatan | GI57: 125 | GJ57: 0 | GK57: 125 | GM57: 125 | GN57: 0 | GO57: 20Banana, Latundan | GP57: 75 | GQ57: 0 | GR57: 75 | GT57: 75 | GU57: 0 | GV57: 20Calamansi | GW57: 72.5 | GX57: 0 | GY57: 90 | HA57: 82.5 | HB57: 0 | HC57: 20Mango, Carabao | HD57: 160 | HE57: 0 | HF57: 145 | HH57: 145 | HI57: 0 | HJ57: 20Papaya | HK57: 100 | HL57: 0 | HM57: 100 | HO57: 100 | HP57: 0 | HR57: 20Cooking oil | HS57: 0 | HT57: 0 | HU57: 0 | HW57: 0 | HX57: 0 | HY57: 20Brown Sugar | HZ57: 74.5 | IA57: 0 | IB57: 74.5 | ID57: 81 | IE57: 0 | IF57: 20Refined Sugar | IG57: 0 | IH57: 0 | II57: 0 | IK57: 0 | IL57: 0
A58: 41 | B58: Masbate | C58: 41Rice, Special | D58: 53.91 | E58: 0 | F58: 52.5 | H58: 53.05 | I58: 0 | J58: 41Rice, Well Milled | K58: 46 | L58: 0 | M58: 46.5 | O58: 43.17 | P58: 0 | Q58: 41Rice, Regular Milled | R58: 41 | S58: 0 | T58: 36 | V58: 35.04 | W58: 0 | Y58: 41Fresh Beef, Meat with Bones | Z58: 355 | AA58: 0 | AB58: 355 | AD58: 355 | AE58: 0 | AF58: 41Fresh Beef, Pure Meat | AG58: 445 | AH58: 0 | AI58: 445 | AK58: 445 | AL58: 0 | AM58: 41Fresh Pork, Kasim | AN58: 403 | AO58: 0 | AP58: 403 | AR58: 403 | AS58: 0 | AT58: 41Fresh Pork, Liempo | AU58: 419 | AV58: 0 | AW58: 419 | AY58: 419 | AZ58: 0 | BA58: 41Fresh Pork, Meat with Bones | BB58: 376.5 | BC58: 0 | BD58: 376.5 | BF58: 365 | BG58: 0 | BH58: 41Dressed Chicken | BI58: 0 | BJ58: 0 | BK58: 0 | BM58: 0 | BN58: 0 | BO58: 41Chicken egg, med. (piece) | BP58: 10 | BQ58: 0 | BR58: 9.25 | BT58: 9.25 | BU58: 0 | BW58: 41Bangus | BX58: 190 | BY58: 0 | BZ58: 240 | CB58: 240 | CC58: 0 | CD58: 41Galunggong | CE58: 160 | CF58: 0 | CG58: 240 | CI58: 240 | CJ58: 0 | CK58: 41Tilapia | CL58: 240 | CM58: 0 | CN58: 200 | CP58: 210 | CQ58: 0 | CS58: 41Ampalaya | CT58: 110 | CU58: 0 | CV58: 100 | CX58: 80 | CY58: 0 | CZ58: 41Cabbage | DA58: 150 | DB58: 0 | DC58: 150 | DE58: 150 | DF58: 0 | DG58: 41Carrot | DH58: 200 | DI58: 0 | DJ58: 140 | DL58: 175 | DM58: 0 | DN58: 41Eggplant | DO58: 110 | DP58: 0 | DQ58: 80 | DS58: 80 | DT58: 0 | DU58: 41Baguio Beans | DV58: 0 | DW58: 0 | DX58: 0 | DZ58: 0 | EA58: 0 | EB58: 41Pechay, Native | EC58: 120 | ED58: 0 | EE58: 126.67 | EG58: 156.67 | EH58: 0 | EI58: 41String Beans | EJ58: 80 | EK58: 0 | EL58: 80 | EN58: 85 | EO58: 0 | EP58: 41Tomato | EQ58: 80 | ER58: 0 | ES58: 100 | EU58: 110 | EV58: 0 | EW58: 41White Potato | EX58: 120 | EY58: 0 | EZ58: 120 | FB58: 120 | FC58: 0 | FE58: 41Onion, Red | FF58: 152.5 | FG58: 0 | FH58: 160 | FJ58: 160 | FK58: 0 | FL58: 41Garlic, Native | FM58: 152.5 | FN58: 0 | FO58: 170 | FQ58: 150 | FR58: 0 | FS58: 41Garlic, Imported | FT58: 0 | FU58: 0 | FV58: 0 | FX58: 0 | FY58: 0 | FZ58: 41Ginger, Hawaiian | GA58: 155 | GB58: 0 | GC58: 160 | GE58: 150 | GF58: 0 | GH58: 41Banana, Lakatan | GI58: 100 | GJ58: 0 | GK58: 100 | GM58: 110 | GN58: 0 | GO58: 41Banana, Latundan | GP58: 80 | GQ58: 0 | GR58: 55 | GT58: 55 | GU58: 0 | GV58: 41Calamansi | GW58: 100 | GX58: 0 | GY58: 100 | HA58: 100 | HB58: 0 | HC58: 41Mango, Carabao | HD58: 110 | HE58: 0 | HF58: 130 | HH58: 130 | HI58: 0 | HJ58: 41Papaya | HK58: 70 | HL58: 0 | HM58: 80 | HO58: 80 | HP58: 0 | HR58: 41Cooking oil | HS58: 0 | HT58: 0 | HU58: 0 | HW58: 0 | HX58: 0 | HY58: 41Brown Sugar | HZ58: 77.5 | IA58: 0 | IB58: 79 | ID58: 79 | IE58: 0 | IF58: 41Refined Sugar | IG58: 92 | IH58: 0 | II58: 92 | IK58: 92 | IL58: 0
A59: 62 | B59: Sorsogon | C59: 62Rice, Special | D59: 48.28 | E59: 0 | F59: 48.13 | G59: r | H59: 48.13 | I59: 0 | J59: 62Rice, Well Milled | K59: 42.74 | L59: 0 | M59: 43.03 | N59: r | O59: 43.4 | P59: 0 | Q59: 62Rice, Regular Milled | R59: 38.18 | S59: 0 | T59: 37.54 | U59: r | V59: 37.21 | W59: 0 | Y59: 62Fresh Beef, Meat with Bones | Z59: 302.5 | AA59: 0 | AB59: 302.5 | AD59: 302.5 | AE59: 0 | AF59: 62Fresh Beef, Pure Meat | AG59: 432.5 | AH59: 0 | AI59: 432.5 | AK59: 432.5 | AL59: 0 | AM59: 62Fresh Pork, Kasim | AN59: 332 | AO59: 0 | AP59: 322 | AR59: 317 | AS59: 0 | AT59: 62Fresh Pork, Liempo | AU59: 368.5 | AV59: 0 | AW59: 358.5 | AY59: 353.5 | AZ59: 0 | BA59: 62Fresh Pork, Meat with Bones | BB59: 252.5 | BC59: 0 | BD59: 252.5 | BF59: 227.5 | BG59: 0 | BH59: 62Dressed Chicken | BI59: 234 | BJ59: 0 | BK59: 234 | BM59: 229 | BN59: 0 | BO59: 62Chicken egg, med. (piece) | BP59: 8.54 | BQ59: 0 | BR59: 8.54 | BT59: 8.54 | BU59: 0 | BW59: 62Bangus | BX59: 0 | BY59: 0 | BZ59: 0 | CB59: 0 | CC59: 0 | CD59: 62Galunggong | CE59: 0 | CF59: 0 | CG59: 0 | CI59: 0 | CJ59: 0 | CK59: 62Tilapia | CL59: 160 | CM59: 0 | CN59: 140 | CP59: 140 | CQ59: 0 | CS59: 62Ampalaya | CT59: 0 | CU59: 0 | CV59: 0 | CX59: 0 | CY59: 0 | CZ59: 62Cabbage | DA59: 200 | DB59: 0 | DC59: 232.5 | DE59: 144 | DF59: 0 | DG59: 62Carrot | DH59: 301 | DI59: 0 | DJ59: 351 | DL59: 296.5 | DM59: 0 | DN59: 62Eggplant | DO59: 166 | DP59: 0 | DQ59: 107.5 | DS59: 106 | DT59: 0 | DU59: 62Baguio Beans | DV59: 0 | DW59: 0 | DX59: 0 | DZ59: 0 | EA59: 0 | EB59: 62Pechay, Native | EC59: 153 | ED59: 0 | EE59: 123 | EG59: 113 | EH59: 0 | EI59: 62String Beans | EJ59: 140 | EK59: 0 | EL59: 137 | EN59: 140 | EO59: 0 | EP59: 62Tomato | EQ59: 104 | ER59: 0 | ES59: 144 | EU59: 146 | EV59: 0 | EW59: 62White Potato | EX59: 164.5 | EY59: 0 | EZ59: 154.5 | FB59: 154.5 | FC59: 0 | FE59: 62Onion, Red | FF59: 0 | FG59: 0 | FH59: 0 | FJ59: 0 | FK59: 0 | FL59: 62Garlic, Native | FM59: 242.5 | FN59: 0 | FO59: 242.5 | FQ59: 242.5 | FR59: 0 | FS59: 62Garlic, Imported | FT59: 0 | FU59: 0 | FV59: 0 | FX59: 0 | FY59: 0 | FZ59: 62Ginger, Hawaiian | GA59: 236 | GB59: 0 | GC59: 234 | GE59: 256 | GF59: 0 | GH59: 62Banana, Lakatan | GI59: 133 | GJ59: 0 | GK59: 133 | GM59: 133 | GN59: 0 | GO59: 62Banana, Latundan | GP59: 65 | GQ59: 0 | GR59: 65 | GT59: 60 | GU59: 0 | GV59: 62Calamansi | GW59: 0 | GX59: 0 | GY59: 0 | HA59: 0 | HB59: 0 | HC59: 62Mango, Carabao | HD59: 0 | HE59: 0 | HF59: 0 | HH59: 0 | HI59: 0 | HJ59: 62Papaya | HK59: 71.5 | HL59: 0 | HM59: 71.5 | HO59: 66.5 | HP59: 0 | HR59: 62Cooking oil | HS59: 0 | HT59: 0 | HU59: 0 | HW59: 0 | HX59: 0 | HY59: 62Brown Sugar | HZ59: 0 | IA59: 0 | IB59: 0 | ID59: 0 | IE59: 0 | IF59: 62Refined Sugar | IG59: 0 | IH59: 0 | II59: 0 | IK59: 0 | IL59: 0
A60: R6 | B60: VI - Western Visayas | C60: R6Rice, Special | D60: 58.37 | E60: 0 | F60: 59.64 | H60: 59.4 | I60: 0 | J60: R6Rice, Well Milled | K60: 49.82 | L60: 0 | M60: 49.81 | O60: 49.45 | P60: 0 | Q60: R6Rice, Regular Milled | R60: 41.87 | S60: 0 | T60: 41.88 | V60: 41.84 | W60: 0 | Y60: R6Fresh Beef, Meat with Bones | Z60: 392.21 | AA60: 0 | AB60: 394.38 | AD60: 391.58 | AE60: 0 | AF60: R6Fresh Beef, Pure Meat | AG60: 437.61 | AH60: 0 | AI60: 441.67 | AK60: 442.06 | AL60: 0 | AM60: R6Fresh Pork, Kasim | AN60: 332.5 | AO60: 0 | AP60: 338.1 | AR60: 331.44 | AS60: 0 | AT60: R6Fresh Pork, Liempo | AU60: 365.06 | AV60: 0 | AW60: 368.92 | AY60: 365.83 | AZ60: 0 | BA60: R6Fresh Pork, Meat with Bones | BB60: 325.46 | BC60: 0 | BD60: 329.63 | BF60: 329.85 | BG60: 0 | BH60: R6Dressed Chicken | BI60: 203.62 | BJ60: 0 | BK60: 202.31 | BM60: 198.09 | BN60: 0 | BO60: R6Chicken egg, med. (piece) | BP60: 9.55 | BQ60: 0 | BR60: 9.49 | BT60: 9.49 | BU60: 0 | BW60: R6Bangus | BX60: 227.08 | BY60: 0 | BZ60: 230.83 | CB60: 234.79 | CC60: 0 | CD60: R6Galunggong | CE60: 230.31 | CF60: 0 | CG60: 244.16 | CI60: 240.09 | CJ60: 0 | CK60: R6Tilapia | CL60: 182.04 | CM60: 0 | CN60: 184.96 | CP60: 184.75 | CQ60: 0 | CS60: R6Ampalaya | CT60: 148.19 | CU60: 0 | CV60: 143.38 | CX60: 142.83 | CY60: 0 | CZ60: R6Cabbage | DA60: 185.15 | DB60: 0 | DC60: 184.4 | DE60: 151.77 | DF60: 0 | DG60: R6Carrot | DH60: 218 | DI60: 0 | DJ60: 222.13 | DL60: 224.42 | DM60: 0 | DN60: R6Eggplant | DO60: 132.17 | DP60: 0 | DQ60: 124.25 | DS60: 126.31 | DT60: 0 | DU60: R6Baguio Beans | DV60: 174.38 | DW60: 0 | DX60: 158.13 | DZ60: 144.79 | EA60: 0 | EB60: R6Pechay, Native | EC60: 147.36 | ED60: 0 | EE60: 140.23 | EG60: 140.57 | EH60: 0 | EI60: R6String Beans | EJ60: 111.03 | EK60: 0 | EL60: 112.64 | EN60: 107.22 | EO60: 0 | EP60: R6Tomato | EQ60: 98.54 | ER60: 0 | ES60: 108.58 | EU60: 115 | EV60: 0 | EW60: R6White Potato | EX60: 148.88 | EY60: 0 | EZ60: 153.15 | FB60: 148.77 | FC60: 0 | FE60: R6Onion, Red | FF60: 189.23 | FG60: 0 | FH60: 197.44 | FJ60: 194.81 | FK60: 0 | FL60: R6Garlic, Native | FM60: 176.53 | FN60: 0 | FO60: 177 | FQ60: 172.97 | FR60: 0 | FS60: R6Garlic, Imported | FT60: 172.06 | FU60: 0 | FV60: 164.84 | FX60: 165.4 | FY60: 0 | FZ60: R6Ginger, Hawaiian | GA60: 227.6 | GB60: 0 | GC60: 224.04 | GE60: 216.65 | GF60: 0 | GH60: R6Banana, Lakatan | GI60: 114.1 | GJ60: 0 | GK60: 113.1 | GM60: 113.93 | GN60: 0 | GO60: R6Banana, Latundan | GP60: 65.63 | GQ60: 0 | GR60: 64.38 | GT60: 64.38 | GU60: 0 | GV60: R6Calamansi | GW60: 103.98 | GX60: 0 | GY60: 101.37 | HA60: 100.86 | HB60: 0 | HC60: R6Mango, Carabao | HD60: 191.67 | HE60: 0 | HF60: 193.67 | HH60: 194.33 | HI60: 0 | HJ60: R6Papaya | HK60: 63.7 | HL60: 0 | HM60: 67.53 | HO60: 68.06 | HP60: 0 | HR60: R6Cooking oil | HS60: 209.04 | HT60: 0 | HU60: 214.05 | HW60: 214.05 | HX60: 0 | HY60: R6Brown Sugar | HZ60: 76.58 | IA60: 0 | IB60: 76.17 | ID60: 76.1 | IE60: 0 | IF60: R6Refined Sugar | IG60: 84.44 | IH60: 0 | II60: 83.78 | IK60: 83.78 | IL60: 0
A61: 4 | B61: Aklan | C61: 4Rice, Special | D61: 56.17 | E61: 0 | F61: 56.86 | H61: 56.86 | I61: 0 | J61: 4Rice, Well Milled | K61: 50.5 | L61: 0 | M61: 50.5 | O61: 50.5 | P61: 0 | Q61: 4Rice, Regular Milled | R61: 37 | S61: 0 | T61: 37 | V61: 36 | W61: 0 | Y61: 4Fresh Beef, Meat with Bones | Z61: 395 | AA61: 0 | AB61: 395 | AD61: 395 | AE61: 0 | AF61: 4Fresh Beef, Pure Meat | AG61: 450 | AH61: 0 | AI61: 450 | AK61: 450 | AL61: 0 | AM61: 4Fresh Pork, Kasim | AN61: 302.5 | AO61: 0 | AP61: 302.5 | AR61: 302.5 | AS61: 0 | AT61: 4Fresh Pork, Liempo | AU61: 367.5 | AV61: 0 | AW61: 367.5 | AY61: 367.5 | AZ61: 0 | BA61: 4Fresh Pork, Meat with Bones | BB61: 270 | BC61: 0 | BD61: 270 | BF61: 270 | BG61: 0 | BH61: 4Dressed Chicken | BI61: 0 | BJ61: 0 | BK61: 0 | BM61: 0 | BN61: 0 | BO61: 4Chicken egg, med. (piece) | BP61: 8.5 | BQ61: 0 | BR61: 8.5 | BT61: 8.5 | BU61: 0 | BW61: 4Bangus | BX61: 180 | BY61: 0 | BZ61: 180 | CB61: 180 | CC61: 0 | CD61: 4Galunggong | CE61: 220 | CF61: 0 | CG61: 229.09 | CI61: 229.09 | CJ61: 0 | CK61: 4Tilapia | CL61: 100 | CM61: 0 | CN61: 140 | CP61: 140 | CQ61: 0 | CS61: 4Ampalaya | CT61: 130 | CU61: 0 | CV61: 110 | CX61: 100 | CY61: 0 | CZ61: 4Cabbage | DA61: 203 | DB61: 0 | DC61: 210 | DE61: 101.5 | DF61: 0 | DG61: 4Carrot | DH61: 285 | DI61: 0 | DJ61: 280 | DL61: 275 | DM61: 0 | DN61: 4Eggplant | DO61: 164 | DP61: 0 | DQ61: 144 | DS61: 146.5 | DT61: 0 | DU61: 4Baguio Beans | DV61: 0 | DW61: 0 | DX61: 0 | DZ61: 0 | EA61: 0 | EB61: 4Pechay, Native | EC61: 120 | ED61: 0 | EE61: 100 | EG61: 80 | EH61: 0 | EI61: 4String Beans | EJ61: 192 | EK61: 0 | EL61: 197 | EN61: 192 | EO61: 0 | EP61: 4Tomato | EQ61: 105 | ER61: 0 | ES61: 105 | EU61: 112.5 | EV61: 0 | EW61: 4White Potato | EX61: 186 | EY61: 0 | EZ61: 166 | FB61: 166 | FC61: 0 | FE61: 4Onion, Red | FF61: 195 | FG61: 0 | FH61: 223 | FJ61: 223 | FK61: 0 | FL61: 4Garlic, Native | FM61: 183 | FN61: 0 | FO61: 182 | FQ61: 180.5 | FR61: 0 | FS61: 4Garlic, Imported | FT61: 0 | FU61: 0 | FV61: 0 | FX61: 0 | FY61: 0 | FZ61: 4Ginger, Hawaiian | GA61: 286 | GB61: 0 | GC61: 266 | GE61: 246 | GF61: 0 | GH61: 4Banana, Lakatan | GI61: 112.5 | GJ61: 0 | GK61: 112.5 | GM61: 112.5 | GN61: 0 | GO61: 4Banana, Latundan | GP61: 0 | GQ61: 0 | GR61: 0 | GT61: 0 | GU61: 0 | GV61: 4Calamansi | GW61: 107 | GX61: 0 | GY61: 97 | HA61: 94.52 | HB61: 0 | HC61: 4Mango, Carabao | HD61: 0 | HE61: 0 | HF61: 0 | HH61: 0 | HI61: 0 | HJ61: 4Papaya | HK61: 80 | HL61: 0 | HM61: 80 | HO61: 80 | HP61: 0 | HR61: 4Cooking oil | HS61: 0 | HT61: 0 | HU61: 0 | HW61: 0 | HX61: 0 | HY61: 4Brown Sugar | HZ61: 77 | IA61: 0 | IB61: 77 | ID61: 77 | IE61: 0 | IF61: 4Refined Sugar | IG61: 0 | IH61: 0 | II61: 0 | IK61: 0 | IL61: 0
A62: 6 | B62: Antique | C62: 6Rice, Special | D62: 64.53 | E62: 0 | F62: 65.06 | H62: 65.06 | I62: 0 | J62: 6Rice, Well Milled | K62: 49.5 | L62: 0 | M62: 47.5 | O62: 47.5 | P62: 0 | Q62: 6Rice, Regular Milled | R62: 37 | S62: 0 | T62: 36 | V62: 36 | W62: 0 | Y62: 6Fresh Beef, Meat with Bones | Z62: 485 | AA62: 0 | AB62: 485 | AD62: 485 | AE62: 0 | AF62: 6Fresh Beef, Pure Meat | AG62: 515 | AH62: 0 | AI62: 521 | AK62: 515 | AL62: 0 | AM62: 6Fresh Pork, Kasim | AN62: 337.5 | AO62: 0 | AP62: 337.5 | AR62: 337.5 | AS62: 0 | AT62: 6Fresh Pork, Liempo | AU62: 380 | AV62: 0 | AW62: 375 | AY62: 367.5 | AZ62: 0 | BA62: 6Fresh Pork, Meat with Bones | BB62: 296.5 | BC62: 0 | BD62: 296.5 | BF62: 296.5 | BG62: 0 | BH62: 6Dressed Chicken | BI62: 225 | BJ62: 0 | BK62: 225 | BM62: 215 | BN62: 0 | BO62: 6Chicken egg, med. (piece) | BP62: 0 | BQ62: 0 | BR62: 0 | BT62: 0 | BU62: 0 | BW62: 6Bangus | BX62: 200 | BY62: 0 | BZ62: 200 | CB62: 220 | CC62: 0 | CD62: 6Galunggong | CE62: 200 | CF62: 0 | CG62: 240 | CI62: 200 | CJ62: 0 | CK62: 6Tilapia | CL62: 200 | CM62: 0 | CN62: 200 | CP62: 200 | CQ62: 0 | CS62: 6Ampalaya | CT62: 140 | CU62: 0 | CV62: 150 | CX62: 150 | CY62: 0 | CZ62: 6Cabbage | DA62: 225.5 | DB62: 0 | DC62: 215 | DE62: 215 | DF62: 0 | DG62: 6Carrot | DH62: 235 | DI62: 0 | DJ62: 235 | DL62: 265 | DM62: 0 | DN62: 6Eggplant | DO62: 130 | DP62: 0 | DQ62: 130 | DS62: 130 | DT62: 0 | DU62: 6Baguio Beans | DV62: 0 | DW62: 0 | DX62: 0 | DZ62: 0 | EA62: 0 | EB62: 6Pechay, Native | EC62: 160 | ED62: 0 | EE62: 160 | EG62: 160 | EH62: 0 | EI62: 6String Beans | EJ62: 70.83 | EK62: 0 | EL62: 70.83 | EN62: 66.67 | EO62: 0 | EP62: 6Tomato | EQ62: 120 | ER62: 0 | ES62: 130 | EU62: 140 | EV62: 0 | EW62: 6White Potato | EX62: 152.5 | EY62: 0 | EZ62: 152.5 | FB62: 152.5 | FC62: 0 | FE62: 6Onion, Red | FF62: 177.5 | FG62: 0 | FH62: 215 | FJ62: 187.5 | FK62: 0 | FL62: 6Garlic, Native | FM62: 0 | FN62: 0 | FO62: 0 | FQ62: 0 | FR62: 0 | FS62: 6Garlic, Imported | FT62: 182.52 | FU62: 0 | FV62: 182.52 | FX62: 182.52 | FY62: 0 | FZ62: 6Ginger, Hawaiian | GA62: 255 | GB62: 0 | GC62: 252.52 | GE62: 242.52 | GF62: 0 | GH62: 6Banana, Lakatan | GI62: 122.5 | GJ62: 0 | GK62: 122.5 | GM62: 122.5 | GN62: 0 | GO62: 6Banana, Latundan | GP62: 0 | GQ62: 0 | GR62: 0 | GT62: 0 | GU62: 0 | GV62: 6Calamansi | GW62: 115 | GX62: 0 | GY62: 115 | HA62: 115 | HB62: 0 | HC62: 6Mango, Carabao | HD62: 210 | HE62: 0 | HF62: 220 | HH62: 220 | HI62: 0 | HJ62: 6Papaya | HK62: 0 | HL62: 0 | HM62: 0 | HO62: 0 | HP62: 0 | HR62: 6Cooking oil | HS62: 110.67 | HT62: 0 | HU62: 110.67 | HW62: 110.67 | HX62: 0 | HY62: 6Brown Sugar | HZ62: 83 | IA62: 0 | IB62: 83 | ID62: 83 | IE62: 0 | IF62: 6Refined Sugar | IG62: 0 | IH62: 0 | II62: 0 | IK62: 0 | IL62: 0
A63: 19 | B63: Capiz | C63: 19Rice, Special | D63: 60.38 | E63: 0 | F63: 60.13 | H63: 60.13 | I63: 0 | J63: 19Rice, Well Milled | K63: 48.5 | L63: 0 | M63: 48.5 | O63: 48.5 | P63: 0 | Q63: 19Rice, Regular Milled | R63: 46.5 | S63: 0 | T63: 46.5 | V63: 46.5 | W63: 0 | Y63: 19Fresh Beef, Meat with Bones | Z63: 425 | AA63: 0 | AB63: 425 | AD63: 420 | AE63: 0 | AF63: 19Fresh Beef, Pure Meat | AG63: 474 | AH63: 0 | AI63: 474 | AK63: 479 | AL63: 0 | AM63: 19Fresh Pork, Kasim | AN63: 395 | AO63: 0 | AP63: 395 | AR63: 395 | AS63: 0 | AT63: 19Fresh Pork, Liempo | AU63: 400 | AV63: 0 | AW63: 392.5 | AY63: 392.5 | AZ63: 0 | BA63: 19Fresh Pork, Meat with Bones | BB63: 380 | BC63: 0 | BD63: 380 | BF63: 380 | BG63: 0 | BH63: 19Dressed Chicken | BI63: 195 | BJ63: 0 | BK63: 192.5 | BM63: 190 | BN63: 0 | BO63: 19Chicken egg, med. (piece) | BP63: 9.25 | BQ63: 0 | BR63: 9.5 | BT63: 9.5 | BU63: 0 | BW63: 19Bangus | BX63: 245 | BY63: 0 | BZ63: 245 | CB63: 250 | CC63: 0 | CD63: 19Galunggong | CE63: 235 | CF63: 0 | CG63: 235 | CI63: 250 | CJ63: 0 | CK63: 19Tilapia | CL63: 155 | CM63: 0 | CN63: 160 | CP63: 160 | CQ63: 0 | CS63: 19Ampalaya | CT63: 165 | CU63: 0 | CV63: 174 | CX63: 169 | CY63: 0 | CZ63: 19Cabbage | DA63: 172.5 | DB63: 0 | DC63: 189 | DE63: 194 | DF63: 0 | DG63: 19Carrot | DH63: 182.5 | DI63: 0 | DJ63: 195 | DL63: 217.5 | DM63: 0 | DN63: 19Eggplant | DO63: 155 | DP63: 0 | DQ63: 155 | DS63: 164 | DT63: 0 | DU63: 19Baguio Beans | DV63: 0 | DW63: 0 | DX63: 0 | DZ63: 0 | EA63: 0 | EB63: 19Pechay, Native | EC63: 190 | ED63: 0 | EE63: 210 | EG63: 206 | EH63: 0 | EI63: 19String Beans | EJ63: 88.33 | EK63: 0 | EL63: 91.33 | EN63: 91.33 | EO63: 0 | EP63: 19Tomato | EQ63: 135 | ER63: 0 | ES63: 140 | EU63: 133.5 | EV63: 0 | EW63: 19White Potato | EX63: 150 | EY63: 0 | EZ63: 160 | FB63: 160 | FC63: 0 | FE63: 19Onion, Red | FF63: 215 | FG63: 0 | FH63: 225 | FJ63: 225 | FK63: 0 | FL63: 19Garlic, Native | FM63: 195 | FN63: 0 | FO63: 200 | FQ63: 200 | FR63: 0 | FS63: 19Garlic, Imported | FT63: 0 | FU63: 0 | FV63: 0 | FX63: 0 | FY63: 0 | FZ63: 19Ginger, Hawaiian | GA63: 245 | GB63: 0 | GC63: 247.5 | GE63: 245 | GF63: 0 | GH63: 19Banana, Lakatan | GI63: 0 | GJ63: 0 | GK63: 0 | GM63: 0 | GN63: 0 | GO63: 19Banana, Latundan | GP63: 85 | GQ63: 0 | GR63: 85 | GT63: 85 | GU63: 0 | GV63: 19Calamansi | GW63: 150 | GX63: 0 | GY63: 150 | HA63: 150 | HB63: 0 | HC63: 19Mango, Carabao | HD63: 200 | HE63: 0 | HF63: 200 | HH63: 200 | HI63: 0 | HJ63: 19Papaya | HK63: 65 | HL63: 0 | HM63: 72.5 | HO63: 72.5 | HP63: 0 | HR63: 19Cooking oil | HS63: 332.99 | HT63: 0 | HU63: 332.99 | HW63: 332.99 | HX63: 0 | HY63: 19Brown Sugar | HZ63: 77.5 | IA63: 0 | IB63: 77.5 | ID63: 77.5 | IE63: 0 | IF63: 19Refined Sugar | IG63: 0 | IH63: 0 | II63: 0 | IK63: 0 | IL63: 0
A64: 79 | B64: Guimaras | C64: 79Rice, Special | D64: 51.5 | E64: 0 | F64: 51 | H64: 51 | I64: 0 | J64: 79Rice, Well Milled | K64: 47.5 | L64: 0 | M64: 46 | O64: 46 | P64: 0 | Q64: 79Rice, Regular Milled | R64: 43.5 | S64: 0 | T64: 42.5 | V64: 42.5 | W64: 0 | Y64: 79Fresh Beef, Meat with Bones | Z64: 365 | AA64: 0 | AB64: 370 | AD64: 360 | AE64: 0 | AF64: 79Fresh Beef, Pure Meat | AG64: 370 | AH64: 0 | AI64: 375 | AK64: 375 | AL64: 0 | AM64: 79Fresh Pork, Kasim | AN64: 355 | AO64: 0 | AP64: 365 | AR64: 365 | AS64: 0 | AT64: 79Fresh Pork, Liempo | AU64: 360 | AV64: 0 | AW64: 370 | AY64: 370 | AZ64: 0 | BA64: 79Fresh Pork, Meat with Bones | BB64: 350 | BC64: 0 | BD64: 360 | BF64: 360 | BG64: 0 | BH64: 79Dressed Chicken | BI64: 210 | BJ64: 0 | BK64: 207.5 | BM64: 207.5 | BN64: 0 | BO64: 79Chicken egg, med. (piece) | BP64: 9.5 | BQ64: 0 | BR64: 9.5 | BT64: 9.5 | BU64: 0 | BW64: 79Bangus | BX64: 230 | BY64: 0 | BZ64: 230 | CB64: 230 | CC64: 0 | CD64: 79Galunggong | CE64: 220 | CF64: 0 | CG64: 230 | CI64: 230 | CJ64: 0 | CK64: 79Tilapia | CL64: 155 | CM64: 0 | CN64: 160 | CP64: 160 | CQ64: 0 | CS64: 79Ampalaya | CT64: 120 | CU64: 0 | CV64: 90 | CX64: 80 | CY64: 0 | CZ64: 79Cabbage | DA64: 135 | DB64: 0 | DC64: 130 | DE64: 105 | DF64: 0 | DG64: 79Carrot | DH64: 175 | DI64: 0 | DJ64: 165 | DL64: 135 | DM64: 0 | DN64: 79Eggplant | DO64: 90 | DP64: 0 | DQ64: 70 | DS64: 70 | DT64: 0 | DU64: 79Baguio Beans | DV64: 120 | DW64: 0 | DX64: 100 | DZ64: 100 | EA64: 0 | EB64: 79Pechay, Native | EC64: 120 | ED64: 0 | EE64: 80 | EG64: 80 | EH64: 0 | EI64: 79String Beans | EJ64: 80 | EK64: 0 | EL64: 70 | EN64: 50 | EO64: 0 | EP64: 79Tomato | EQ64: 55 | ER64: 0 | ES64: 80 | EU64: 85 | EV64: 0 | EW64: 79White Potato | EX64: 85 | EY64: 0 | EZ64: 120 | FB64: 120 | FC64: 0 | FE64: 79Onion, Red | FF64: 150 | FG64: 0 | FH64: 155 | FJ64: 155 | FK64: 0 | FL64: 79Garlic, Native | FM64: 145 | FN64: 0 | FO64: 145 | FQ64: 135 | FR64: 0 | FS64: 79Garlic, Imported | FT64: 0 | FU64: 0 | FV64: 0 | FX64: 0 | FY64: 0 | FZ64: 79Ginger, Hawaiian | GA64: 175 | GB64: 0 | GC64: 175 | GE64: 150 | GF64: 0 | GH64: 79Banana, Lakatan | GI64: 100 | GJ64: 0 | GK64: 95 | GM64: 95 | GN64: 0 | GO64: 79Banana, Latundan | GP64: 55 | GQ64: 0 | GR64: 50 | GT64: 50 | GU64: 0 | GV64: 79Calamansi | GW64: 50 | GX64: 0 | GY64: 60 | HA64: 60 | HB64: 0 | HC64: 79Mango, Carabao | HD64: 160 | HE64: 0 | HF64: 165 | HH64: 165 | HI64: 0 | HJ64: 79Papaya | HK64: 0 | HL64: 0 | HM64: 0 | HO64: 0 | HP64: 0 | HR64: 79Cooking oil | HS64: 0 | HT64: 0 | HU64: 0 | HW64: 0 | HX64: 0 | HY64: 79Brown Sugar | HZ64: 70 | IA64: 0 | IB64: 70 | ID64: 70 | IE64: 0 | IF64: 79Refined Sugar | IG64: 77 | IH64: 0 | II64: 77 | IK64: 77 | IL64: 0
A65: 30 | B65: Iloilo | C65: 30Rice, Special | D65: 60.95 | E65: 0 | F65: 61.24 | H65: 60.79 | I65: 0 | J65: 30Rice, Well Milled | K65: 52.34 | L65: 0 | M65: 54.17 | O65: 52.34 | P65: 0 | Q65: 30Rice, Regular Milled | R65: 36.25 | S65: 0 | T65: 36.25 | V65: 36.25 | W65: 0 | Y65: 30Fresh Beef, Meat with Bones | Z65: 406.5 | AA65: 0 | AB65: 407 | AD65: 402 | AE65: 0 | AF65: 30Fresh Beef, Pure Meat | AG65: 0 | AH65: 0 | AI65: 0 | AK65: 0 | AL65: 0 | AM65: 30Fresh Pork, Kasim | AN65: 315 | AO65: 0 | AP65: 322.5 | AR65: 305 | AS65: 0 | AT65: 30Fresh Pork, Liempo | AU65: 367.5 | AV65: 0 | AW65: 367.5 | AY65: 362.5 | AZ65: 0 | BA65: 30Fresh Pork, Meat with Bones | BB65: 322.5 | BC65: 0 | BD65: 322.5 | BF65: 322.5 | BG65: 0 | BH65: 30Dressed Chicken | BI65: 190 | BJ65: 0 | BK65: 190 | BM65: 190 | BN65: 0 | BO65: 30Chicken egg, med. (piece) | BP65: 9.15 | BQ65: 0 | BR65: 9.17 | BT65: 9.17 | BU65: 0 | BW65: 30Bangus | BX65: 240 | BY65: 0 | BZ65: 240 | CB65: 250 | CC65: 0 | CD65: 30Galunggong | CE65: 230 | CF65: 0 | CG65: 230 | CI65: 230 | CJ65: 0 | CK65: 30Tilapia | CL65: 213.5 | CM65: 0 | CN65: 193.5 | CP65: 193.5 | CQ65: 0 | CS65: 30Ampalaya | CT65: 150 | CU65: 0 | CV65: 150 | CX65: 165 | CY65: 0 | CZ65: 30Cabbage | DA65: 222 | DB65: 0 | DC65: 234 | DE65: 159 | DF65: 0 | DG65: 30Carrot | DH65: 244 | DI65: 0 | DJ65: 249 | DL65: 259 | DM65: 0 | DN65: 30Eggplant | DO65: 134 | DP65: 0 | DQ65: 134 | DS65: 139 | DT65: 0 | DU65: 30Baguio Beans | DV65: 206 | DW65: 0 | DX65: 186 | DZ65: 186 | EA65: 0 | EB65: 30Pechay, Native | EC65: 173.52 | ED65: 0 | EE65: 168.52 | EG65: 178.52 | EH65: 0 | EI65: 30String Beans | EJ65: 0 | EK65: 0 | EL65: 0 | EN65: 0 | EO65: 0 | EP65: 30Tomato | EQ65: 104 | ER65: 0 | ES65: 109 | EU65: 124 | EV65: 0 | EW65: 30White Potato | EX65: 160 | EY65: 0 | EZ65: 160 | FB65: 160 | FC65: 0 | FE65: 30Onion, Red | FF65: 212 | FG65: 0 | FH65: 212 | FJ65: 217 | FK65: 0 | FL65: 30Garlic, Native | FM65: 184 | FN65: 0 | FO65: 184 | FQ65: 177 | FR65: 0 | FS65: 30Garlic, Imported | FT65: 0 | FU65: 0 | FV65: 0 | FX65: 0 | FY65: 0 | FZ65: 30Ginger, Hawaiian | GA65: 229 | GB65: 0 | GC65: 234.5 | GE65: 234.5 | GF65: 0 | GH65: 30Banana, Lakatan | GI65: 118.5 | GJ65: 0 | GK65: 118.5 | GM65: 121 | GN65: 0 | GO65: 30Banana, Latundan | GP65: 0 | GQ65: 0 | GR65: 0 | GT65: 0 | GU65: 0 | GV65: 30Calamansi | GW65: 112 | GX65: 0 | GY65: 97 | HA65: 92 | HB65: 0 | HC65: 30Mango, Carabao | HD65: 0 | HE65: 0 | HF65: 0 | HH65: 0 | HI65: 0 | HJ65: 30Papaya | HK65: 52.5 | HL65: 0 | HM65: 60 | HO65: 62.5 | HP65: 0 | HR65: 30Cooking oil | HS65: 196.76 | HT65: 0 | HU65: 205.41 | HW65: 205.41 | HX65: 0 | HY65: 30Brown Sugar | HZ65: 78.5 | IA65: 0 | IB65: 76 | ID65: 76 | IE65: 0 | IF65: 30Refined Sugar | IG65: 90.5 | IH65: 0 | II65: 90.5 | IK65: 90.5 | IL65: 0
A66: 45 | B66: Negros Occidental | C66: 45Rice, Special | D66: 61.98 | E66: 0 | F66: 67.5 | H66: 67.5 | I66: 0 | J66: 45Rice, Well Milled | K66: 52.5 | L66: 0 | M66: 53.5 | O66: 53.5 | P66: 0 | Q66: 45Rice, Regular Milled | R66: 51.5 | S66: 0 | T66: 54 | V66: 54 | W66: 0 | Y66: 45Fresh Beef, Meat with Bones | Z66: 317.5 | AA66: 0 | AB66: 327.5 | AD66: 327.5 | AE66: 0 | AF66: 45Fresh Beef, Pure Meat | AG66: 415 | AH66: 0 | AI66: 425 | AK66: 425 | AL66: 0 | AM66: 45Fresh Pork, Kasim | AN66: 289 | AO66: 0 | AP66: 317.5 | AR66: 287.5 | AS66: 0 | AT66: 45Fresh Pork, Liempo | AU66: 330 | AV66: 0 | AW66: 362.5 | AY66: 347.5 | AZ66: 0 | BA66: 45Fresh Pork, Meat with Bones | BB66: 320 | BC66: 0 | BD66: 345 | BF66: 340 | BG66: 0 | BH66: 45Dressed Chicken | BI66: 203.5 | BJ66: 0 | BK66: 201 | BM66: 193.5 | BN66: 0 | BO66: 45Chicken egg, med. (piece) | BP66: 10.47 | BQ66: 0 | BR66: 10.24 | BT66: 10.24 | BU66: 0 | BW66: 45Bangus | BX66: 242.5 | BY66: 0 | BZ66: 257.5 | CB66: 252.5 | CC66: 0 | CD66: 45Galunggong | CE66: 250 | CF66: 0 | CG66: 280 | CI66: 270 | CJ66: 0 | CK66: 45Tilapia | CL66: 200 | CM66: 0 | CN66: 205 | CP66: 205 | CQ66: 0 | CS66: 45Ampalaya | CT66: 171 | CU66: 0 | CV66: 181 | CX66: 184 | CY66: 0 | CZ66: 45Cabbage | DA66: 150 | DB66: 0 | DC66: 140 | DE66: 140 | DF66: 0 | DG66: 45Carrot | DH66: 214 | DI66: 0 | DJ66: 215 | DL66: 205 | DM66: 0 | DN66: 45Eggplant | DO66: 122.5 | DP66: 0 | DQ66: 112.5 | DS66: 112.5 | DT66: 0 | DU66: 45Baguio Beans | DV66: 0 | DW66: 0 | DX66: 0 | DZ66: 0 | EA66: 0 | EB66: 45Pechay, Native | EC66: 155 | ED66: 0 | EE66: 151 | EG66: 151 | EH66: 0 | EI66: 45String Beans | EJ66: 130 | EK66: 0 | EL66: 135 | EN66: 135 | EO66: 0 | EP66: 45Tomato | EQ66: 91 | ER66: 0 | ES66: 110 | EU66: 119 | EV66: 0 | EW66: 45White Potato | EX66: 180 | EY66: 0 | EZ66: 180 | FB66: 155 | FC66: 0 | FE66: 45Onion, Red | FF66: 189 | FG66: 0 | FH66: 179 | FJ66: 179 | FK66: 0 | FL66: 45Garlic, Native | FM66: 0 | FN66: 0 | FO66: 0 | FQ66: 0 | FR66: 0 | FS66: 45Garlic, Imported | FT66: 179 | FU66: 0 | FV66: 164 | FX66: 164 | FY66: 0 | FZ66: 45Ginger, Hawaiian | GA66: 211 | GB66: 0 | GC66: 211 | GE66: 211 | GF66: 0 | GH66: 45Banana, Lakatan | GI66: 0 | GJ66: 0 | GK66: 0 | GM66: 0 | GN66: 0 | GO66: 45Banana, Latundan | GP66: 60 | GQ66: 0 | GR66: 60 | GT66: 60 | GU66: 0 | GV66: 45Calamansi | GW66: 115 | GX66: 0 | GY66: 115 | HA66: 115 | HB66: 0 | HC66: 45Mango, Carabao | HD66: 220 | HE66: 0 | HF66: 212.5 | HH66: 215 | HI66: 0 | HJ66: 45Papaya | HK66: 65 | HL66: 0 | HM66: 65 | HO66: 65 | HP66: 0 | HR66: 45Cooking oil | HS66: 0 | HT66: 0 | HU66: 0 | HW66: 0 | HX66: 0 | HY66: 45Brown Sugar | HZ66: 78.5 | IA66: 0 | IB66: 78.5 | ID66: 78.5 | IE66: 0 | IF66: 45Refined Sugar | IG66: 0 | IH66: 0 | II66: 0 | IK66: 0 | IL66: 0
A67: 4501 | B67: City of Bacolod | C67: 4501Rice, Special | D67: 55.39 | E67: 0 | F67: 58.35 | H67: 57.53 | I67: 0 | J67: 4501Rice, Well Milled | K67: 47.46 | L67: 0 | M67: 47.85 | O67: 48.09 | P67: 0 | Q67: 4501Rice, Regular Milled | R67: 44.97 | S67: 0 | T67: 45.16 | V67: 45.77 | W67: 0 | Y67: 4501Fresh Beef, Meat with Bones | Z67: 357.5 | AA67: 0 | AB67: 360.83 | AD67: 360.83 | AE67: 0 | AF67: 4501Fresh Beef, Pure Meat | AG67: 401.67 | AH67: 0 | AI67: 405 | AK67: 408.33 | AL67: 0 | AM67: 4501Fresh Pork, Kasim | AN67: 334.67 | AO67: 0 | AP67: 332.5 | AR67: 334.17 | AS67: 0 | AT67: 4501Fresh Pork, Liempo | AU67: 348.33 | AV67: 0 | AW67: 349.17 | AY67: 350.83 | AZ67: 0 | BA67: 4501Fresh Pork, Meat with Bones | BB67: 343.33 | BC67: 0 | BD67: 341.67 | BF67: 348.33 | BG67: 0 | BH67: 4501Dressed Chicken | BI67: 203.67 | BJ67: 0 | BK67: 202 | BM67: 197.83 | BN67: 0 | BO67: 4501Chicken egg, med. (piece) | BP67: 10.53 | BQ67: 0 | BR67: 10.12 | BT67: 10.12 | BU67: 0 | BW67: 4501Bangus | BX67: 239.17 | BY67: 0 | BZ67: 247.5 | CB67: 245.83 | CC67: 0 | CD67: 4501Galunggong | CE67: 225 | CF67: 0 | CG67: 250 | CI67: 243.33 | CJ67: 0 | CK67: 4501Tilapia | CL67: 221.67 | CM67: 0 | CN67: 216.67 | CP67: 215 | CQ67: 0 | CS67: 4501Ampalaya | CT67: 133.67 | CU67: 0 | CV67: 130.33 | CX67: 131.33 | CY67: 0 | CZ67: 4501Cabbage | DA67: 156.68 | DB67: 0 | DC67: 136.68 | DE67: 126.68 | DF67: 0 | DG67: 4501Carrot | DH67: 152.17 | DI67: 0 | DJ67: 167.5 | DL67: 163.33 | DM67: 0 | DN67: 4501Eggplant | DO67: 119.16 | DP67: 0 | DQ67: 120.84 | DS67: 117.5 | DT67: 0 | DU67: 4501Baguio Beans | DV67: 187.83 | DW67: 0 | DX67: 171.17 | DZ67: 157.83 | EA67: 0 | EB67: 4501Pechay, Native | EC67: 131.68 | ED67: 0 | EE67: 120.32 | EG67: 123.68 | EH67: 0 | EI67: 4501String Beans | EJ67: 105 | EK67: 0 | EL67: 111.67 | EN67: 108.33 | EO67: 0 | EP67: 4501Tomato | EQ67: 80.33 | ER67: 0 | ES67: 91.67 | EU67: 94.67 | EV67: 0 | EW67: 4501White Potato | EX67: 130 | EY67: 0 | EZ67: 131.67 | FB67: 126.67 | FC67: 0 | FE67: 4501Onion, Red | FF67: 166.33 | FG67: 0 | FH67: 161.33 | FJ67: 163 | FK67: 0 | FL67: 4501Garlic, Native | FM67: 0 | FN67: 0 | FO67: 0 | FQ67: 0 | FR67: 0 | FS67: 4501Garlic, Imported | FT67: 154.67 | FU67: 0 | FV67: 148 | FX67: 149.67 | FY67: 0 | FZ67: 4501Ginger, Hawaiian | GA67: 190.33 | GB67: 0 | GC67: 177 | GE67: 175.33 | GF67: 0 | GH67: 4501Banana, Lakatan | GI67: 0 | GJ67: 0 | GK67: 0 | GM67: 0 | GN67: 0 | GO67: 4501Banana, Latundan | GP67: 62.5 | GQ67: 0 | GR67: 62.5 | GT67: 62.5 | GU67: 0 | GV67: 4501Calamansi | GW67: 92.16 | GX67: 0 | GY67: 92.16 | HA67: 92.16 | HB67: 0 | HC67: 4501Mango, Carabao | HD67: 168.33 | HE67: 0 | HF67: 170.83 | HH67: 171.67 | HI67: 0 | HJ67: 4501Papaya | HK67: 61.67 | HL67: 0 | HM67: 61.67 | HO67: 61.67 | HP67: 0 | HR67: 4501Cooking oil | HS67: 0 | HT67: 0 | HU67: 0 | HW67: 0 | HX67: 0 | HY67: 4501Brown Sugar | HZ67: 73.67 | IA67: 0 | IB67: 74.5 | ID67: 74 | IE67: 0 | IF67: 4501Refined Sugar | IG67: 0 | IH67: 0 | II67: 0 | IK67: 0 | IL67: 0
A68: 3022 | B68: City of Iloilo | C68: 3022Rice, Special | D68: 56.02 | E68: 0 | F68: 56.95 | H68: 56.33 | I68: 0 | J68: 3022Rice, Well Milled | K68: 50.29 | L68: 0 | M68: 50.49 | O68: 49.17 | P68: 0 | Q68: 3022Rice, Regular Milled | R68: 38.25 | S68: 0 | T68: 37.61 | V68: 37.67 | W68: 0 | Y68: 3022Fresh Beef, Meat with Bones | Z68: 386.17 | AA68: 0 | AB68: 384.67 | AD68: 382.33 | AE68: 0 | AF68: 3022Fresh Beef, Pure Meat | AG68: 0 | AH68: 0 | AI68: 0 | AK68: 0 | AL68: 0 | AM68: 3022Fresh Pork, Kasim | AN68: 331.33 | AO68: 0 | AP68: 332.33 | AR68: 324.83 | AS68: 0 | AT68: 3022Fresh Pork, Liempo | AU68: 367.17 | AV68: 0 | AW68: 367.17 | AY68: 368.33 | AZ68: 0 | BA68: 3022Fresh Pork, Meat with Bones | BB68: 321.33 | BC68: 0 | BD68: 321.33 | BF68: 321.5 | BG68: 0 | BH68: 3022Dressed Chicken | BI68: 198.17 | BJ68: 0 | BK68: 198.17 | BM68: 192.83 | BN68: 0 | BO68: 3022Chicken egg, med. (piece) | BP68: 9.47 | BQ68: 0 | BR68: 9.39 | BT68: 9.39 | BU68: 0 | BW68: 3022Bangus | BX68: 240 | BY68: 0 | BZ68: 246.67 | CB68: 250 | CC68: 0 | CD68: 3022Galunggong | CE68: 262.5 | CF68: 0 | CG68: 259.17 | CI68: 268.33 | CJ68: 0 | CK68: 3022Tilapia | CL68: 211.16 | CM68: 0 | CN68: 204.5 | CP68: 204.5 | CQ68: 0 | CS68: 3022Ampalaya | CT68: 175.83 | CU68: 0 | CV68: 161.67 | CX68: 163.33 | CY68: 0 | CZ68: 3022Cabbage | DA68: 216.52 | DB68: 0 | DC68: 220.52 | DE68: 173 | DF68: 0 | DG68: 3022Carrot | DH68: 256.33 | DI68: 0 | DJ68: 270.5 | DL68: 275.5 | DM68: 0 | DN68: 3022Eggplant | DO68: 142.67 | DP68: 0 | DQ68: 127.67 | DS68: 131 | DT68: 0 | DU68: 3022Baguio Beans | DV68: 183.67 | DW68: 0 | DX68: 175.33 | DZ68: 135.33 | EA68: 0 | EB68: 3022Pechay, Native | EC68: 128.68 | ED68: 0 | EE68: 132 | EG68: 145.32 | EH68: 0 | EI68: 3022String Beans | EJ68: 0 | EK68: 0 | EL68: 0 | EN68: 0 | EO68: 0 | EP68: 3022Tomato | EQ68: 98 | ER68: 0 | ES68: 103 | EU68: 111.33 | EV68: 0 | EW68: 3022White Potato | EX68: 147.5 | EY68: 0 | EZ68: 155 | FB68: 150 | FC68: 0 | FE68: 3022Onion, Red | FF68: 209 | FG68: 0 | FH68: 209.17 | FJ68: 209 | FK68: 0 | FL68: 3022Garlic, Native | FM68: 175.67 | FN68: 0 | FO68: 174 | FQ68: 172.33 | FR68: 0 | FS68: 3022Garlic, Imported | FT68: 0 | FU68: 0 | FV68: 0 | FX68: 0 | FY68: 0 | FZ68: 3022Ginger, Hawaiian | GA68: 229.5 | GB68: 0 | GC68: 228.83 | GE68: 228.83 | GF68: 0 | GH68: 3022Banana, Lakatan | GI68: 117 | GJ68: 0 | GK68: 117 | GM68: 118.67 | GN68: 0 | GO68: 3022Banana, Latundan | GP68: 0 | GQ68: 0 | GR68: 0 | GT68: 0 | GU68: 0 | GV68: 3022Calamansi | GW68: 90.67 | GX68: 0 | GY68: 84.83 | HA68: 88.17 | HB68: 0 | HC68: 3022Mango, Carabao | HD68: 0 | HE68: 0 | HF68: 0 | HH68: 0 | HI68: 0 | HJ68: 3022Papaya | HK68: 58 | HL68: 0 | HM68: 66 | HO68: 66.67 | HP68: 0 | HR68: 3022Cooking oil | HS68: 195.75 | HT68: 0 | HU68: 207.14 | HW68: 207.14 | HX68: 0 | HY68: 3022Brown Sugar | HZ68: 74.5 | IA68: 0 | IB68: 72.83 | ID68: 72.83 | IE68: 0 | IF68: 3022Refined Sugar | IG68: 85.83 | IH68: 0 | II68: 83.83 | IK68: 83.83 | IL68: 0
A69: R7 | B69: VII - Central Visayas | C69: R7Rice, Special | D69: 68.69 | E69: 0 | F69: 67.21 | H69: 66.91 | I69: 0 | J69: R7Rice, Well Milled | K69: 52.34 | L69: 0 | M69: 51.8 | O69: 51.68 | P69: 0 | Q69: R7Rice, Regular Milled | R69: 43.08 | S69: 0 | T69: 43.27 | V69: 43.4 | W69: 0 | Y69: R7Fresh Beef, Meat with Bones | Z69: 300 | AA69: 0 | AB69: 315 | AD69: 315 | AE69: 0 | AF69: R7Fresh Beef, Pure Meat | AG69: 446.43 | AH69: 0 | AI69: 445.43 | AK69: 446.77 | AL69: 0 | AM69: R7Fresh Pork, Kasim | AN69: 358.17 | AO69: 0 | AP69: 353 | AR69: 353.17 | AS69: 0 | AT69: R7Fresh Pork, Liempo | AU69: 362.67 | AV69: 0 | AW69: 356.5 | AY69: 356.67 | AZ69: 0 | BA69: R7Fresh Pork, Meat with Bones | BB69: 270.21 | BC69: 0 | BD69: 266.88 | BF69: 268.54 | BG69: 0 | BH69: R7Dressed Chicken | BI69: 197.67 | BJ69: 0 | BK69: 197.11 | BM69: 191 | BN69: 0 | BO69: R7Chicken egg, med. (piece) | BP69: 9.4 | BQ69: 0 | BR69: 9.58 | BS69: r | BT69: 9.58 | BU69: 0 | BW69: R7Bangus | BX69: 232.5 | BY69: 0 | BZ69: 248.73 | CB69: 252.07 | CC69: 0 | CD69: R7Galunggong | CE69: 225 | CF69: 0 | CG69: 215 | CI69: 208.33 | CJ69: 0 | CK69: R7Tilapia | CL69: 219.17 | CM69: 0 | CN69: 235.09 | CP69: 210.92 | CQ69: 0 | CS69: R7Ampalaya | CT69: 131 | CU69: 0 | CV69: 128 | CX69: 131.83 | CY69: 0 | CZ69: R7Cabbage | DA69: 138.63 | DB69: 0 | DC69: 109.53 | DE69: 107.67 | DF69: 0 | DG69: R7Carrot | DH69: 173 | DI69: 0 | DJ69: 184.27 | DL69: 184.6 | DM69: 0 | DN69: R7Eggplant | DO69: 110.17 | DP69: 0 | DQ69: 105.17 | DS69: 100.03 | DT69: 0 | DU69: R7Baguio Beans | DV69: 100 | DW69: 0 | DX69: 127.5 | DZ69: 98.75 | EA69: 0 | EB69: R7Pechay, Native | EC69: 125 | ED69: 0 | EE69: 116 | EG69: 115.58 | EH69: 0 | EI69: R7String Beans | EJ69: 96.3 | EK69: 0 | EL69: 116 | EN69: 115.83 | EO69: 0 | EP69: R7Tomato | EQ69: 88.83 | ER69: 0 | ES69: 100.5 | EU69: 108.83 | EV69: 0 | EW69: R7White Potato | EX69: 118.6 | EY69: 0 | EZ69: 114.97 | FB69: 114.47 | FC69: 0 | FE69: R7Onion, Red | FF69: 177.88 | FG69: 0 | FH69: 186.25 | FJ69: 188.13 | FK69: 0 | FL69: R7Garlic, Native | FM69: 170.54 | FN69: 0 | FO69: 160.96 | FQ69: 163.46 | FR69: 0 | FS69: R7Garlic, Imported | FT69: 172.25 | FU69: 0 | FV69: 174.75 | FX69: 174.75 | FY69: 0 | FZ69: R7Ginger, Hawaiian | GA69: 178.67 | GB69: 0 | GC69: 173.67 | GE69: 169.03 | GF69: 0 | GH69: R7Banana, Lakatan | GI69: 104.17 | GJ69: 0 | GK69: 96.94 | GM69: 91.67 | GN69: 0 | GO69: R7Banana, Latundan | GP69: 62.89 | GQ69: 0 | GR69: 64.56 | GT69: 64.56 | GU69: 0 | GV69: R7Calamansi | GW69: 91.92 | GX69: 0 | GY69: 95.67 | HA69: 96.92 | HB69: 0 | HC69: R7Mango, Carabao | HD69: 162.58 | HE69: 0 | HF69: 170.5 | HH69: 170.08 | HI69: 0 | HJ69: R7Papaya | HK69: 48.7 | HL69: 0 | HM69: 48.03 | HO69: 47.47 | HP69: 0 | HR69: R7Cooking oil | HS69: 193.49 | HT69: 0 | HU69: 193.49 | HW69: 193.49 | HX69: 0 | HY69: R7Brown Sugar | HZ69: 74.5 | IA69: 0 | IB69: 74.2 | ID69: 74.2 | IE69: 0 | IF69: R7Refined Sugar | IG69: 84.97 | IH69: 0 | II69: 84.72 | IK69: 84.72 | IL69: 0
A70: 12 | B70: Bohol | C70: 12Rice, Special | D70: 57.4 | E70: 0 | F70: 58.8 | H70: 58.8 | I70: 0 | J70: 12Rice, Well Milled | K70: 52.6 | L70: 0 | M70: 52.1 | O70: 52.2 | P70: 0 | Q70: 12Rice, Regular Milled | R70: 45.3 | S70: 0 | T70: 48.9 | V70: 48.6 | W70: 0 | Y70: 12Fresh Beef, Meat with Bones | Z70: 0 | AA70: 0 | AB70: 0 | AD70: 0 | AE70: 0 | AF70: 12Fresh Beef, Pure Meat | AG70: 555 | AH70: 0 | AI70: 555 | AK70: 555 | AL70: 0 | AM70: 12Fresh Pork, Kasim | AN70: 357.5 | AO70: 0 | AP70: 357.5 | AR70: 357.5 | AS70: 0 | AT70: 12Fresh Pork, Liempo | AU70: 360 | AV70: 0 | AW70: 360 | AY70: 360 | AZ70: 0 | BA70: 12Fresh Pork, Meat with Bones | BB70: 232.5 | BC70: 0 | BD70: 232.5 | BF70: 232.5 | BG70: 0 | BH70: 12Dressed Chicken | BI70: 0 | BJ70: 0 | BK70: 0 | BM70: 0 | BN70: 0 | BO70: 12Chicken egg, med. (piece) | BP70: 10 | BQ70: 0 | BR70: 10.6 | BT70: 10.6 | BU70: 0 | BW70: 12Bangus | BX70: 240 | BY70: 0 | BZ70: 250 | CB70: 250 | CC70: 0 | CD70: 12Galunggong | CE70: 275 | CF70: 0 | CG70: 255 | CI70: 255 | CJ70: 0 | CK70: 12Tilapia | CL70: 200 | CM70: 0 | CN70: 205 | CP70: 205 | CQ70: 0 | CS70: 12Ampalaya | CT70: 125 | CU70: 0 | CV70: 125 | CX70: 132.5 | CY70: 0 | CZ70: 12Cabbage | DA70: 140 | DB70: 0 | DC70: 127.5 | DE70: 127.5 | DF70: 0 | DG70: 12Carrot | DH70: 190 | DI70: 0 | DJ70: 180 | DL70: 177.5 | DM70: 0 | DN70: 12Eggplant | DO70: 105 | DP70: 0 | DQ70: 105 | DS70: 100 | DT70: 0 | DU70: 12Baguio Beans | DV70: 105 | DW70: 0 | DX70: 140 | DZ70: 122.5 | EA70: 0 | EB70: 12Pechay, Native | EC70: 125 | ED70: 0 | EE70: 110 | EG70: 122.5 | EH70: 0 | EI70: 12String Beans | EJ70: 87.5 | EK70: 0 | EL70: 145 | EN70: 135 | EO70: 0 | EP70: 12Tomato | EQ70: 80 | ER70: 0 | ES70: 90 | EU70: 82.5 | EV70: 0 | EW70: 12White Potato | EX70: 125 | EY70: 0 | EZ70: 115 | FB70: 112.5 | FC70: 0 | FE70: 12Onion, Red | FF70: 0 | FG70: 0 | FH70: 0 | FJ70: 0 | FK70: 0 | FL70: 12Garlic, Native | FM70: 174.5 | FN70: 0 | FO70: 174.5 | FQ70: 174.5 | FR70: 0 | FS70: 12Garlic, Imported | FT70: 174.5 | FU70: 0 | FV70: 174.5 | FX70: 174.5 | FY70: 0 | FZ70: 12Ginger, Hawaiian | GA70: 195 | GB70: 0 | GC70: 160 | GE70: 160 | GF70: 0 | GH70: 12Banana, Lakatan | GI70: 97.5 | GJ70: 0 | GK70: 97.5 | GM70: 95 | GN70: 0 | GO70: 12Banana, Latundan | GP70: 0 | GQ70: 0 | GR70: 0 | GT70: 0 | GU70: 0 | GV70: 12Calamansi | GW70: 82.5 | GX70: 0 | GY70: 90 | HA70: 90 | HB70: 0 | HC70: 12Mango, Carabao | HD70: 164.5 | HE70: 0 | HF70: 164.5 | HH70: 164.5 | HI70: 0 | HJ70: 12Papaya | HK70: 55 | HL70: 0 | HM70: 55 | HO70: 55 | HP70: 0 | HR70: 12Cooking oil | HS70: 128 | HT70: 0 | HU70: 128 | HW70: 128 | HX70: 0 | HY70: 12Brown Sugar | HZ70: 69.45 | IA70: 0 | IB70: 69.45 | ID70: 69.45 | IE70: 0 | IF70: 12Refined Sugar | IG70: 79.4 | IH70: 0 | II70: 79.4 | IK70: 79.4 | IL70: 0
A71: 22 | B71: Cebu | C71: 22Rice, Special | D71: 66 | E71: 0 | F71: 66 | H71: 66 | I71: 0 | J71: 22Rice, Well Milled | K71: 51.65 | L71: 0 | M71: 51.75 | O71: 51.95 | P71: 0 | Q71: 22Rice, Regular Milled | R71: 43.4 | S71: 0 | T71: 43.6 | V71: 43.85 | W71: 0 | Y71: 22Fresh Beef, Meat with Bones | Z71: 0 | AA71: 0 | AB71: 0 | AD71: 0 | AE71: 0 | AF71: 22Fresh Beef, Pure Meat | AG71: 417.5 | AH71: 0 | AI71: 417.5 | AK71: 417.5 | AL71: 0 | AM71: 22Fresh Pork, Kasim | AN71: 355 | AO71: 0 | AP71: 347.5 | AR71: 347.5 | AS71: 0 | AT71: 22Fresh Pork, Liempo | AU71: 365 | AV71: 0 | AW71: 355 | AY71: 355 | AZ71: 0 | BA71: 22Fresh Pork, Meat with Bones | BB71: 262.5 | BC71: 0 | BD71: 247.5 | BF71: 247.5 | BG71: 0 | BH71: 22Dressed Chicken | BI71: 190 | BJ71: 0 | BK71: 190 | BM71: 182.5 | BN71: 0 | BO71: 22Chicken egg, med. (piece) | BP71: 9.1 | BQ71: 0 | BR71: 9.38 | BT71: 9.38 | BU71: 0 | BW71: 22Bangus | BX71: 220 | BY71: 0 | BZ71: 254 | CB71: 264 | CC71: 0 | CD71: 22Galunggong | CE71: 0 | CF71: 0 | CG71: 0 | CI71: 0 | CJ71: 0 | CK71: 22Tilapia | CL71: 215 | CM71: 0 | CN71: 249 | CP71: 239 | CQ71: 0 | CS71: 22Ampalaya | CT71: 145 | CU71: 0 | CV71: 130 | CX71: 130 | CY71: 0 | CZ71: 22Cabbage | DA71: 150 | DB71: 0 | DC71: 94.5 | DE71: 92.5 | DF71: 0 | DG71: 22Carrot | DH71: 180 | DI71: 0 | DJ71: 190 | DL71: 185 | DM71: 0 | DN71: 22Eggplant | DO71: 127.5 | DP71: 0 | DQ71: 92.5 | DS71: 94.5 | DT71: 0 | DU71: 22Baguio Beans | DV71: 0 | DW71: 0 | DX71: 0 | DZ71: 0 | EA71: 0 | EB71: 22Pechay, Native | EC71: 150 | ED71: 0 | EE71: 130 | EG71: 125 | EH71: 0 | EI71: 22String Beans | EJ71: 110 | EK71: 0 | EL71: 120 | EN71: 140 | EO71: 0 | EP71: 22Tomato | EQ71: 92.5 | ER71: 0 | ES71: 90 | EU71: 110 | EV71: 0 | EW71: 22White Potato | EX71: 130 | EY71: 0 | EZ71: 110 | FB71: 110 | FC71: 0 | FE71: 22Onion, Red | FF71: 200 | FG71: 0 | FH71: 195 | FJ71: 195 | FK71: 0 | FL71: 22Garlic, Native | FM71: 194.5 | FN71: 0 | FO71: 164.5 | FQ71: 169.5 | FR71: 0 | FS71: 22Garlic, Imported | FT71: 0 | FU71: 0 | FV71: 0 | FX71: 0 | FY71: 0 | FZ71: 22Ginger, Hawaiian | GA71: 205 | GB71: 0 | GC71: 205 | GE71: 179.5 | GF71: 0 | GH71: 22Banana, Lakatan | GI71: 112.5 | GJ71: 0 | GK71: 97.5 | GM71: 87.5 | GN71: 0 | GO71: 22Banana, Latundan | GP71: 77.5 | GQ71: 0 | GR71: 77.5 | GT71: 77.5 | GU71: 0 | GV71: 22Calamansi | GW71: 89.5 | GX71: 0 | GY71: 89.5 | HA71: 89.5 | HB71: 0 | HC71: 22Mango, Carabao | HD71: 160 | HE71: 0 | HF71: 170 | HH71: 165 | HI71: 0 | HJ71: 22Papaya | HK71: 47.5 | HL71: 0 | HM71: 45 | HO71: 42.5 | HP71: 0 | HR71: 22Cooking oil | HS71: 218.38 | HT71: 0 | HU71: 218.38 | HW71: 218.38 | HX71: 0 | HY71: 22Brown Sugar | HZ71: 72.9 | IA71: 0 | IB71: 72.9 | ID71: 72.9 | IE71: 0 | IF71: 22Refined Sugar | IG71: 84.83 | IH71: 0 | II71: 84.83 | IK71: 84.83 | IL71: 0
A72: 46 | B72: Negros Oriental | C72: 46Rice, Special | D72: 72.5 | E72: 0 | F72: 67.5 | H72: 67.5 | I72: 0 | J72: 46Rice, Well Milled | K72: 53.42 | L72: 0 | M72: 51.75 | O72: 49.88 | P72: 0 | Q72: 46Rice, Regular Milled | R72: 44.83 | S72: 0 | T72: 42 | V72: 40.38 | W72: 0 | Y72: 46Fresh Beef, Meat with Bones | Z72: 0 | AA72: 0 | AB72: 0 | AD72: 0 | AE72: 0 | AF72: 46Fresh Beef, Pure Meat | AG72: 400 | AH72: 0 | AI72: 400 | AK72: 400 | AL72: 0 | AM72: 46Fresh Pork, Kasim | AN72: 365 | AO72: 0 | AP72: 340 | AR72: 340 | AS72: 0 | AT72: 46Fresh Pork, Liempo | AU72: 365 | AV72: 0 | AW72: 340 | AY72: 340 | AZ72: 0 | BA72: 46Fresh Pork, Meat with Bones | BB72: 0 | BC72: 0 | BD72: 0 | BF72: 0 | BG72: 0 | BH72: 46Dressed Chicken | BI72: 195 | BJ72: 0 | BK72: 195 | BM72: 195 | BN72: 0 | BO72: 46Chicken egg, med. (piece) | BP72: 9 | BQ72: 0 | BR72: 9 | BT72: 9 | BU72: 0 | BW72: 46Bangus | BX72: 190 | BY72: 0 | BZ72: 210 | CB72: 210 | CC72: 0 | CD72: 46Galunggong | CE72: 170 | CF72: 0 | CG72: 170 | CI72: 170 | CJ72: 0 | CK72: 46Tilapia | CL72: 210 | CM72: 0 | CN72: 220 | CP72: 140 | CQ72: 0 | CS72: 46Ampalaya | CT72: 135 | CU72: 0 | CV72: 135 | CX72: 130 | CY72: 0 | CZ72: 46Cabbage | DA72: 95 | DB72: 0 | DC72: 95 | DE72: 90 | DF72: 0 | DG72: 46Carrot | DH72: 120 | DI72: 0 | DJ72: 180 | DL72: 180 | DM72: 0 | DN72: 46Eggplant | DO72: 105 | DP72: 0 | DQ72: 105 | DS72: 100 | DT72: 0 | DU72: 46Baguio Beans | DV72: 95 | DW72: 0 | DX72: 115 | DZ72: 75 | EA72: 0 | EB72: 46Pechay, Native | EC72: 0 | ED72: 0 | EE72: 0 | EG72: 0 | EH72: 0 | EI72: 46String Beans | EJ72: 83.33 | EK72: 0 | EL72: 83.33 | EN72: 83.33 | EO72: 0 | EP72: 46Tomato | EQ72: 100 | ER72: 0 | ES72: 110 | EU72: 120 | EV72: 0 | EW72: 46White Potato | EX72: 110 | EY72: 0 | EZ72: 95 | FB72: 105 | FC72: 0 | FE72: 46Onion, Red | FF72: 155 | FG72: 0 | FH72: 160 | FJ72: 160 | FK72: 0 | FL72: 46Garlic, Native | FM72: 140 | FN72: 0 | FO72: 145 | FQ72: 145 | FR72: 0 | FS72: 46Garlic, Imported | FT72: 0 | FU72: 0 | FV72: 0 | FX72: 0 | FY72: 0 | FZ72: 46Ginger, Hawaiian | GA72: 100 | GB72: 0 | GC72: 100 | GE72: 100 | GF72: 0 | GH72: 46Banana, Lakatan | GI72: 0 | GJ72: 0 | GK72: 0 | GM72: 0 | GN72: 0 | GO72: 46Banana, Latundan | GP72: 0 | GQ72: 0 | GR72: 0 | GT72: 0 | GU72: 0 | GV72: 46Calamansi | GW72: 0 | GX72: 0 | GY72: 0 | HA72: 0 | HB72: 0 | HC72: 46Mango, Carabao | HD72: 0 | HE72: 0 | HF72: 0 | HH72: 0 | HI72: 0 | HJ72: 46Papaya | HK72: 42.5 | HL72: 0 | HM72: 42.5 | HO72: 42.5 | HP72: 0 | HR72: 46Cooking oil | HS72: 0 | HT72: 0 | HU72: 0 | HW72: 0 | HX72: 0 | HY72: 46Brown Sugar | HZ72: 80.5 | IA72: 0 | IB72: 80.5 | ID72: 80.5 | IE72: 0 | IF72: 46Refined Sugar | IG72: 97.13 | IH72: 0 | II72: 97.13 | IK72: 97.13 | IL72: 0
A73: 61 | B73: Siquijor | C73: 61Rice, Special | D73: 64 | E73: 0 | F73: 59.5 | H73: 58 | I73: 0 | J73: 61Rice, Well Milled | K73: 50.1 | L73: 0 | M73: 49.2 | O73: 50 | P73: 0 | Q73: 61Rice, Regular Milled | R73: 40.7 | S73: 0 | T73: 40.8 | V73: 42.2 | W73: 0 | Y73: 61Fresh Beef, Meat with Bones | Z73: 300 | AA73: 0 | AB73: 315 | AD73: 315 | AE73: 0 | AF73: 61Fresh Beef, Pure Meat | AG73: 410 | AH73: 0 | AI73: 415 | AK73: 415 | AL73: 0 | AM73: 61Fresh Pork, Kasim | AN73: 350 | AO73: 0 | AP73: 365 | AR73: 365 | AS73: 0 | AT73: 61Fresh Pork, Liempo | AU73: 350 | AV73: 0 | AW73: 360 | AY73: 360 | AZ73: 0 | BA73: 61Fresh Pork, Meat with Bones | BB73: 300 | BC73: 0 | BD73: 310 | BF73: 310 | BG73: 0 | BH73: 61Dressed Chicken | BI73: 0 | BJ73: 0 | BK73: 0 | BM73: 0 | BN73: 0 | BO73: 61Chicken egg, med. (piece) | BP73: 10 | BQ73: 0 | BR73: 10 | BT73: 10 | BU73: 0 | BW73: 61Bangus | BX73: 250 | BY73: 0 | BZ73: 250 | CB73: 250 | CC73: 0 | CD73: 61Galunggong | CE73: 230 | CF73: 0 | CG73: 220 | CI73: 200 | CJ73: 0 | CK73: 61Tilapia | CL73: 0 | CM73: 0 | CN73: 0 | CP73: 0 | CQ73: 0 | CS73: 61Ampalaya | CT73: 100 | CU73: 0 | CV73: 100 | CX73: 110 | CY73: 0 | CZ73: 61Cabbage | DA73: 150 | DB73: 0 | DC73: 125 | DE73: 125 | DF73: 0 | DG73: 61Carrot | DH73: 180 | DI73: 0 | DJ73: 190 | DL73: 190 | DM73: 0 | DN73: 61Eggplant | DO73: 95 | DP73: 0 | DQ73: 105 | DS73: 95 | DT73: 0 | DU73: 61Baguio Beans | DV73: 0 | DW73: 0 | DX73: 0 | DZ73: 0 | EA73: 0 | EB73: 61Pechay, Native | EC73: 80 | ED73: 0 | EE73: 104 | EG73: 104 | EH73: 0 | EI73: 61String Beans | EJ73: 80 | EK73: 0 | EL73: 90 | EN73: 90 | EO73: 0 | EP73: 61Tomato | EQ73: 85 | ER73: 0 | ES73: 105 | EU73: 105 | EV73: 0 | EW73: 61White Potato | EX73: 90 | EY73: 0 | EZ73: 120 | FB73: 120 | FC73: 0 | FE73: 61Onion, Red | FF73: 160 | FG73: 0 | FH73: 195 | FJ73: 195 | FK73: 0 | FL73: 61Garlic, Native | FM73: 0 | FN73: 0 | FO73: 0 | FQ73: 0 | FR73: 0 | FS73: 61Garlic, Imported | FT73: 170 | FU73: 0 | FV73: 175 | FX73: 175 | FY73: 0 | FZ73: 61Ginger, Hawaiian | GA73: 200 | GB73: 0 | GC73: 205 | GE73: 210 | GF73: 0 | GH73: 61Banana, Lakatan | GI73: 0 | GJ73: 0 | GK73: 0 | GM73: 0 | GN73: 0 | GO73: 61Banana, Latundan | GP73: 50 | GQ73: 0 | GR73: 55 | GT73: 55 | GU73: 0 | GV73: 61Calamansi | GW73: 95 | GX73: 0 | GY73: 105 | HA73: 110 | HB73: 0 | HC73: 61Mango, Carabao | HD73: 160 | HE73: 0 | HF73: 175 | HH73: 180 | HI73: 0 | HJ73: 61Papaya | HK73: 47.5 | HL73: 0 | HM73: 47.5 | HO73: 48 | HP73: 0 | HR73: 61Cooking oil | HS73: 0 | HT73: 0 | HU73: 0 | HW73: 0 | HX73: 0 | HY73: 61Brown Sugar | HZ73: 69 | IA73: 0 | IB73: 67.5 | ID73: 67.5 | IE73: 0 | IF73: 61Refined Sugar | IG73: 78.5 | IH73: 0 | II73: 77.5 | IK73: 77.5 | IL73: 0
A74: 2217 | B74: City of Cebu | C74: 2217Rice, Special | D74: 83.53 | E74: 0 | F74: 84.24 | H74: 84.24 | I74: 0 | J74: 2217Rice, Well Milled | K74: 53.95 | L74: 0 | M74: 54.21 | O74: 54.36 | P74: 0 | Q74: 2217Rice, Regular Milled | R74: 41.16 | S74: 0 | T74: 41.04 | V74: 41.97 | W74: 0 | Y74: 2217Fresh Beef, Meat with Bones | Z74: 0 | AA74: 0 | AB74: 0 | AD74: 0 | AE74: 0 | AF74: 2217Fresh Beef, Pure Meat | AG74: 449.67 | AH74: 0 | AI74: 439.67 | AK74: 446.33 | AL74: 0 | AM74: 2217Fresh Pork, Kasim | AN74: 363.33 | AO74: 0 | AP74: 355 | AR74: 355.83 | AS74: 0 | AT74: 2217Fresh Pork, Liempo | AU74: 373.33 | AV74: 0 | AW74: 367.5 | AY74: 368.33 | AZ74: 0 | BA74: 2217Fresh Pork, Meat with Bones | BB74: 285.83 | BC74: 0 | BD74: 277.5 | BF74: 284.17 | BG74: 0 | BH74: 2217Dressed Chicken | BI74: 208 | BJ74: 0 | BK74: 206.33 | BM74: 195.5 | BN74: 0 | BO74: 2217Chicken egg, med. (piece) | BP74: 8.91 | BQ74: 0 | BR74: 8.91 | BS74: r | BT74: 8.91 | BU74: 0 | BW74: 2217Bangus | BX74: 262.5 | BY74: 0 | BZ74: 279.67 | CB74: 286.33 | CC74: 0 | CD74: 2217Galunggong | CE74: 0 | CF74: 0 | CG74: 0 | CI74: 0 | CJ74: 0 | CK74: 2217Tilapia | CL74: 251.66 | CM74: 0 | CN74: 266.34 | CP74: 259.66 | CQ74: 0 | CS74: 2217Ampalaya | CT74: 150 | CU74: 0 | CV74: 150 | CX74: 156.67 | CY74: 0 | CZ74: 2217Cabbage | DA74: 158.17 | DB74: 0 | DC74: 105.67 | DE74: 103.33 | DF74: 0 | DG74: 2217Carrot | DH74: 195 | DI74: 0 | DJ74: 181.33 | DL74: 190.5 | DM74: 0 | DN74: 2217Eggplant | DO74: 118.33 | DP74: 0 | DQ74: 118.33 | DS74: 110.67 | DT74: 0 | DU74: 2217Baguio Beans | DV74: 0 | DW74: 0 | DX74: 0 | DZ74: 0 | EA74: 0 | EB74: 2217Pechay, Native | EC74: 145 | ED74: 0 | EE74: 120 | EG74: 110.83 | EH74: 0 | EI74: 2217String Beans | EJ74: 120.67 | EK74: 0 | EL74: 141.67 | EN74: 130.83 | EO74: 0 | EP74: 2217Tomato | EQ74: 86.67 | ER74: 0 | ES74: 107.5 | EU74: 126.67 | EV74: 0 | EW74: 2217White Potato | EX74: 138 | EY74: 0 | EZ74: 134.83 | FB74: 124.83 | FC74: 0 | FE74: 2217Onion, Red | FF74: 196.52 | FG74: 0 | FH74: 195 | FJ74: 202.52 | FK74: 0 | FL74: 2217Garlic, Native | FM74: 173.17 | FN74: 0 | FO74: 159.83 | FQ74: 164.83 | FR74: 0 | FS74: 2217Garlic, Imported | FT74: 0 | FU74: 0 | FV74: 0 | FX74: 0 | FY74: 0 | FZ74: 2217Ginger, Hawaiian | GA74: 193.33 | GB74: 0 | GC74: 198.33 | GE74: 195.67 | GF74: 0 | GH74: 2217Banana, Lakatan | GI74: 102.5 | GJ74: 0 | GK74: 95.83 | GM74: 92.5 | GN74: 0 | GO74: 2217Banana, Latundan | GP74: 61.17 | GQ74: 0 | GR74: 61.17 | GT74: 61.17 | GU74: 0 | GV74: 2217Calamansi | GW74: 100.67 | GX74: 0 | GY74: 98.17 | HA74: 98.17 | HB74: 0 | HC74: 2217Mango, Carabao | HD74: 165.83 | HE74: 0 | HF74: 172.5 | HH74: 170.83 | HI74: 0 | HJ74: 2217Papaya | HK74: 51 | HL74: 0 | HM74: 50.17 | HO74: 49.33 | HP74: 0 | HR74: 2217Cooking oil | HS74: 234.09 | HT74: 0 | HU74: 234.09 | HW74: 234.09 | HX74: 0 | HY74: 2217Brown Sugar | HZ74: 80.64 | IA74: 0 | IB74: 80.64 | ID74: 80.64 | IE74: 0 | IF74: 2217Refined Sugar | IG74: 0 | IH74: 0 | II74: 0 | IK74: 0 | IL74: 0
A75: R8 | B75: VIII - Eastern Visayas | C75: R8Rice, Special | D75: 56.85 | E75: 0 | F75: 55.99 | G75: r | H75: 56.48 | I75: 0 | J75: R8Rice, Well Milled | K75: 50.47 | L75: 0 | M75: 50.37 | N75: r | O75: 50.76 | P75: 0 | Q75: R8Rice, Regular Milled | R75: 41.46 | S75: 0 | T75: 41.5 | U75: r | V75: 41.66 | W75: 0 | Y75: R8Fresh Beef, Meat with Bones | Z75: 380.36 | AA75: 0 | AB75: 390.74 | AC75: r | AD75: 387.98 | AE75: 0 | AF75: R8Fresh Beef, Pure Meat | AG75: 453.17 | AH75: 0 | AI75: 453.17 | AK75: 453.17 | AL75: 0 | AM75: R8Fresh Pork, Kasim | AN75: 379.54 | AO75: 0 | AP75: 374.79 | AR75: 372.39 | AS75: 0 | AT75: R8Fresh Pork, Liempo | AU75: 380 | AV75: 0 | AW75: 373.96 | AY75: 371.54 | AZ75: 0 | BA75: R8Fresh Pork, Meat with Bones | BB75: 304.56 | BC75: 0 | BD75: 308.56 | BF75: 309.14 | BG75: 0 | BH75: R8Dressed Chicken | BI75: 210.9 | BJ75: 0 | BK75: 205.07 | BM75: 206.22 | BN75: 0 | BO75: R8Chicken egg, med. (piece) | BP75: 10.41 | BQ75: 0 | BR75: 10.46 | BT75: 10.43 | BU75: 0 | BW75: R8Bangus | BX75: 239.05 | BY75: 0 | BZ75: 243.57 | CB75: 243.1 | CC75: 0 | CD75: R8Galunggong | CE75: 213.57 | CF75: 0 | CG75: 223.81 | CI75: 221.19 | CJ75: 0 | CK75: R8Tilapia | CL75: 222.86 | CM75: 0 | CN75: 222.14 | CO75: r | CP75: 234.76 | CQ75: 0 | CS75: R8Ampalaya | CT75: 136.8 | CU75: 0 | CV75: 126.8 | CX75: 118.8 | CY75: 0 | CZ75: R8Cabbage | DA75: 143.5 | DB75: 0 | DC75: 145.74 | DE75: 139.88 | DF75: 0 | DG75: R8Carrot | DH75: 168.21 | DI75: 0 | DJ75: 173.48 | DL75: 171.76 | DM75: 0 | DN75: R8Eggplant | DO75: 121.62 | DP75: 0 | DQ75: 116.55 | DS75: 102.52 | DT75: 0 | DU75: R8Baguio Beans | DV75: 144 | DW75: 0 | DX75: 160.5 | DZ75: 136.5 | EA75: 0 | EB75: R8Pechay, Native | EC75: 125.17 | ED75: 0 | EE75: 127.03 | EG75: 124.82 | EH75: 0 | EI75: R8String Beans | EJ75: 117.67 | EK75: 0 | EL75: 124.72 | EN75: 110.87 | EO75: 0 | EP75: R8Tomato | EQ75: 90.98 | ER75: 0 | ES75: 100.81 | EU75: 100.33 | EV75: 0 | EW75: R8White Potato | EX75: 145.12 | EY75: 0 | EZ75: 154.88 | FB75: 153.19 | FC75: 0 | FE75: R8Onion, Red | FF75: 205.22 | FG75: 0 | FH75: 212.02 | FJ75: 214.02 | FK75: 0 | FL75: R8Garlic, Native | FM75: 173.2 | FN75: 0 | FO75: 184.2 | FQ75: 194.1 | FR75: 0 | FS75: R8Garlic, Imported | FT75: 180.83 | FU75: 0 | FV75: 179.17 | FX75: 180.83 | FY75: 0 | FZ75: R8Ginger, Hawaiian | GA75: 208.62 | GB75: 0 | GC75: 213.38 | GE75: 211.67 | GF75: 0 | GH75: R8Banana, Lakatan | GI75: 106.25 | GJ75: 0 | GK75: 114.22 | GM75: 112.72 | GN75: 0 | GO75: R8Banana, Latundan | GP75: 35 | GQ75: 0 | GR75: 35 | GT75: 33.75 | GU75: 0 | GV75: R8Calamansi | GW75: 97.69 | GX75: 0 | GY75: 97.78 | HA75: 100.69 | HB75: 0 | HC75: R8Mango, Carabao | HD75: 163.2 | HE75: 0 | HF75: 175.1 | HH75: 174.1 | HI75: 0 | HJ75: R8Papaya | HK75: 62 | HL75: 0 | HM75: 65.07 | HO75: 66.3 | HP75: 0 | HR75: R8Cooking oil | HS75: 211.8 | HT75: 0 | HU75: 211.8 | HW75: 211.8 | HX75: 0 | HY75: R8Brown Sugar | HZ75: 78.47 | IA75: 0 | IB75: 78.49 | ID75: 78.49 | IE75: 0 | IF75: R8Refined Sugar | IG75: 91.78 | IH75: 0 | II75: 91.78 | IJ75: r | IK75: 88.91 | IL75: 0
