Workbook
Name \a: #REF!
Name \a: #REF!
Name \a: #REF!
Name \a: #REF!
Name \a: #REF!
Name \a: #REF!
Name \a: #REF!
Name \a: #REF!
Name \a: #REF!
Name \z: #REF!
Name \z: #REF!
Name \z: #REF!
Name \z: #REF!
Name \z: #REF!
Name \z: #REF!
Name \z: #REF!
Name \z: #REF!
Name \z: #REF!
Name _4_93: '[1]NCR-03'!#REF!
Name _4_93: '[1]NCR-03'!#REF!
Name _4_93: '[1]NCR-03'!#REF!
Name _4_93: '[1]NCR-03'!#REF!
Name _4_93: '[1]NCR-03'!#REF!
Name _4_93: '[1]NCR-03'!#REF!
Name _4_93: '[1]NCR-03'!#REF!
Name _4_93: '[1]NCR-03'!#REF!
Name _4_93: '[1]NCR-03'!#REF!
Name _84AOMM: #N/A
Name _93: #REF!
Name _93: #REF!
Name _93: #REF!
Name _93: #REF!
Name _93: #REF!
Name _93: #REF!
Name _93: #REF!
Name _93: #REF!
Name _93: #REF!
Name _R1: #REF!
Name _R1: #REF!
Name _R10: #REF!
Name _R10: #REF!
Name _R11: #REF!
Name _R11: #REF!
Name _R12: #REF!
Name _R2: #REF!
Name _R3: #REF!
Name _R4: #REF!
Name _R5: #REF!
Name _R6: #REF!
Name _R7: #REF!
Name _R8: #REF!
Name _r82001: #REF!
Name _R9: #REF!
Name _REG1: #N/A
Name _REG4: '[1]NCR-03'!#REF!
Name _REG4: '[1]NCR-03'!#REF!
Name A: #N/A
Name AOMM: #REF!
Name AOMM_93: #REF!
Name ARMM: #REF!

Sheet Table_All_SR (From Editing)
B1: Previous Month: | D1: January 2024
B2: Current Month: | D2: February 2024
B3: Current Phase: | D3: Second Phase
F4: Rice, Special | M4: Rice, Well Milled | T4: Rice, Regular Milled | AB4: Fresh Beef, Meat with Bones | AI4: Fresh Beef, Pure Meat | AP4: Fresh Pork, Kasim | AW4: Fresh Pork, Liempo | BD4: Fresh Pork, Meat with Bones | BK4: Dressed Chicken | BR4: Chicken egg, med. (piece) | BZ4: Bangus | CG4: Galunggong | CN4: Tilapia | CV4: Ampalaya | DC4: Cabbage | DJ4: Carrot | DQ4: Eggplant | DX4: Baguio Beans | EE4: Pechay, Native | EL4: String Beans | ES4: Tomato | EZ4: White Potato | FH4: Onion, Red | FO4: Garlic, Native | FV4: Garlic, Imported | GC4: Ginger, Hawaiian | GK4: Banana, Lakatan | GR4: Banana, Latundan | GY4: Calamansi | HF4: Mango, Carabao | HM4: Papaya | HU4: Cooking oil | IB4: Brown Sugar | II4: Refined Sugar
B5: Region / Province | C5: RICE, SPECIAL | J5: RICE, WELL MILLED | Q5: RICE, REGULAR MILLED | Z5: BEEF,WITH BONES | AG5: BEEF, PURE MEAT | AN5: PORK, KASIM | AU5: PORK, LIEMPO | BB5: PORK, WITH BONES | BI5: DRESSED CHICKEN | BP5: CHICKEN EGG, MED. (per piece) | BX5: BANGUS | CE5: GALUNGGONG | CL5: TILAPIA | CT5: AMPALAYA | DA5: CABBAGE | DH5: CARROT | DO5: EGGPLANT | DV5: BAGUIO BEANS | EC5: PECHAY, NATIVE | EJ5: STRING BEANS | EQ5: TOMATO | EX5: WHITE POTATO | FF5: ONION, RED | FM5: GARLIC, NATIVE | FT5: GARLIC, IMPORTED | GA5: GINGER, HAWAIIAN | GI5: BANANA, LAKATAN | GP5: BANANA, LATUNDAN | GW5: CALAMANSI | HD5: MANGO, CARABAO | HK5: PAPAYA | HS5: COOKING OIL (in PhP) | HZ5: BROWN SUGAR (in PhP per Kilogram) | IG5: REFINED SUGAR (in PhP per Kilogram)
C6: Concatenate | D6: 2nd Phase Previous Month | F6: 1st Phase Current Month | H6: 2nd Phase Current Month | J6: Concatenate | K6: 2nd Phase Previous Month | M6: 1st Phase Current Month | O6: 2nd Phase Current Month | Q6: Concatenate | R6: 2nd Phase Previous Month | T6: 1st Phase Current Month | V6: 2nd Phase Current Month | Y6: Concatenate | Z6: 2nd Phase Previous Month | AB6: 1st Phase Current Month | AD6: 2nd Phase Current Month | AF6: Concatenate | AG6: 2nd Phase Previous Month | AI6: 1st Phase Current Month | AK6: 2nd Phase Current Month | AM6: Concatenate | AN6: 2nd Phase Previous Month | AP6: 1st Phase Current Month | AR6: 2nd Phase Current Month | AT6: Concatenate | AU6: 2nd Phase Previous Month | AW6: 1st Phase Current Month | AY6: 2nd Phase Current Month | BA6: Concatenate | BB6: 2nd Phase Previous Month | BD6: 1st Phase Current Month | BF6: 2nd Phase Current Month | BH6: Concatenate | BI6: 2nd Phase Previous Month | BK6: 1st Phase Current Month | BM6: 2nd Phase Current Month | BO6: Concatenate | BP6: 2nd Phase Previous Month | BR6: 1st Phase Current Month | BT6: 2nd Phase Current Month | BW6: Concatenate | BX6: 2nd Phase Previous Month | BZ6: 1st Phase Current Month | CB6: 2nd Phase Current Month | CD6: Concatenate | CE6: 2nd Phase Previous Month | CG6: 1st Phase Current Month | CI6: 2nd Phase Current Month | CK6: Concatenate | CL6: 2nd Phase Previous Month | CN6: 1st Phase Current Month | CP6: 2nd Phase Current Month | CS6: Concatenate | CT6: 2nd Phase Previous Month | CV6: 1st Phase Current Month | CX6: 2nd Phase Current Month | CZ6: Concatenate | DA6: 2nd Phase Previous Month | DC6: 1st Phase Current Month | DE6: 2nd Phase Current Month | DG6: Concatenate | DH6: 2nd Phase Previous Month | DJ6: 1st Phase Current Month | DL6: 2nd Phase Current Month | DN6: Concatenate | DO6: 2nd Phase Previous Month | DQ6: 1st Phase Current Month | DS6: 2nd Phase Current Month | DU6: Concatenate | DV6: 2nd Phase Previous Month | DX6: 1st Phase Current Month | DZ6: 2nd Phase Current Month | EB6: Concatenate | EC6: 2nd Phase Previous Month | EE6: 1st Phase Current Month | EG6: 2nd Phase Current Month | EI6: Concatenate | EJ6: 2nd Phase Previous Month | EL6: 1st Phase Current Month | EN6: 2nd Phase Current Month | EP6: Concatenate | EQ6: 2nd Phase Previous Month | ES6: 1st Phase Current Month | EU6: 2nd Phase Current Month | EW6: Concatenate | EX6: 2nd Phase Previous Month | EZ6: 1st Phase Current Month | FB6: 2nd Phase Current Month | FE6: Concatenate | FF6: 2nd Phase Previous Month | FH6: 1st Phase Current Month | FJ6: 2nd Phase Current Month | FL6: Concatenate | FM6: 2nd Phase Previous Month | FO6: 1st Phase Current Month | FQ6: 2nd Phase Current Month | FS6: Concatenate | FT6: 2nd Phase Previous Month | FV6: 1st Phase Current Month | FX6: 2nd Phase Current Month | FZ6: Concatenate | GA6: 2nd Phase Previous Month | GC6: 1st Phase Current Month | GE6: 2nd Phase Current Month | GH6: Concatenate | GI6: 2nd Phase Previous Month | GK6: 1st Phase Current Month | GM6: 2nd Phase Current Month | GO6: Concatenate | GP6: 2nd Phase Previous Month | GR6: 1st Phase Current Month | GT6: 2nd Phase Current Month | GV6: Concatenate | GW6: 2nd Phase Previous Month | GY6: 1st Phase Current Month | HA6: 2nd Phase Current Month | HC6: Concatenate | HD6: 2nd Phase Previous Month | HF6: 1st Phase Current Month | HH6: 2nd Phase Current Month | HJ6: Concatenate | HK6: 2nd Phase Previous Month | HM6: 1st Phase Current Month | HO6: 2nd Phase Current Month | HR6: Concatenate | HS6: 2nd Phase Previous Month | HU6: 1st Phase Current Month | HW6: 2nd Phase Current Month | HY6: Concatenate | HZ6: 2nd Phase Previous Month | IB6: 1st Phase Current Month | ID6: 2nd Phase Current Month | IF6: Concatenate | IG6: 2nd Phase Previous Month | II6: 1st Phase Current Month | IK6: 2nd Phase Current Month
D7: -1 | F7: -2 | H7: -3 | K7: -4 | M7: -5 | O7: -6 | R7: -7 | T7: -8 | V7: -9 | Z7: -1 | AB7: -2 | AD7: -3 | AG7: -4 | AI7: -5 | AK7: -6 | AN7: -7 | AP7: -8 | AR7: -9 | AU7: -10 | AW7: -11 | AY7: -12 | BB7: -13 | BD7: -14 | BF7: -15 | BI7: -16 | BK7: -17 | BM7: -18 | BP7: -19 | BR7: -20 | BT7: -21 | BX7: -1 | BZ7: -2 | CB7: -3 | CE7: -4 | CG7: -5 | CI7: -6 | CL7: -7 | CN7: -8 | CP7: -9 | CT7: -1 | CV7: -2 | CX7: -3 | DA7: -4 | DC7: -5 | DE7: -6 | DH7: -7 | DJ7: -8 | DL7: -9 | DO7: -10 | DQ7: -11 | DS7: -12 | DV7: -13 | DX7: -14 | DZ7: -15 | EC7: -16 | EE7: -17 | EG7: -18 | EJ7: -19 | EL7: -20 | EN7: -21 | EQ7: -22 | ES7: -23 | EU7: -24 | EX7: -25 | EZ7: -26 | FB7: -27 | FF7: -1 | FH7: -2 | FJ7: -3 | FM7: -4 | FO7: -5 | FQ7: -6 | FT7: -7 | FV7: -8 | FX7: -9 | GA7: -10 | GC7: -11 | GE7: -12 | GI7: -1 | GK7: -2 | GM7: -3 | GP7: -4 | GR7: -5 | GT7: -6 | GW7: -7 | GY7: -8 | HA7: -9 | HD7: -10 | HF7: -11 | HH7: -12 | HK7: -13 | HM7: -14 | HO7: -15 | HS7: -1 | HU7: -2 | HW7: -3 | HZ7: -4 | IB7: -5 | ID7: -6 | IG7: -7 | II7: -8 | IK7: -9
A8: PHILIPPINES | B8: Philippines | C8: PHILIPPINESRice, Special | D8: 64.58 | E8: 0 | F8: 64.83 | H8: 64.75 | I8: 0 | J8: PHILIPPINESRice, Well Milled | K8: 56.29 | L8: 0 | M8: 56.9 | O8: 56.95 | P8: 0 | Q8: PHILIPPINESRice, Regular Milled | R8: 50.63 | S8: 0 | T8: 51.14 | V8: 51.21 | W8: 0 | Y8: PHILIPPINESFresh Beef, Meat with Bones | Z8: 341.56 | AA8: 0 | AB8: 343.74 | AD8: 344.22 | AE8: 0 | AF8: PHILIPPINESFresh Beef, Pure Meat | AG8: 421.1 | AH8: 0 | AI8: 421.82 | AK8: 420.33 | AL8: 0 | AM8: PHILIPPINESFresh Pork, Kasim | AN8: 326.94 | AO8: 0 | AP8: 331.8 | AR8: 333.64 | AS8: 0 | AT8: PHILIPPINESFresh Pork, Liempo | AU8: 346.61 | AV8: 0 | AW8: 352.41 | AY8: 354.49 | AZ8: 0 | BA8: PHILIPPINESFresh Pork, Meat with Bones | BB8: 295.95 | BC8: 0 | BD8: 299.94 | BE8: r | BF8: 302.03 | BG8: 0 | BH8: PHILIPPINESDressed Chicken | BI8: 192 | BJ8: 0 | BK8: 191.12 | BM8: 191.44 | BN8: 0 | BO8: PHILIPPINESChicken egg, med. (piece) | BP8: 8.87 | BQ8: 0 | BR8: 8.73 | BT8: 8.72 | BU8: 0 | BW8: PHILIPPINESBangus | BX8: 213.17 | BY8: 0 | BZ8: 212.17 | CB8: 212.32 | CC8: 0 | CD8: PHILIPPINESGalunggong | CE8: 213.92 | CF8: 0 | CG8: 213.7 | CH8: r | CI8: 207.45 | CJ8: 0 | CK8: PHILIPPINESTilapia | CL8: 167.7 | CM8: 0 | CN8: 167.51 | CO8: r | CP8: 168.11 | CQ8: 0 | CS8: PHILIPPINESAmpalaya | CT8: 105.52 | CU8: 0 | CV8: 106.02 | CX8: 105.46 | CY8: 0 | CZ8: PHILIPPINESCabbage | DA8: 74.97 | DB8: 0 | DC8: 74.77 | DE8: 76.22 | DF8: 0 | DG8: PHILIPPINESCarrot | DH8: 117.69 | DI8: 0 | DJ8: 120.78 | DL8: 118.37 | DM8: 0 | DN8: PHILIPPINESEggplant | DO8: 86.15 | DP8: 0 | DQ8: 83.41 | DS8: 81.95 | DT8: 0 | DU8: PHILIPPINESBaguio Beans | DV8: 111.5 | DW8: 0 | DX8: 110.06 | DY8: r | DZ8: 110.23 | EA8: 0 | EB8: PHILIPPINESPechay, Native | EC8: 98.49 | ED8: 0 | EE8: 90.81 | EG8: 89.88 | EH8: 0 | EI8: PHILIPPINESString Beans | EJ8: 100.26 | EK8: 0 | EL8: 100 | EN8: 99.38 | EO8: 0 | EP8: PHILIPPINESTomato | EQ8: 98.37 | ER8: 0 | ES8: 88.55 | EU8: 80.09 | EV8: 0 | EW8: PHILIPPINESWhite Potato | EX8: 147.16 | EY8: 0 | EZ8: 147.42 | FB8: 145.07 | FC8: 0 | FE8: PHILIPPINESOnion, Red | FF8: 162.62 | FG8: 0 | FH8: 144.32 | FJ8: 134.98 | FK8: 0 | FL8: PHILIPPINESGarlic, Native | FM8: 170.73 | FN8: 0 | FO8: 171 | FQ8: 169.28 | FR8: 0 | FS8: PHILIPPINESGarlic, Imported | FT8: 161.27 | FU8: 0 | FV8: 162.28 | FX8: 161.83 | FY8: 0 | FZ8: PHILIPPINESGinger, Hawaiian | GA8: 117.8 | GB8: 0 | GC8: 119.31 | GE8: 121.62 | GF8: 0 | GH8: PHILIPPINESBanana, Lakatan | GI8: 87.61 | GJ8: 0 | GK8: 88.34 | GM8: 88.78 | GN8: 0 | GO8: PHILIPPINESBanana, Latundan | GP8: 49.83 | GQ8: 0 | GR8: 50.89 | GT8: 50.79 | GU8: 0 | GV8: PHILIPPINESCalamansi | GW8: 84.62 | GX8: 0 | GY8: 82.42 | HA8: 81.77 | HB8: 0 | HC8: PHILIPPINESMango, Carabao | HD8: 170.58 | HE8: 0 | HF8: 168.13 | HH8: 166.03 | HI8: 0 | HJ8: PHILIPPINESPapaya | HK8: 50.36 | HL8: 0 | HM8: 50.74 | HO8: 50.38 | HP8: 0 | HR8: PHILIPPINESCooking oil | HS8: 156.04 | HT8: 0 | HU8: 154.96 | HV8: r | HW8: 155.15 | HX8: 0 | HY8: PHILIPPINESBrown Sugar | HZ8: 76.47 | IA8: 0 | IB8: 75.82 | IC8: r | ID8: 75.89 | IE8: 0 | IF8: PHILIPPINESRefined Sugar | IG8: 87.31 | IH8: 0 | II8: 86.9 | IK8: 86.99 | IL8: 0
A9: NCR | B9: NCR- National Capital Region | C9: NCRRice, Special | D9: 60.95 | E9: 0 | F9: 61.03 | H9: 60.99 | I9: 0 | J9: NCRRice, Well Milled | K9: 52.36 | L9: 0 | M9: 52.63 | O9: 52.63 | P9: 0 | Q9: NCRRice, Regular Milled | R9: 44.13 | S9: 0 | T9: 44.23 | V9: 44.55 | W9: 0 | Y9: NCRFresh Beef, Meat with Bones | Z9: 400.32 | AA9: 0 | AB9: 399.07 | AD9: 398.01 | AE9: 0 | AF9: NCRFresh Beef, Pure Meat | AG9: 452.71 | AH9: 0 | AI9: 452.88 | AK9: 453.14 | AL9: 0 | AM9: NCRFresh Pork, Kasim | AN9: 326.33 | AO9: 0 | AP9: 335.71 | AR9: 336.73 | AS9: 0 | AT9: NCRFresh Pork, Liempo | AU9: 370.45 | AV9: 0 | AW9: 377.26 | AY9: 378.38 | AZ9: 0 | BA9: NCRFresh Pork, Meat with Bones | BB9: 304.64 | BC9: 0 | BD9: 309.62 | BF9: 310.06 | BG9: 0 | BH9: NCRDressed Chicken | BI9: 182.65 | BJ9: 0 | BK9: 183.37 | BM9: 183.02 | BN9: 0 | BO9: NCRChicken egg, med. (piece) | BP9: 8.06 | BQ9: 0 | BR9: 7.93 | BT9: 7.88 | BU9: 0 | BW9: NCRBangus | BX9: 216.29 | BY9: 0 | BZ9: 214.82 | CB9: 213.77 | CC9: 0 | CD9: NCRGalunggong | CE9: 266.56 | CF9: 0 | CG9: 258.9 | CI9: 251.74 | CJ9: 0 | CK9: NCRTilapia | CL9: 146.58 | CM9: 0 | CN9: 144.93 | CP9: 144.15 | CQ9: 0 | CS9: NCRAmpalaya | CT9: 112.79 | CU9: 0 | CV9: 123.21 | CX9: 124.96 | CY9: 0 | CZ9: NCRCabbage | DA9: 63.8 | DB9: 0 | DC9: 67.93 | DE9: 66.67 | DF9: 0 | DG9: NCRCarrot | DH9: 99.41 | DI9: 0 | DJ9: 121.83 | DL9: 118.61 | DM9: 0 | DN9: NCREggplant | DO9: 86.55 | DP9: 0 | DQ9: 82.73 | DS9: 85.52 | DT9: 0 | DU9: NCRBaguio Beans | DV9: 101.96 | DW9: 0 | DX9: 100.55 | DZ9: 100.08 | EA9: 0 | EB9: NCRPechay, Native | EC9: 79.1 | ED9: 0 | EE9: 74.95 | EG9: 75.32 | EH9: 0 | EI9: NCRString Beans | EJ9: 123.28 | EK9: 0 | EL9: 135.08 | EN9: 136.4 | EO9: 0 | EP9: NCRTomato | EQ9: 112.04 | ER9: 0 | ES9: 84.19 | EU9: 75.24 | EV9: 0 | EW9: NCRWhite Potato | EX9: 118.24 | EY9: 0 | EZ9: 124.13 | FB9: 123.32 | FC9: 0 | FE9: NCROnion, Red | FF9: 114.02 | FG9: 0 | FH9: 92.02 | FJ9: 90.85 | FK9: 0 | FL9: NCRGarlic, Native | FM9: 330.5 | FN9: 0 | FO9: 331.1 | FQ9: 333.67 | FR9: 0 | FS9: NCRGarlic, Imported | FT9: 148.08 | FU9: 0 | FV9: 146.81 | FX9: 150.36 | FY9: 0 | FZ9: NCRGinger, Hawaiian | GA9: 131.96 | GB9: 0 | GC9: 127.76 | GE9: 127.84 | GF9: 0 | GH9: NCRBanana, Lakatan | GI9: 101.45 | GJ9: 0 | GK9: 101.62 | GM9: 101.6 | GN9: 0 | GO9: NCRBanana, Latundan | GP9: 0 | GQ9: 0 | GR9: 0 | GT9: 0 | GU9: 0 | GV9: NCRCalamansi | GW9: 103.12 | GX9: 0 | GY9: 94.57 | HA9: 87.71 | HB9: 0 | HC9: NCRMango, Carabao | HD9: 169.44 | HE9: 0 | HF9: 169.26 | HH9: 163.8 | HI9: 0 | HJ9: NCRPapaya | HK9: 0 | HL9: 0 | HM9: 0 | HO9: 0 | HP9: 0 | HR9: NCRCooking oil | HS9: 187.86 | HT9: 0 | HU9: 187.94 | HW9: 187.94 | HX9: 0 | HY9: NCRBrown Sugar | HZ9: 85.84 | IA9: 0 | IB9: 85.72 | ID9: 85.42 | IE9: 0 | IF9: NCRRefined Sugar | IG9: 100.08 | IH9: 0 | II9: 99.87 | IK9: 99.46 | IL9: 0
A10: CAR | B10: CAR - Cordillera Administrative Region | C10: CARRice, Special | D10: 61.16 | E10: 0 | F10: 61.43 | H10: 61.27 | I10: 0 | J10: CARRice, Well Milled | K10: 55.32 | L10: 0 | M10: 56.28 | O10: 56.24 | P10: 0 | Q10: CARRice, Regular Milled | R10: 49.31 | S10: 0 | T10: 50.7 | V10: 50.13 | W10: 0 | Y10: CARFresh Beef, Meat with Bones | Z10: 329.67 | AA10: 0 | AB10: 328.67 | AD10: 329.43 | AE10: 0 | AF10: CARFresh Beef, Pure Meat | AG10: 360.3 | AH10: 0 | AI10: 361.2 | AK10: 361.13 | AL10: 0 | AM10: CARFresh Pork, Kasim | AN10: 294.1 | AO10: 0 | AP10: 294.74 | AR10: 295.1 | AS10: 0 | AT10: CARFresh Pork, Liempo | AU10: 306.02 | AV10: 0 | AW10: 308.6 | AY10: 308.43 | AZ10: 0 | BA10: CARFresh Pork, Meat with Bones | BB10: 288.07 | BC10: 0 | BD10: 289.05 | BF10: 288.95 | BG10: 0 | BH10: CARDressed Chicken | BI10: 200.83 | BJ10: 0 | BK10: 200.6 | BM10: 200.88 | BN10: 0 | BO10: CARChicken egg, med. (piece) | BP10: 9.43 | BQ10: 0 | BR10: 9.09 | BT10: 9.07 | BU10: 0 | BW10: CARBangus | BX10: 207.48 | BY10: 0 | BZ10: 214.02 | CB10: 211.4 | CC10: 0 | CD10: CARGalunggong | CE10: 203.64 | CF10: 0 | CG10: 205.79 | CI10: 201.26 | CJ10: 0 | CK10: CARTilapia | CL10: 162.79 | CM10: 0 | CN10: 162.71 | CP10: 160.6 | CQ10: 0 | CS10: CARAmpalaya | CT10: 90.84 | CU10: 0 | CV10: 89.46 | CX10: 81.35 | CY10: 0 | CZ10: CARCabbage | DA10: 38.68 | DB10: 0 | DC10: 41.74 | DE10: 40.93 | DF10: 0 | DG10: CARCarrot | DH10: 70.73 | DI10: 0 | DJ10: 84.71 | DL10: 87.39 | DM10: 0 | DN10: CAREggplant | DO10: 63.56 | DP10: 0 | DQ10: 65.13 | DS10: 62.16 | DT10: 0 | DU10: CARBaguio Beans | DV10: 67.79 | DW10: 0 | DX10: 79.8 | DZ10: 79.8 | EA10: 0 | EB10: CARPechay, Native | EC10: 50 | ED10: 0 | EE10: 47.5 | EG10: 45 | EH10: 0 | EI10: CARString Beans | EJ10: 83.98 | EK10: 0 | EL10: 91.2 | EN10: 86.81 | EO10: 0 | EP10: CARTomato | EQ10: 78.5 | ER10: 0 | ES10: 69.19 | EU10: 58.47 | EV10: 0 | EW10: CARWhite Potato | EX10: 105.53 | EY10: 0 | EZ10: 114.51 | FB10: 112.21 | FC10: 0 | FE10: CAROnion, Red | FF10: 147.88 | FG10: 0 | FH10: 131.09 | FJ10: 119.93 | FK10: 0 | FL10: CARGarlic, Native | FM10: 165.03 | FN10: 0 | FO10: 161.41 | FQ10: 160.14 | FR10: 0 | FS10: CARGarlic, Imported | FT10: 138.75 | FU10: 0 | FV10: 137.5 | FX10: 138.75 | FY10: 0 | FZ10: CARGinger, Hawaiian | GA10: 98.83 | GB10: 0 | GC10: 93.03 | GE10: 90.76 | GF10: 0 | GH10: CARBanana, Lakatan | GI10: 96.53 | GJ10: 0 | GK10: 95.39 | GM10: 90.67 | GN10: 0 | GO10: CARBanana, Latundan | GP10: 44 | GQ10: 0 | GR10: 44.4 | GT10: 45 | GU10: 0 | GV10: CARCalamansi | GW10: 96.77 | GX10: 0 | GY10: 98.39 | HA10: 98.74 | HB10: 0 | HC10: CARMango, Carabao | HD10: 107.5 | HE10: 0 | HF10: 107.5 | HH10: 100 | HI10: 0 | HJ10: CARPapaya | HK10: 47.4 | HL10: 0 | HM10: 47.25 | HO10: 47.5 | HP10: 0 | HR10: CARCooking oil | HS10: 133 | HT10: 0 | HU10: 133 | HW10: 133 | HX10: 0 | HY10: CARBrown Sugar | HZ10: 71.76 | IA10: 0 | IB10: 70.39 | ID10: 70.55 | IE10: 0 | IF10: CARRefined Sugar | IG10: 84.36 | IH10: 0 | II10: 83.32 | IK10: 83.29 | IL10: 0
A11: 1 | B11: Abra | C11: 1Rice, Special | D11: 55.25 | E11: 0 | F11: 57.25 | H11: 56.25 | I11: 0 | J11: 1Rice, Well Milled | K11: 50.84 | L11: 0 | M11: 57.5 | O11: 56.5 | P11: 0 | Q11: 1Rice, Regular Milled | R11: 42.5 | S11: 0 | T11: 52.5 | V11: 50 | W11: 0 | Y11: 1Fresh Beef, Meat with Bones | Z11: 280 | AA11: 0 | AB11: 280 | AD11: 280 | AE11: 0 | AF11: 1Fresh Beef, Pure Meat | AG11: 290 | AH11: 0 | AI11: 290 | AK11: 290 | AL11: 0 | AM11: 1Fresh Pork, Kasim | AN11: 260 | AO11: 0 | AP11: 260 | AR11: 260 | AS11: 0 | AT11: 1Fresh Pork, Liempo | AU11: 260 | AV11: 0 | AW11: 260 | AY11: 260 | AZ11: 0 | BA11: 1Fresh Pork, Meat with Bones | BB11: 250 | BC11: 0 | BD11: 250 | BF11: 250 | BG11: 0 | BH11: 1Dressed Chicken | BI11: 210 | BJ11: 0 | BK11: 210 | BM11: 210 | BN11: 0 | BO11: 1Chicken egg, med. (piece) | BP11: 8 | BQ11: 0 | BR11: 8 | BT11: 8 | BU11: 0 | BW11: 1Bangus | BX11: 210 | BY11: 0 | BZ11: 245 | CB11: 245 | CC11: 0 | CD11: 1Galunggong | CE11: 210 | CF11: 0 | CG11: 220 | CI11: 220 | CJ11: 0 | CK11: 1Tilapia | CL11: 160 | CM11: 0 | CN11: 170 | CP11: 170 | CQ11: 0 | CS11: 1Ampalaya | CT11: 75 | CU11: 0 | CV11: 80 | CX11: 60 | CY11: 0 | CZ11: 1Cabbage | DA11: 32.5 | DB11: 0 | DC11: 40 | DE11: 37.5 | DF11: 0 | DG11: 1Carrot | DH11: 80 | DI11: 0 | DJ11: 100 | DL11: 100 | DM11: 0 | DN11: 1Eggplant | DO11: 60 | DP11: 0 | DQ11: 55 | DS11: 40 | DT11: 0 | DU11: 1Baguio Beans | DV11: 0 | DW11: 0 | DX11: 0 | DZ11: 0 | EA11: 0 | EB11: 1Pechay, Native | EC11: 0 | ED11: 0 | EE11: 0 | EG11: 0 | EH11: 0 | EI11: 1String Beans | EJ11: 100 | EK11: 0 | EL11: 95 | EN11: 90 | EO11: 0 | EP11: 1Tomato | EQ11: 60 | ER11: 0 | ES11: 45 | EU11: 40 | EV11: 0 | EW11: 1White Potato | EX11: 90 | EY11: 0 | EZ11: 120 | FB11: 100 | FC11: 0 | FE11: 1Onion, Red | FF11: 130 | FG11: 0 | FH11: 120 | FJ11: 120 | FK11: 0 | FL11: 1Garlic, Native | FM11: 140 | FN11: 0 | FO11: 140 | FQ11: 140 | FR11: 0 | FS11: 1Garlic, Imported | FT11: 0 | FU11: 0 | FV11: 0 | FX11: 0 | FY11: 0 | FZ11: 1Ginger, Hawaiian | GA11: 110 | GB11: 0 | GC11: 85 | GE11: 90 | GF11: 0 | GH11: 1Banana, Lakatan | GI11: 125 | GJ11: 0 | GK11: 125 | GM11: 100 | GN11: 0 | GO11: 1Banana, Latundan | GP11: 75 | GQ11: 0 | GR11: 75 | GT11: 75 | GU11: 0 | GV11: 1Calamansi | GW11: 100 | GX11: 0 | GY11: 100 | HA11: 100 | HB11: 0 | HC11: 1Mango, Carabao | HD11: 80 | HE11: 0 | HF11: 80 | HH11: 80 | HI11: 0 | HJ11: 1Papaya | HK11: 37.5 | HL11: 0 | HM11: 37.5 | HO11: 37.5 | HP11: 0 | HR11: 1Cooking oil | HS11: 0 | HT11: 0 | HU11: 0 | HW11: 0 | HX11: 0 | HY11: 1Brown Sugar | HZ11: 77 | IA11: 0 | IB11: 73 | ID11: 73 | IE11: 0 | IF11: 1Refined Sugar | IG11: 0 | IH11: 0 | II11: 0 | IK11: 0 | IL11: 0
A12: 81 | B12: Apayao | C12: 81Rice, Special | D12: 60 | E12: 0 | F12: 58 | H12: 58 | I12: 0 | J12: 81Rice, Well Milled | K12: 58 | L12: 0 | M12: 54.5 | O12: 55 | P12: 0 | Q12: 81Rice, Regular Milled | R12: 56 | S12: 0 | T12: 54 | V12: 52 | W12: 0 | Y12: 81Fresh Beef, Meat with Bones | Z12: 260 | AA12: 0 | AB12: 260 | AD12: 260 | AE12: 0 | AF12: 81Fresh Beef, Pure Meat | AG12: 285 | AH12: 0 | AI12: 285 | AK12: 285 | AL12: 0 | AM12: 81Fresh Pork, Kasim | AN12: 255 | AO12: 0 | AP12: 255 | AR12: 255 | AS12: 0 | AT12: 81Fresh Pork, Liempo | AU12: 255 | AV12: 0 | AW12: 255 | AY12: 255 | AZ12: 0 | BA12: 81Fresh Pork, Meat with Bones | BB12: 255 | BC12: 0 | BD12: 255 | BF12: 255 | BG12: 0 | BH12: 81Dressed Chicken | BI12: 180 | BJ12: 0 | BK12: 180 | BM12: 180 | BN12: 0 | BO12: 81Chicken egg, med. (piece) | BP12: 10 | BQ12: 0 | BR12: 8 | BT12: 8 | BU12: 0 | BW12: 81Bangus | BX12: 185 | BY12: 0 | BZ12: 187.5 | CB12: 187.5 | CC12: 0 | CD12: 81Galunggong | CE12: 170 | CF12: 0 | CG12: 170 | CI12: 170 | CJ12: 0 | CK12: 81Tilapia | CL12: 155 | CM12: 0 | CN12: 150 | CP12: 150 | CQ12: 0 | CS12: 81Ampalaya | CT12: 65 | CU12: 0 | CV12: 80 | CX12: 80 | CY12: 0 | CZ12: 81Cabbage | DA12: 35 | DB12: 0 | DC12: 32.5 | DE12: 32.5 | DF12: 0 | DG12: 81Carrot | DH12: 65 | DI12: 0 | DJ12: 85 | DL12: 85 | DM12: 0 | DN12: 81Eggplant | DO12: 45 | DP12: 0 | DQ12: 55 | DS12: 50 | DT12: 0 | DU12: 81Baguio Beans | DV12: 0 | DW12: 0 | DX12: 0 | DZ12: 0 | EA12: 0 | EB12: 81Pechay, Native | EC12: 0 | ED12: 0 | EE12: 0 | EG12: 0 | EH12: 0 | EI12: 81String Beans | EJ12: 60 | EK12: 0 | EL12: 70 | EN12: 70 | EO12: 0 | EP12: 81Tomato | EQ12: 87.5 | ER12: 0 | ES12: 65 | EU12: 55 | EV12: 0 | EW12: 81White Potato | EX12: 95 | EY12: 0 | EZ12: 95 | FB12: 95 | FC12: 0 | FE12: 81Onion, Red | FF12: 110 | FG12: 0 | FH12: 110 | FJ12: 110 | FK12: 0 | FL12: 81Garlic, Native | FM12: 0 | FN12: 0 | FO12: 0 | FQ12: 0 | FR12: 0 | FS12: 81Garlic, Imported | FT12: 135 | FU12: 0 | FV12: 135 | FX12: 135 | FY12: 0 | FZ12: 81Ginger, Hawaiian | GA12: 65 | GB12: 0 | GC12: 65 | GE12: 65 | GF12: 0 | GH12: 81Banana, Lakatan | GI12: 55 | GJ12: 0 | GK12: 55 | GM12: 55 | GN12: 0 | GO12: 81Banana, Latundan | GP12: 25 | GQ12: 0 | GR12: 25 | GT12: 25 | GU12: 0 | GV12: 81Calamansi | GW12: 90 | GX12: 0 | GY12: 90 | HA12: 90 | HB12: 0 | HC12: 81Mango, Carabao | HD12: 0 | HE12: 0 | HF12: 0 | HH12: 0 | HI12: 0 | HJ12: 81Papaya | HK12: 0 | HL12: 0 | HM12: 0 | HO12: 0 | HP12: 0 | HR12: 81Cooking oil | HS12: 0 | HT12: 0 | HU12: 0 | HW12: 0 | HX12: 0 | HY12: 81Brown Sugar | HZ12: 66 | IA12: 0 | IB12: 66 | ID12: 66 | IE12: 0 | IF12: 81Refined Sugar | IG12: 88.5 | IH12: 0 | II12: 88.5 | IK12: 88.5 | IL12: 0
A13: 11 | B13: Benguet | C13: 11Rice, Special | D13: 61.13 | E13: 0 | F13: 61.22 | H13: 61.22 | I13: 0 | J13: 11Rice, Well Milled | K13: 51.38 | L13: 0 | M13: 51.38 | O13: 51.38 | P13: 0 | Q13: 11Rice, Regular Milled | R13: 41 | S13: 0 | T13: 41 | V13: 41 | W13: 0 | Y13: 11Fresh Beef, Meat with Bones | Z13: 380 | AA13: 0 | AB13: 371 | AD13: 371 | AE13: 0 | AF13: 11Fresh Beef, Pure Meat | AG13: 431.5 | AH13: 0 | AI13: 433.5 | AK13: 433.5 | AL13: 0 | AM13: 11Fresh Pork, Kasim | AN13: 284 | AO13: 0 | AP13: 284 | AR13: 284 | AS13: 0 | AT13: 11Fresh Pork, Liempo | AU13: 324 | AV13: 0 | AW13: 324 | AY13: 324 | AZ13: 0 | BA13: 11Fresh Pork, Meat with Bones | BB13: 274 | BC13: 0 | BD13: 274 | BF13: 274 | BG13: 0 | BH13: 11Dressed Chicken | BI13: 202.5 | BJ13: 0 | BK13: 202.5 | BM13: 202.5 | BN13: 0 | BO13: 11Chicken egg, med. (piece) | BP13: 9.25 | BQ13: 0 | BR13: 9.25 | BT13: 9.25 | BU13: 0 | BW13: 11Bangus | BX13: 200 | BY13: 0 | BZ13: 205 | CB13: 205 | CC13: 0 | CD13: 11Galunggong | CE13: 252.5 | CF13: 0 | CG13: 252.5 | CI13: 235 | CJ13: 0 | CK13: 11Tilapia | CL13: 157.5 | CM13: 0 | CN13: 157.5 | CP13: 157.5 | CQ13: 0 | CS13: 11Ampalaya | CT13: 92.5 | CU13: 0 | CV13: 92.5 | CX13: 67.5 | CY13: 0 | CZ13: 11Cabbage | DA13: 45 | DB13: 0 | DC13: 51 | DE13: 50 | DF13: 0 | DG13: 11Carrot | DH13: 55 | DI13: 0 | DJ13: 55 | DL13: 65 | DM13: 0 | DN13: 11Eggplant | DO13: 82.5 | DP13: 0 | DQ13: 82.5 | DS13: 72.5 | DT13: 0 | DU13: 11Baguio Beans | DV13: 67.5 | DW13: 0 | DX13: 67.5 | DZ13: 75 | EA13: 0 | EB13: 11Pechay, Native | EC13: 0 | ED13: 0 | EE13: 0 | EG13: 0 | EH13: 0 | EI13: 11String Beans | EJ13: 90 | EK13: 0 | EL13: 90 | EN13: 90 | EO13: 0 | EP13: 11Tomato | EQ13: 80 | ER13: 0 | ES13: 80 | EU13: 70 | EV13: 0 | EW13: 11White Potato | EX13: 110 | EY13: 0 | EZ13: 134 | FB13: 134 | FC13: 0 | FE13: 11Onion, Red | FF13: 185 | FG13: 0 | FH13: 185 | FJ13: 135 | FK13: 0 | FL13: 11Garlic, Native | FM13: 180 | FN13: 0 | FO13: 175 | FQ13: 175 | FR13: 0 | FS13: 11Garlic, Imported | FT13: 0 | FU13: 0 | FV13: 0 | FX13: 0 | FY13: 0 | FZ13: 11Ginger, Hawaiian | GA13: 100 | GB13: 0 | GC13: 95 | GE13: 90 | GF13: 0 | GH13: 11Banana, Lakatan | GI13: 106.5 | GJ13: 0 | GK13: 106.5 | GM13: 106.5 | GN13: 0 | GO13: 11Banana, Latundan | GP13: 0 | GQ13: 0 | GR13: 0 | GT13: 0 | GU13: 0 | GV13: 11Calamansi | GW13: 100 | GX13: 0 | GY13: 110 | HA13: 110 | HB13: 0 | HC13: 11Mango, Carabao | HD13: 0 | HE13: 0 | HF13: 0 | HH13: 0 | HI13: 0 | HJ13: 11Papaya | HK13: 51.5 | HL13: 0 | HM13: 51.5 | HO13: 51.5 | HP13: 0 | HR13: 11Cooking oil | HS13: 0 | HT13: 0 | HU13: 0 | HW13: 0 | HX13: 0 | HY13: 11Brown Sugar | HZ13: 76 | IA13: 0 | IB13: 76 | ID13: 77.5 | IE13: 0 | IF13: 11Refined Sugar | IG13: 89 | IH13: 0 | II13: 89 | IK13: 90.5 | IL13: 0
A14: 27 | B14: Ifugao | C14: 27Rice, Special | D14: 0 | E14: 0 | F14: 0 | H14: 0 | I14: 0 | J14: 27Rice, Well Milled | K14: 58.5 | L14: 0 | M14: 58.58 | O14: 58.58 | P14: 0 | Q14: 27Rice, Regular Milled | R14: 51 | S14: 0 | T14: 51 | V14: 51 | W14: 0 | Y14: 27Fresh Beef, Meat with Bones | Z14: 310 | AA14: 0 | AB14: 310 | AD14: 310 | AE14: 0 | AF14: 27Fresh Beef, Pure Meat | AG14: 350 | AH14: 0 | AI14: 350 | AK14: 350 | AL14: 0 | AM14: 27Fresh Pork, Kasim | AN14: 330 | AO14: 0 | AP14: 335 | AR14: 335 | AS14: 0 | AT14: 27Fresh Pork, Liempo | AU14: 330 | AV14: 0 | AW14: 335 | AY14: 335 | AZ14: 0 | BA14: 27Fresh Pork, Meat with Bones | BB14: 330 | BC14: 0 | BD14: 330 | BF14: 335 | BG14: 0 | BH14: 27Dressed Chicken | BI14: 220 | BJ14: 0 | BK14: 220 | BM14: 220 | BN14: 0 | BO14: 27Chicken egg, med. (piece) | BP14: 9.5 | BQ14: 0 | BR14: 9.5 | BT14: 9 | BU14: 0 | BW14: 27Bangus | BX14: 240 | BY14: 0 | BZ14: 240 | CB14: 230 | CC14: 0 | CD14: 27Galunggong | CE14: 175 | CF14: 0 | CG14: 175 | CI14: 165 | CJ14: 0 | CK14: 27Tilapia | CL14: 170 | CM14: 0 | CN14: 170 | CP14: 160 | CQ14: 0 | CS14: 27Ampalaya | CT14: 90 | CU14: 0 | CV14: 65 | CX14: 75 | CY14: 0 | CZ14: 27Cabbage | DA14: 40 | DB14: 0 | DC14: 40 | DE14: 40 | DF14: 0 | DG14: 27Carrot | DH14: 80 | DI14: 0 | DJ14: 100 | DL14: 100 | DM14: 0 | DN14: 27Eggplant | DO14: 55 | DP14: 0 | DQ14: 50 | DS14: 60 | DT14: 0 | DU14: 27Baguio Beans | DV14: 50 | DW14: 0 | DX14: 55 | DZ14: 65 | EA14: 0 | EB14: 27Pechay, Native | EC14: 0 | ED14: 0 | EE14: 0 | EG14: 0 | EH14: 0 | EI14: 27String Beans | EJ14: 0 | EK14: 0 | EL14: 0 | EN14: 0 | EO14: 0 | EP14: 27Tomato | EQ14: 80 | ER14: 0 | ES14: 70 | EU14: 50 | EV14: 0 | EW14: 27White Potato | EX14: 100 | EY14: 0 | EZ14: 120 | FB14: 110 | FC14: 0 | FE14: 27Onion, Red | FF14: 155 | FG14: 0 | FH14: 140 | FJ14: 130 | FK14: 0 | FL14: 27Garlic, Native | FM14: 145 | FN14: 0 | FO14: 145 | FQ14: 145 | FR14: 0 | FS14: 27Garlic, Imported | FT14: 0 | FU14: 0 | FV14: 0 | FX14: 0 | FY14: 0 | FZ14: 27Ginger, Hawaiian | GA14: 70 | GB14: 0 | GC14: 70 | GE14: 65 | GF14: 0 | GH14: 27Banana, Lakatan | GI14: 80 | GJ14: 0 | GK14: 80 | GM14: 80 | GN14: 0 | GO14: 27Banana, Latundan | GP14: 40 | GQ14: 0 | GR14: 40 | GT14: 40 | GU14: 0 | GV14: 27Calamansi | GW14: 95 | GX14: 0 | GY14: 100 | HA14: 100 | HB14: 0 | HC14: 27Mango, Carabao | HD14: 0 | HE14: 0 | HF14: 0 | HH14: 0 | HI14: 0 | HJ14: 27Papaya | HK14: 40 | HL14: 0 | HM14: 40 | HO14: 40 | HP14: 0 | HR14: 27Cooking oil | HS14: 133 | HT14: 0 | HU14: 133 | HW14: 133 | HX14: 0 | HY14: 27Brown Sugar | HZ14: 68 | IA14: 0 | IB14: 68 | ID14: 68 | IE14: 0 | IF14: 27Refined Sugar | IG14: 80 | IH14: 0 | II14: 80 | IK14: 80 | IL14: 0
A15: 32 | B15: Kalinga | C15: 32Rice, Special | D15: 60 | E15: 0 | F15: 60.5 | H15: 60.5 | I15: 0 | J15: 32Rice, Well Milled | K15: 54 | L15: 0 | M15: 55.5 | O15: 56 | P15: 0 | Q15: 32Rice, Regular Milled | R15: 49 | S15: 0 | T15: 50 | V15: 50.5 | W15: 0 | Y15: 32Fresh Beef, Meat with Bones | Z15: 340 | AA15: 0 | AB15: 340 | AD15: 340 | AE15: 0 | AF15: 32Fresh Beef, Pure Meat | AG15: 0 | AH15: 0 | AI15: 0 | AK15: 0 | AL15: 0 | AM15: 32Fresh Pork, Kasim | AN15: 300 | AO15: 0 | AP15: 300 | AR15: 300 | AS15: 0 | AT15: 32Fresh Pork, Liempo | AU15: 300 | AV15: 0 | AW15: 300 | AY15: 300 | AZ15: 0 | BA15: 32Fresh Pork, Meat with Bones | BB15: 285 | BC15: 0 | BD15: 285 | BF15: 285 | BG15: 0 | BH15: 32Dressed Chicken | BI15: 200 | BJ15: 0 | BK15: 200 | BM15: 200 | BN15: 0 | BO15: 32Chicken egg, med. (piece) | BP15: 0 | BQ15: 0 | BR15: 0 | BT15: 0 | BU15: 0 | BW15: 32Bangus | BX15: 190 | BY15: 0 | BZ15: 195 | CB15: 195 | CC15: 0 | CD15: 32Galunggong | CE15: 192.5 | CF15: 0 | CG15: 195 | CI15: 195 | CJ15: 0 | CK15: 32Tilapia | CL15: 165 | CM15: 0 | CN15: 165 | CP15: 165 | CQ15: 0 | CS15: 32Ampalaya | CT15: 85 | CU15: 0 | CV15: 70 | CX15: 70 | CY15: 0 | CZ15: 32Cabbage | DA15: 17.5 | DB15: 0 | DC15: 27.5 | DE15: 25 | DF15: 0 | DG15: 32Carrot | DH15: 50 | DI15: 0 | DJ15: 65 | DL15: 75 | DM15: 0 | DN15: 32Eggplant | DO15: 35 | DP15: 0 | DQ15: 37.5 | DS15: 37.5 | DT15: 0 | DU15: 32Baguio Beans | DV15: 55 | DW15: 0 | DX15: 65 | DZ15: 70 | EA15: 0 | EB15: 32Pechay, Native | EC15: 50 | ED15: 0 | EE15: 47.5 | EG15: 45 | EH15: 0 | EI15: 32String Beans | EJ15: 60 | EK15: 0 | EL15: 65 | EN15: 62.5 | EO15: 0 | EP15: 32Tomato | EQ15: 65 | ER15: 0 | ES15: 52.5 | EU15: 37.5 | EV15: 0 | EW15: 32White Potato | EX15: 100 | EY15: 0 | EZ15: 95 | FB15: 100 | FC15: 0 | FE15: 32Onion, Red | FF15: 135 | FG15: 0 | FH15: 80 | FJ15: 75 | FK15: 0 | FL15: 32Garlic, Native | FM15: 0 | FN15: 0 | FO15: 0 | FQ15: 0 | FR15: 0 | FS15: 32Garlic, Imported | FT15: 142.5 | FU15: 0 | FV15: 140 | FX15: 142.5 | FY15: 0 | FZ15: 32Ginger, Hawaiian | GA15: 80 | GB15: 0 | GC15: 80 | GE15: 70 | GF15: 0 | GH15: 32Banana, Lakatan | GI15: 0 | GJ15: 0 | GK15: 0 | GM15: 0 | GN15: 0 | GO15: 32Banana, Latundan | GP15: 25 | GQ15: 0 | GR15: 27 | GT15: 30 | GU15: 0 | GV15: 32Calamansi | GW15: 57.5 | GX15: 0 | GY15: 62.5 | HA15: 70 | HB15: 0 | HC15: 32Mango, Carabao | HD15: 0 | HE15: 0 | HF15: 0 | HH15: 0 | HI15: 0 | HJ15: 32Papaya | HK15: 0 | HL15: 0 | HM15: 0 | HO15: 0 | HP15: 0 | HR15: 32Cooking oil | HS15: 0 | HT15: 0 | HU15: 0 | HW15: 0 | HX15: 0 | HY15: 32Brown Sugar | HZ15: 72.5 | IA15: 0 | IB15: 69 | ID15: 66.5 | IE15: 0 | IF15: 32Refined Sugar | IG15: 87 | IH15: 0 | II15: 81.5 | IK15: 77.5 | IL15: 0
A16: 44 | B16: Mountain Province | C16: 44Rice, Special | D16: 65 | E16: 0 | F16: 65 | H16: 65 | I16: 0 | J16: 44Rice, Well Milled | K16: 58 | L16: 0 | M16: 60 | O16: 60 | P16: 0 | Q16: 44Rice, Regular Milled | R16: 55 | S16: 0 | T16: 56 | V16: 56 | W16: 0 | Y16: 44Fresh Beef, Meat with Bones | Z16: 340 | AA16: 0 | AB16: 340 | AD16: 340 | AE16: 0 | AF16: 44Fresh Beef, Pure Meat | AG16: 0 | AH16: 0 | AI16: 0 | AK16: 0 | AL16: 0 | AM16: 44Fresh Pork, Kasim | AN16: 300 | AO16: 0 | AP16: 300 | AR16: 300 | AS16: 0 | AT16: 44Fresh Pork, Liempo | AU16: 300 | AV16: 0 | AW16: 300 | AY16: 300 | AZ16: 0 | BA16: 44Fresh Pork, Meat with Bones | BB16: 300 | BC16: 0 | BD16: 300 | BF16: 300 | BG16: 0 | BH16: 44Dressed Chicken | BI16: 205 | BJ16: 0 | BK16: 205 | BM16: 205 | BN16: 0 | BO16: 44Chicken egg, med. (piece) | BP16: 11.5 | BQ16: 0 | BR16: 11.5 | BT16: 12 | BU16: 0 | BW16: 44Bangus | BX16: 225 | BY16: 0 | BZ16: 222.5 | CB16: 222.5 | CC16: 0 | CD16: 44Galunggong | CE16: 177.5 | CF16: 0 | CG16: 177.5 | CI16: 177.5 | CJ16: 0 | CK16: 44Tilapia | CL16: 180 | CM16: 0 | CN16: 180 | CP16: 180 | CQ16: 0 | CS16: 44Ampalaya | CT16: 120 | CU16: 0 | CV16: 130 | CX16: 110 | CY16: 0 | CZ16: 44Cabbage | DA16: 45 | DB16: 0 | DC16: 45 | DE16: 45 | DF16: 0 | DG16: 44Carrot | DH16: 70 | DI16: 0 | DJ16: 90 | DL16: 80 | DM16: 0 | DN16: 44Eggplant | DO16: 80 | DP16: 0 | DQ16: 90 | DS16: 90 | DT16: 0 | DU16: 44Baguio Beans | DV16: 80 | DW16: 0 | DX16: 120 | DZ16: 100 | EA16: 0 | EB16: 44Pechay, Native | EC16: 0 | ED16: 0 | EE16: 0 | EG16: 0 | EH16: 0 | EI16: 44String Beans | EJ16: 80 | EK16: 0 | EL16: 120 | EN16: 100 | EO16: 0 | EP16: 44Tomato | EQ16: 80 | ER16: 0 | ES16: 90 | EU16: 80 | EV16: 0 | EW16: 44White Potato | EX16: 130 | EY16: 0 | EZ16: 125 | FB16: 125 | FC16: 0 | FE16: 44Onion, Red | FF16: 200 | FG16: 0 | FH16: 160 | FJ16: 160 | FK16: 0 | FL16: 44Garlic, Native | FM16: 0 | FN16: 0 | FO16: 0 | FQ16: 0 | FR16: 0 | FS16: 44Garlic, Imported | FT16: 0 | FU16: 0 | FV16: 0 | FX16: 0 | FY16: 0 | FZ16: 44Ginger, Hawaiian | GA16: 120 | GB16: 0 | GC16: 120 | GE16: 120 | GF16: 0 | GH16: 44Banana, Lakatan | GI16: 90 | GJ16: 0 | GK16: 85 | GM16: 80 | GN16: 0 | GO16: 44Banana, Latundan | GP16: 55 | GQ16: 0 | GR16: 55 | GT16: 55 | GU16: 0 | GV16: 44Calamansi | GW16: 120 | GX16: 0 | GY16: 130 | HA16: 130 | HB16: 0 | HC16: 44Mango, Carabao | HD16: 135 | HE16: 0 | HF16: 135 | HH16: 120 | HI16: 0 | HJ16: 44Papaya | HK16: 0 | HL16: 0 | HM16: 0 | HO16: 0 | HP16: 0 | HR16: 44Cooking oil | HS16: 0 | HT16: 0 | HU16: 0 | HW16: 0 | HX16: 0 | HY16: 44Brown Sugar | HZ16: 70 | IA16: 0 | IB16: 70 | ID16: 72.5 | IE16: 0 | IF16: 44Refined Sugar | IG16: 80 | IH16: 0 | II16: 80 | IK16: 82.5 | IL16: 0
A17: 1102 | B17: City of Baguio | C17: 1102Rice, Special | D17: 65.56 | E17: 0 | F17: 66.58 | H17: 66.65 | I17: 0 | J17: 1102Rice, Well Milled | K17: 56.5 | L17: 0 | M17: 56.52 | O17: 56.22 | P17: 0 | Q17: 1102Rice, Regular Milled | R17: 50.67 | S17: 0 | T17: 50.42 | V17: 50.42 | W17: 0 | Y17: 1102Fresh Beef, Meat with Bones | Z17: 397.67 | AA17: 0 | AB17: 399.67 | AD17: 405 | AE17: 0 | AF17: 1102Fresh Beef, Pure Meat | AG17: 445 | AH17: 0 | AI17: 447.5 | AK17: 447.17 | AL17: 0 | AM17: 1102Fresh Pork, Kasim | AN17: 329.67 | AO17: 0 | AP17: 329.17 | AR17: 331.67 | AS17: 0 | AT17: 1102Fresh Pork, Liempo | AU17: 373.17 | AV17: 0 | AW17: 386.17 | AY17: 385 | AZ17: 0 | BA17: 1102Fresh Pork, Meat with Bones | BB17: 322.5 | BC17: 0 | BD17: 329.33 | BF17: 323.67 | BG17: 0 | BH17: 1102Dressed Chicken | BI17: 188.33 | BJ17: 0 | BK17: 186.67 | BM17: 188.67 | BN17: 0 | BO17: 1102Chicken egg, med. (piece) | BP17: 8.32 | BQ17: 0 | BR17: 8.29 | BT17: 8.17 | BU17: 0 | BW17: 1102Bangus | BX17: 202.33 | BY17: 0 | BZ17: 203.17 | CB17: 194.83 | CC17: 0 | CD17: 1102Galunggong | CE17: 248 | CF17: 0 | CG17: 250.5 | CI17: 246.33 | CJ17: 0 | CK17: 1102Tilapia | CL17: 152 | CM17: 0 | CN17: 146.5 | CP17: 141.67 | CQ17: 0 | CS17: 1102Ampalaya | CT17: 108.38 | CU17: 0 | CV17: 108.71 | CX17: 106.96 | CY17: 0 | CZ17: 1102Cabbage | DA17: 55.75 | DB17: 0 | DC17: 56.17 | DE17: 56.5 | DF17: 0 | DG17: 1102Carrot | DH17: 95.08 | DI17: 0 | DJ17: 98 | DL17: 106.75 | DM17: 0 | DN17: 1102Eggplant | DO17: 87.42 | DP17: 0 | DQ17: 85.92 | DS17: 85.13 | DT17: 0 | DU17: 1102Baguio Beans | DV17: 86.46 | DW17: 0 | DX17: 91.5 | DZ17: 89 | EA17: 0 | EB17: 1102Pechay, Native | EC17: 0 | ED17: 0 | EE17: 0 | EG17: 0 | EH17: 0 | EI17: 1102String Beans | EJ17: 113.88 | EK17: 0 | EL17: 107.17 | EN17: 108.33 | EO17: 0 | EP17: 1102Tomato | EQ17: 97 | ER17: 0 | ES17: 81.8 | EU17: 76.8 | EV17: 0 | EW17: 1102White Potato | EX17: 113.71 | EY17: 0 | EZ17: 112.54 | FB17: 121.5 | FC17: 0 | FE17: 1102Onion, Red | FF17: 120.13 | FG17: 0 | FH17: 122.63 | FJ17: 109.5 | FK17: 0 | FL17: 1102Garlic, Native | FM17: 195.13 | FN17: 0 | FO17: 185.63 | FQ17: 180.54 | FR17: 0 | FS17: 1102Garlic, Imported | FT17: 0 | FU17: 0 | FV17: 0 | FX17: 0 | FY17: 0 | FZ17: 1102Ginger, Hawaiian | GA17: 146.8 | GB17: 0 | GC17: 136.2 | GE17: 135.3 | GF17: 0 | GH17: 1102Banana, Lakatan | GI17: 122.67 | GJ17: 0 | GK17: 120.83 | GM17: 122.5 | GN17: 0 | GO17: 1102Banana, Latundan | GP17: 0 | GQ17: 0 | GR17: 0 | GT17: 0 | GU17: 0 | GV17: 1102Calamansi | GW17: 114.9 | GX17: 0 | GY17: 96.2 | HA17: 91.15 | HB17: 0 | HC17: 1102Mango, Carabao | HD17: 0 | HE17: 0 | HF17: 0 | HH17: 0 | HI17: 0 | HJ17: 1102Papaya | HK17: 60.6 | HL17: 0 | HM17: 60 | HO17: 61 | HP17: 0 | HR17: 1102Cooking oil | HS17: 0 | HT17: 0 | HU17: 0 | HW17: 0 | HX17: 0 | HY17: 1102Brown Sugar | HZ17: 72.79 | IA17: 0 | IB17: 70.71 | ID17: 70.33 | IE17: 0 | IF17: 1102Refined Sugar | IG17: 81.67 | IH17: 0 | II17: 80.92 | IK17: 80.75 | IL17: 0
A18: R1 | B18: I - Ilocos Region | C18: R1Rice, Special | D18: 61.81 | E18: 0 | F18: 61.77 | H18: 62.15 | I18: 0 | J18: R1Rice, Well Milled | K18: 52.76 | L18: 0 | M18: 52.89 | O18: 52.89 | P18: 0 | Q18: R1Rice, Regular Milled | R18: 49 | S18: 0 | T18: 49.5 | V18: 49.5 | W18: 0 | Y18: R1Fresh Beef, Meat with Bones | Z18: 333.63 | AA18: 0 | AB18: 329.88 | AD18: 333.63 | AE18: 0 | AF18: R1Fresh Beef, Pure Meat | AG18: 398.67 | AH18: 0 | AI18: 414.83 | AK18: 414.83 | AL18: 0 | AM18: R1Fresh Pork, Kasim | AN18: 321.75 | AO18: 0 | AP18: 326.75 | AR18: 324.25 | AS18: 0 | AT18: R1Fresh Pork, Liempo | AU18: 334.75 | AV18: 0 | AW18: 342.25 | AY18: 341 | AZ18: 0 | BA18: R1Fresh Pork, Meat with Bones | BB18: 295.25 | BC18: 0 | BD18: 299 | BF18: 297.75 | BG18: 0 | BH18: R1Dressed Chicken | BI18: 204.38 | BJ18: 0 | BK18: 204.38 | BM18: 205.63 | BN18: 0 | BO18: R1Chicken egg, med. (piece) | BP18: 8.56 | BQ18: 0 | BR18: 8.44 | BT18: 8.44 | BU18: 0 | BW18: R1Bangus | BX18: 207.5 | BY18: 0 | BZ18: 192.5 | CB18: 192.5 | CC18: 0 | CD18: R1Galunggong | CE18: 220 | CF18: 0 | CG18: 226.25 | CI18: 227.5 | CJ18: 0 | CK18: R1Tilapia | CL18: 141.88 | CM18: 0 | CN18: 139.38 | CP18: 141.25 | CQ18: 0 | CS18: R1Ampalaya | CT18: 80 | CU18: 0 | CV18: 87.5 | CX18: 82.5 | CY18: 0 | CZ18: R1Cabbage | DA18: 40.63 | DB18: 0 | DC18: 42.5 | DE18: 43.75 | DF18: 0 | DG18: R1Carrot | DH18: 99.38 | DI18: 0 | DJ18: 123.13 | DL18: 117.5 | DM18: 0 | DN18: R1Eggplant | DO18: 59.75 | DP18: 0 | DQ18: 47.75 | DS18: 49.5 | DT18: 0 | DU18: R1Baguio Beans | DV18: 95 | DW18: 0 | DX18: 85 | DZ18: 87.5 | EA18: 0 | EB18: R1Pechay, Native | EC18: 58.22 | ED18: 0 | EE18: 56.97 | EG18: 55.72 | EH18: 0 | EI18: R1String Beans | EJ18: 90 | EK18: 0 | EL18: 86.67 | EN18: 71.67 | EO18: 0 | EP18: R1Tomato | EQ18: 65 | ER18: 0 | ES18: 42.38 | EU18: 35 | EV18: 0 | EW18: R1White Potato | EX18: 120 | EY18: 0 | EZ18: 125.63 | FB18: 122.5 | FC18: 0 | FE18: R1Onion, Red | FF18: 103.33 | FG18: 0 | FH18: 84.17 | FJ18: 78.33 | FK18: 0 | FL18: R1Garlic, Native | FM18: 315 | FN18: 0 | FO18: 321.67 | FQ18: 296.67 | FR18: 0 | FS18: R1Garlic, Imported | FT18: 145 | FU18: 0 | FV18: 145 | FX18: 145 | FY18: 0 | FZ18: R1Ginger, Hawaiian | GA18: 88.5 | GB18: 0 | GC18: 80.13 | GE18: 83.75 | GF18: 0 | GH18: R1Banana, Lakatan | GI18: 110.83 | GJ18: 0 | GK18: 109.17 | GM18: 106.67 | GN18: 0 | GO18: R1Banana, Latundan | GP18: 63.33 | GQ18: 0 | GR18: 71.67 | GT18: 68.33 | GU18: 0 | GV18: R1Calamansi | GW18: 81.88 | GX18: 0 | GY18: 74.38 | HA18: 71.25 | HB18: 0 | HC18: R1Mango, Carabao | HD18: 160 | HE18: 0 | HF18: 145 | HH18: 157.5 | HI18: 0 | HJ18: R1Papaya | HK18: 61.25 | HL18: 0 | HM18: 61.25 | HO18: 58.13 | HP18: 0 | HR18: R1Cooking oil | HS18: 112.68 | HT18: 0 | HU18: 112.68 | HW18: 112.68 | HX18: 0 | HY18: R1Brown Sugar | HZ18: 81.05 | IA18: 0 | IB18: 78.3 | ID18: 78.3 | IE18: 0 | IF18: R1Refined Sugar | IG18: 88.5 | IH18: 0 | II18: 87.25 | IK18: 87.25 | IL18: 0
A19: 28 | B19: Ilocos Norte | C19: 28Rice, Special | D19: 65 | E19: 0 | F19: 65 | H19: 65 | I19: 0 | J19: 28Rice, Well Milled | K19: 52.54 | L19: 0 | M19: 52.54 | O19: 52.54 | P19: 0 | Q19: 28Rice, Regular Milled | R19: 50 | S19: 0 | T19: 50 | V19: 50 | W19: 0 | Y19: 28Fresh Beef, Meat with Bones | Z19: 337.5 | AA19: 0 | AB19: 337.5 | AD19: 337.5 | AE19: 0 | AF19: 28Fresh Beef, Pure Meat | AG19: 433.5 | AH19: 0 | AI19: 433.5 | AK19: 433.5 | AL19: 0 | AM19: 28Fresh Pork, Kasim | AN19: 334.5 | AO19: 0 | AP19: 334.5 | AR19: 324.5 | AS19: 0 | AT19: 28Fresh Pork, Liempo | AU19: 363 | AV19: 0 | AW19: 363 | AY19: 353 | AZ19: 0 | BA19: 28Fresh Pork, Meat with Bones | BB19: 311 | BC19: 0 | BD19: 311 | BF19: 301 | BG19: 0 | BH19: 28Dressed Chicken | BI19: 220 | BJ19: 0 | BK19: 220 | BM19: 220 | BN19: 0 | BO19: 28Chicken egg, med. (piece) | BP19: 9 | BQ19: 0 | BR19: 9 | BT19: 9 | BU19: 0 | BW19: 28Bangus | BX19: 220 | BY19: 0 | BZ19: 220 | CB19: 210 | CC19: 0 | CD19: 28Galunggong | CE19: 200 | CF19: 0 | CG19: 200 | CI19: 200 | CJ19: 0 | CK19: 28Tilapia | CL19: 155 | CM19: 0 | CN19: 155 | CP19: 160 | CQ19: 0 | CS19: 28Ampalaya | CT19: 0 | CU19: 0 | CV19: 0 | CX19: 0 | CY19: 0 | CZ19: 28Cabbage | DA19: 30 | DB19: 0 | DC19: 37.5 | DE19: 40 | DF19: 0 | DG19: 28Carrot | DH19: 85 | DI19: 0 | DJ19: 140 | DL19: 125 | DM19: 0 | DN19: 28Eggplant | DO19: 45 | DP19: 0 | DQ19: 32.5 | DS19: 40 | DT19: 0 | DU19: 28Baguio Beans | DV19: 0 | DW19: 0 | DX19: 0 | DZ19: 0 | EA19: 0 | EB19: 28Pechay, Native | EC19: 0 | ED19: 0 | EE19: 0 | EG19: 0 | EH19: 0 | EI19: 28String Beans | EJ19: 0 | EK19: 0 | EL19: 0 | EN19: 0 | EO19: 0 | EP19: 28Tomato | EQ19: 65 | ER19: 0 | ES19: 35 | EU19: 30 | EV19: 0 | EW19: 28White Potato | EX19: 120 | EY19: 0 | EZ19: 120 | FB19: 135 | FC19: 0 | FE19: 28Onion, Red | FF19: 125 | FG19: 0 | FH19: 100 | FJ19: 80 | FK19: 0 | FL19: 28Garlic, Native | FM19: 0 | FN19: 0 | FO19: 0 | FQ19: 0 | FR19: 0 | FS19: 28Garlic, Imported | FT19: 145 | FU19: 0 | FV19: 145 | FX19: 145 | FY19: 0 | FZ19: 28Ginger, Hawaiian | GA19: 95 | GB19: 0 | GC19: 80 | GE19: 80 | GF19: 0 | GH19: 28Banana, Lakatan | GI19: 95 | GJ19: 0 | GK19: 95 | GM19: 90 | GN19: 0 | GO19: 28Banana, Latundan | GP19: 67.5 | GQ19: 0 | GR19: 70 | GT19: 70 | GU19: 0 | GV19: 28Calamansi | GW19: 80 | GX19: 0 | GY19: 80 | HA19: 75 | HB19: 0 | HC19: 28Mango, Carabao | HD19: 0 | HE19: 0 | HF19: 0 | HH19: 0 | HI19: 0 | HJ19: 28Papaya | HK19: 65 | HL19: 0 | HM19: 65 | HO19: 62.5 | HP19: 0 | HR19: 28Cooking oil | HS19: 0 | HT19: 0 | HU19: 0 | HW19: 0 | HX19: 0 | HY19: 28Brown Sugar | HZ19: 85 | IA19: 0 | IB19: 85 | ID19: 85 | IE19: 0 | IF19: 28Refined Sugar | IG19: 96 | IH19: 0 | II19: 96 | IK19: 96 | IL19: 0
A20: 29 | B20: Ilocos Sur | C20: 29Rice, Special | D20: 59.75 | E20: 0 | F20: 58.58 | H20: 58.58 | I20: 0 | J20: 29Rice, Well Milled | K20: 48.5 | L20: 0 | M20: 51.5 | O20: 51.5 | P20: 0 | Q20: 29Rice, Regular Milled | R20: 46.5 | S20: 0 | T20: 48.5 | V20: 48.5 | W20: 0 | Y20: 29Fresh Beef, Meat with Bones | Z20: 280 | AA20: 0 | AB20: 260 | AD20: 270 | AE20: 0 | AF20: 29Fresh Beef, Pure Meat | AG20: 350 | AH20: 0 | AI20: 350 | AK20: 350 | AL20: 0 | AM20: 29Fresh Pork, Kasim | AN20: 300 | AO20: 0 | AP20: 300 | AR20: 300 | AS20: 0 | AT20: 29Fresh Pork, Liempo | AU20: 300 | AV20: 0 | AW20: 300 | AY20: 300 | AZ20: 0 | BA20: 29Fresh Pork, Meat with Bones | BB20: 255 | BC20: 0 | BD20: 255 | BF20: 260 | BG20: 0 | BH20: 29Dressed Chicken | BI20: 225 | BJ20: 0 | BK20: 225 | BM20: 220 | BN20: 0 | BO20: 29Chicken egg, med. (piece) | BP20: 8.25 | BQ20: 0 | BR20: 8.25 | BT20: 8.25 | BU20: 0 | BW20: 29Bangus | BX20: 235 | BY20: 0 | BZ20: 200 | CB20: 230 | CC20: 0 | CD20: 29Galunggong | CE20: 240 | CF20: 0 | CG20: 220 | CI20: 230 | CJ20: 0 | CK20: 29Tilapia | CL20: 160 | CM20: 0 | CN20: 150 | CP20: 155 | CQ20: 0 | CS20: 29Ampalaya | CT20: 100 | CU20: 0 | CV20: 100 | CX20: 100 | CY20: 0 | CZ20: 29Cabbage | DA20: 37.5 | DB20: 0 | DC20: 40 | DE20: 50 | DF20: 0 | DG20: 29Carrot | DH20: 100 | DI20: 0 | DJ20: 100 | DL20: 110 | DM20: 0 | DN20: 29Eggplant | DO20: 65 | DP20: 0 | DQ20: 55 | DS20: 45 | DT20: 0 | DU20: 29Baguio Beans | DV20: 80 | DW20: 0 | DX20: 90 | DZ20: 100 | EA20: 0 | EB20: 29Pechay, Native | EC20: 0 | ED20: 0 | EE20: 0 | EG20: 0 | EH20: 0 | EI20: 29String Beans | EJ20: 120 | EK20: 0 | EL20: 110 | EN20: 100 | EO20: 0 | EP20: 29Tomato | EQ20: 60 | ER20: 0 | ES20: 55 | EU20: 40 | EV20: 0 | EW20: 29White Potato | EX20: 120 | EY20: 0 | EZ20: 110 | FB20: 115 | FC20: 0 | FE20: 29Onion, Red | FF20: 80 | FG20: 0 | FH20: 80 | FJ20: 80 | FK20: 0 | FL20: 29Garlic, Native | FM20: 390 | FN20: 0 | FO20: 400 | FQ20: 400 | FR20: 0 | FS20: 29Garlic, Imported | FT20: 0 | FU20: 0 | FV20: 0 | FX20: 0 | FY20: 0 | FZ20: 29Ginger, Hawaiian | GA20: 90 | GB20: 0 | GC20: 85 | GE20: 85 | GF20: 0 | GH20: 29Banana, Lakatan | GI20: 0 | GJ20: 0 | GK20: 0 | GM20: 0 | GN20: 0 | GO20: 29Banana, Latundan | GP20: 60 | GQ20: 0 | GR20: 85 | GT20: 80 | GU20: 0 | GV20: 29Calamansi | GW20: 90 | GX20: 0 | GY20: 80 | HA20: 75 | HB20: 0 | HC20: 29Mango, Carabao | HD20: 0 | HE20: 0 | HF20: 0 | HH20: 0 | HI20: 0 | HJ20: 29Papaya | HK20: 75 | HL20: 0 | HM20: 75 | HO20: 65 | HP20: 0 | HR20: 29Cooking oil | HS20: 0 | HT20: 0 | HU20: 0 | HW20: 0 | HX20: 0 | HY20: 29Brown Sugar | HZ20: 82.2 | IA20: 0 | IB20: 73.7 | ID20: 73.7 | IE20: 0 | IF20: 29Refined Sugar | IG20: 0 | IH20: 0 | II20: 0 | IK20: 0 | IL20: 0
A21: 33 | B21: La Union | C21: 33Rice, Special | D21: 61 | E21: 0 | F21: 61 | H21: 62.5 | I21: 0 | J21: 33Rice, Well Milled | K21: 54.5 | L21: 0 | M21: 53 | O21: 53 | P21: 0 | Q21: 33Rice, Regular Milled | R21: 51 | S21: 0 | T21: 51 | V21: 51 | W21: 0 | Y21: 33Fresh Beef, Meat with Bones | Z21: 350 | AA21: 0 | AB21: 350 | AD21: 355 | AE21: 0 | AF21: 33Fresh Beef, Pure Meat | AG21: 0 | AH21: 0 | AI21: 0 | AK21: 0 | AL21: 0 | AM21: 33Fresh Pork, Kasim | AN21: 310 | AO21: 0 | AP21: 315 | AR21: 315 | AS21: 0 | AT21: 33Fresh Pork, Liempo | AU21: 305 | AV21: 0 | AW21: 310 | AY21: 315 | AZ21: 0 | BA21: 33Fresh Pork, Meat with Bones | BB21: 295 | BC21: 0 | BD21: 300 | BF21: 300 | BG21: 0 | BH21: 33Dressed Chicken | BI21: 190 | BJ21: 0 | BK21: 185 | BM21: 195 | BN21: 0 | BO21: 33Chicken egg, med. (piece) | BP21: 8.5 | BQ21: 0 | BR21: 8 | BT21: 8 | BU21: 0 | BW21: 33Bangus | BX21: 170 | BY21: 0 | BZ21: 150 | CB21: 145 | CC21: 0 | CD21: 33Galunggong | CE21: 200 | CF21: 0 | CG21: 240 | CI21: 235 | CJ21: 0 | CK21: 33Tilapia | CL21: 110 | CM21: 0 | CN21: 110 | CP21: 105 | CQ21: 0 | CS21: 33Ampalaya | CT21: 0 | CU21: 0 | CV21: 0 | CX21: 0 | CY21: 0 | CZ21: 33Cabbage | DA21: 50 | DB21: 0 | DC21: 50 | DE21: 40 | DF21: 0 | DG21: 33Carrot | DH21: 120 | DI21: 0 | DJ21: 130 | DL21: 145 | DM21: 0 | DN21: 33Eggplant | DO21: 40 | DP21: 0 | DQ21: 40 | DS21: 42.5 | DT21: 0 | DU21: 33Baguio Beans | DV21: 110 | DW21: 0 | DX21: 80 | DZ21: 75 | EA21: 0 | EB21: 33Pechay, Native | EC21: 71.43 | ED21: 0 | EE21: 71.43 | EG21: 71.43 | EH21: 0 | EI21: 33String Beans | EJ21: 55 | EK21: 0 | EL21: 65 | EN21: 60 | EO21: 0 | EP21: 33Tomato | EQ21: 55 | ER21: 0 | ES21: 40 | EU21: 35 | EV21: 0 | EW21: 33White Potato | EX21: 120 | EY21: 0 | EZ21: 140 | FB21: 120 | FC21: 0 | FE21: 33Onion, Red | FF21: 0 | FG21: 0 | FH21: 0 | FJ21: 0 | FK21: 0 | FL21: 33Garlic, Native | FM21: 415 | FN21: 0 | FO21: 415 | FQ21: 350 | FR21: 0 | FS21: 33Garlic, Imported | FT21: 0 | FU21: 0 | FV21: 0 | FX21: 0 | FY21: 0 | FZ21: 33Ginger, Hawaiian | GA21: 90 | GB21: 0 | GC21: 80 | GE21: 80 | GF21: 0 | GH21: 33Banana, Lakatan | GI21: 120 | GJ21: 0 | GK21: 120 | GM21: 120 | GN21: 0 | GO21: 33Banana, Latundan | GP21: 0 | GQ21: 0 | GR21: 0 | GT21: 0 | GU21: 0 | GV21: 33Calamansi | GW21: 82.5 | GX21: 0 | GY21: 75 | HA21: 70 | HB21: 0 | HC21: 33Mango, Carabao | HD21: 160 | HE21: 0 | HF21: 145 | HH21: 157.5 | HI21: 0 | HJ21: 33Papaya | HK21: 60 | HL21: 0 | HM21: 60 | HO21: 60 | HP21: 0 | HR21: 33Cooking oil | HS21: 0 | HT21: 0 | HU21: 0 | HW21: 0 | HX21: 0 | HY21: 33Brown Sugar | HZ21: 83 | IA21: 0 | IB21: 83 | ID21: 83 | IE21: 0 | IF21: 33Refined Sugar | IG21: 0 | IH21: 0 | II21: 0 | IK21: 0 | IL21: 0
A22: 55 | B22: Pangasinan | C22: 55Rice, Special | D22: 61.5 | E22: 0 | F22: 62.5 | H22: 62.5 | I22: 0 | J22: 55Rice, Well Milled | K22: 55.5 | L22: 0 | M22: 54.5 | O22: 54.5 | P22: 0 | Q22: 55Rice, Regular Milled | R22: 48.5 | S22: 0 | T22: 48.5 | V22: 48.5 | W22: 0 | Y22: 55Fresh Beef, Meat with Bones | Z22: 367 | AA22: 0 | AB22: 372 | AD22: 372 | AE22: 0 | AF22: 55Fresh Beef, Pure Meat | AG22: 412.5 | AH22: 0 | AI22: 461 | AK22: 461 | AL22: 0 | AM22: 55Fresh Pork, Kasim | AN22: 342.5 | AO22: 0 | AP22: 357.5 | AR22: 357.5 | AS22: 0 | AT22: 55Fresh Pork, Liempo | AU22: 371 | AV22: 0 | AW22: 396 | AY22: 396 | AZ22: 0 | BA22: 55Fresh Pork, Meat with Bones | BB22: 320 | BC22: 0 | BD22: 330 | BF22: 330 | BG22: 0 | BH22: 55Dressed Chicken | BI22: 182.5 | BJ22: 0 | BK22: 187.5 | BM22: 187.5 | BN22: 0 | BO22: 55Chicken egg, med. (piece) | BP22: 8.5 | BQ22: 0 | BR22: 8.5 | BT22: 8.5 | BU22: 0 | BW22: 55Bangus | BX22: 205 | BY22: 0 | BZ22: 200 | CB22: 185 | CC22: 0 | CD22: 55Galunggong | CE22: 240 | CF22: 0 | CG22: 245 | CI22: 245 | CJ22: 0 | CK22: 55Tilapia | CL22: 142.5 | CM22: 0 | CN22: 142.5 | CP22: 145 | CQ22: 0 | CS22: 55Ampalaya | CT22: 60 | CU22: 0 | CV22: 75 | CX22: 65 | CY22: 0 | CZ22: 55Cabbage | DA22: 45 | DB22: 0 | DC22: 42.5 | DE22: 45 | DF22: 0 | DG22: 55Carrot | DH22: 92.5 | DI22: 0 | DJ22: 122.5 | DL22: 90 | DM22: 0 | DN22: 55Eggplant | DO22: 89 | DP22: 0 | DQ22: 63.5 | DS22: 70.5 | DT22: 0 | DU22: 55Baguio Beans | DV22: 0 | DW22: 0 | DX22: 0 | DZ22: 0 | EA22: 0 | EB22: 55Pechay, Native | EC22: 45 | ED22: 0 | EE22: 42.5 | EG22: 40 | EH22: 0 | EI22: 55String Beans | EJ22: 95 | EK22: 0 | EL22: 85 | EN22: 55 | EO22: 0 | EP22: 55Tomato | EQ22: 80 | ER22: 0 | ES22: 39.5 | EU22: 35 | EV22: 0 | EW22: 55White Potato | EX22: 120 | EY22: 0 | EZ22: 132.5 | FB22: 120 | FC22: 0 | FE22: 55Onion, Red | FF22: 105 | FG22: 0 | FH22: 72.5 | FJ22: 75 | FK22: 0 | FL22: 55Garlic, Native | FM22: 140 | FN22: 0 | FO22: 150 | FQ22: 140 | FR22: 0 | FS22: 55Garlic, Imported | FT22: 0 | FU22: 0 | FV22: 0 | FX22: 0 | FY22: 0 | FZ22: 55Ginger, Hawaiian | GA22: 79 | GB22: 0 | GC22: 75.5 | GE22: 90 | GF22: 0 | GH22: 55Banana, Lakatan | GI22: 117.5 | GJ22: 0 | GK22: 112.5 | GM22: 110 | GN22: 0 | GO22: 55Banana, Latundan | GP22: 62.5 | GQ22: 0 | GR22: 60 | GT22: 55 | GU22: 0 | GV22: 55Calamansi | GW22: 75 | GX22: 0 | GY22: 62.5 | HA22: 65 | HB22: 0 | HC22: 55Mango, Carabao | HD22: 0 | HE22: 0 | HF22: 0 | HH22: 0 | HI22: 0 | HJ22: 55Papaya | HK22: 45 | HL22: 0 | HM22: 45 | HO22: 45 | HP22: 0 | HR22: 55Cooking oil | HS22: 112.68 | HT22: 0 | HU22: 112.68 | HW22: 112.68 | HX22: 0 | HY22: 55Brown Sugar | HZ22: 74 | IA22: 0 | IB22: 71.5 | ID22: 71.5 | IE22: 0 | IF22: 55Refined Sugar | IG22: 81 | IH22: 0 | II22: 78.5 | IK22: 78.5 | IL22: 0
A23: R2 | B23: II - Cagayan Valley | C23: R2Rice, Special | D23: 64.07 | E23: 0 | F23: 63.15 | H23: 62.86 | I23: 0 | J23: R2Rice, Well Milled | K23: 56.95 | L23: 0 | M23: 55.8 | O23: 55.57 | P23: 0 | Q23: R2Rice, Regular Milled | R23: 46.38 | S23: 0 | T23: 45.29 | V23: 46.13 | W23: 0 | Y23: R2Fresh Beef, Meat with Bones | Z23: 318.5 | AA23: 0 | AB23: 320.5 | AD23: 320.5 | AE23: 0 | AF23: R2Fresh Beef, Pure Meat | AG23: 363.75 | AH23: 0 | AI23: 367.5 | AK23: 342.5 | AL23: 0 | AM23: R2Fresh Pork, Kasim | AN23: 293.5 | AO23: 0 | AP23: 301.5 | AR23: 304.5 | AS23: 0 | AT23: R2Fresh Pork, Liempo | AU23: 303 | AV23: 0 | AW23: 310 | AY23: 313 | AZ23: 0 | BA23: R2Fresh Pork, Meat with Bones | BB23: 284 | BC23: 0 | BD23: 292 | BF23: 297 | BG23: 0 | BH23: R2Dressed Chicken | BI23: 195 | BJ23: 0 | BK23: 191 | BM23: 192 | BN23: 0 | BO23: R2Chicken egg, med. (piece) | BP23: 9.13 | BQ23: 0 | BR23: 8.95 | BT23: 8.83 | BU23: 0 | BW23: R2Bangus | BX23: 217.5 | BY23: 0 | BZ23: 218 | CB23: 217.5 | CC23: 0 | CD23: R2Galunggong | CE23: 210 | CF23: 0 | CG23: 211 | CI23: 204 | CJ23: 0 | CK23: R2Tilapia | CL23: 151.88 | CM23: 0 | CN23: 151.88 | CP23: 150.63 | CQ23: 0 | CS23: R2Ampalaya | CT23: 108.13 | CU23: 0 | CV23: 116.25 | CX23: 120 | CY23: 0 | CZ23: R2Cabbage | DA23: 47.5 | DB23: 0 | DC23: 44.8 | DE23: 44.5 | DF23: 0 | DG23: R2Carrot | DH23: 83.75 | DI23: 0 | DJ23: 100 | DL23: 100.01 | DM23: 0 | DN23: R2Eggplant | DO23: 82.5 | DP23: 0 | DQ23: 81.5 | DS23: 77.5 | DT23: 0 | DU23: R2Baguio Beans | DV23: 67.5 | DW23: 0 | DX23: 70 | DZ23: 77.5 | EA23: 0 | EB23: R2Pechay, Native | EC23: 120 | ED23: 0 | EE23: 75 | EG23: 71.88 | EH23: 0 | EI23: R2String Beans | EJ23: 114.38 | EK23: 0 | EL23: 101.25 | EN23: 106.25 | EO23: 0 | EP23: R2Tomato | EQ23: 96.25 | ER23: 0 | ES23: 80.63 | EU23: 52.5 | EV23: 0 | EW23: R2White Potato | EX23: 131 | EY23: 0 | EZ23: 137 | FB23: 132.5 | FC23: 0 | FE23: R2Onion, Red | FF23: 136 | FG23: 0 | FH23: 127 | FJ23: 126 | FK23: 0 | FL23: R2Garlic, Native | FM23: 120 | FN23: 0 | FO23: 150 | FQ23: 145 | FR23: 0 | FS23: R2Garlic, Imported | FT23: 141.67 | FU23: 0 | FV23: 156.67 | FX23: 156.67 | FY23: 0 | FZ23: R2Ginger, Hawaiian | GA23: 115 | GB23: 0 | GC23: 114 | GE23: 109 | GF23: 0 | GH23: R2Banana, Lakatan | GI23: 66.25 | GJ23: 0 | GK23: 64.38 | GM23: 65 | GN23: 0 | GO23: R2Banana, Latundan | GP23: 45 | GQ23: 0 | GR23: 45 | GT23: 46.25 | GU23: 0 | GV23: R2Calamansi | GW23: 119.38 | GX23: 0 | GY23: 116.88 | HA23: 115.63 | HB23: 0 | HC23: R2Mango, Carabao | HD23: 173.33 | HE23: 0 | HF23: 178.33 | HH23: 171.67 | HI23: 0 | HJ23: R2Papaya | HK23: 40 | HL23: 0 | HM23: 40.83 | HO23: 40.83 | HP23: 0 | HR23: R2Cooking oil | HS23: 108.94 | HT23: 0 | HU23: 108.94 | HW23: 108.94 | HX23: 0 | HY23: R2Brown Sugar | HZ23: 78.66 | IA23: 0 | IB23: 77.66 | ID23: 77.76 | IE23: 0 | IF23: R2Refined Sugar | IG23: 89 | IH23: 0 | II23: 88.75 | IK23: 87.75 | IL23: 0
A24: 9 | B24: Batanes | C24: 9Rice, Special | D24: 83 | E24: 0 | F24: 83 | H24: 83 | I24: 0 | J24: 9Rice, Well Milled | K24: 72 | L24: 0 | M24: 72 | O24: 72 | P24: 0 | Q24: 9Rice, Regular Milled | R24: 0 | S24: 0 | T24: 0 | V24: 0 | W24: 0 | Y24: 9Fresh Beef, Meat with Bones | Z24: 250 | AA24: 0 | AB24: 250 | AD24: 250 | AE24: 0 | AF24: 9Fresh Beef, Pure Meat | AG24: 0 | AH24: 0 | AI24: 0 | AK24: 0 | AL24: 0 | AM24: 9Fresh Pork, Kasim | AN24: 280 | AO24: 0 | AP24: 280 | AR24: 290 | AS24: 0 | AT24: 9Fresh Pork, Liempo | AU24: 280 | AV24: 0 | AW24: 280 | AY24: 290 | AZ24: 0 | BA24: 9Fresh Pork, Meat with Bones | BB24: 280 | BC24: 0 | BD24: 280 | BF24: 290 | BG24: 0 | BH24: 9Dressed Chicken | BI24: 230 | BJ24: 0 | BK24: 230 | BM24: 235 | BN24: 0 | BO24: 9Chicken egg, med. (piece) | BP24: 11.5 | BQ24: 0 | BR24: 11.5 | BT24: 11.5 | BU24: 0 | BW24: 9Bangus | BX24: 275 | BY24: 0 | BZ24: 275 | CB24: 270 | CC24: 0 | CD24: 9Galunggong | CE24: 200 | CF24: 0 | CG24: 200 | CI24: 200 | CJ24: 0 | CK24: 9Tilapia | CL24: 0 | CM24: 0 | CN24: 0 | CP24: 0 | CQ24: 0 | CS24: 9Ampalaya | CT24: 200 | CU24: 0 | CV24: 215 | CX24: 210 | CY24: 0 | CZ24: 9Cabbage | DA24: 75 | DB24: 0 | DC24: 60 | DE24: 45 | DF24: 0 | DG24: 9Carrot | DH24: 0 | DI24: 0 | DJ24: 0 | DL24: 0 | DM24: 0 | DN24: 9Eggplant | DO24: 180 | DP24: 0 | DQ24: 190 | DS24: 165 | DT24: 0 | DU24: 9Baguio Beans | DV24: 0 | DW24: 0 | DX24: 0 | DZ24: 0 | EA24: 0 | EB24: 9Pechay, Native | EC24: 70 | ED24: 0 | EE24: 70 | EG24: 70 | EH24: 0 | EI24: 9String Beans | EJ24: 175 | EK24: 0 | EL24: 185 | EN24: 175 | EO24: 0 | EP24: 9Tomato | EQ24: 150 | ER24: 0 | ES24: 125 | EU24: 90 | EV24: 0 | EW24: 9White Potato | EX24: 225 | EY24: 0 | EZ24: 225 | FB24: 215 | FC24: 0 | FE24: 9Onion, Red | FF24: 225 | FG24: 0 | FH24: 240 | FJ24: 225 | FK24: 0 | FL24: 9Garlic, Native | FM24: 0 | FN24: 0 | FO24: 0 | FQ24: 0 | FR24: 0 | FS24: 9Garlic, Imported | FT24: 0 | FU24: 0 | FV24: 0 | FX24: 0 | FY24: 0 | FZ24: 9Ginger, Hawaiian | GA24: 215 | GB24: 0 | GC24: 215 | GE24: 215 | GF24: 0 | GH24: 9Banana, Lakatan | GI24: 0 | GJ24: 0 | GK24: 0 | GM24: 0 | GN24: 0 | GO24: 9Banana, Latundan | GP24: 60 | GQ24: 0 | GR24: 60 | GT24: 60 | GU24: 0 | GV24: 9Calamansi | GW24: 210 | GX24: 0 | GY24: 200 | HA24: 200 | HB24: 0 | HC24: 9Mango, Carabao | HD24: 245 | HE24: 0 | HF24: 265 | HH24: 245 | HI24: 0 | HJ24: 9Papaya | HK24: 0 | HL24: 0 | HM24: 0 | HO24: 0 | HP24: 0 | HR24: 9Cooking oil | HS24: 0 | HT24: 0 | HU24: 0 | HW24: 0 | HX24: 0 | HY24: 9Brown Sugar | HZ24: 97.5 | IA24: 0 | IB24: 97.5 | ID24: 97.5 | IE24: 0 | IF24: 9Refined Sugar | IG24: 100 | IH24: 0 | II24: 100 | IK24: 100 | IL24: 0
A25: 15 | B25: Cagayan | C25: 15Rice, Special | D25: 61.63 | E25: 0 | F25: 59.69 | H25: 59.69 | I25: 0 | J25: 15Rice, Well Milled | K25: 54.92 | L25: 0 | M25: 51.89 | O25: 51.89 | P25: 0 | Q25: 15Rice, Regular Milled | R25: 44.5 | S25: 0 | T25: 41.53 | V25: 41.53 | W25: 0 | Y25: 15Fresh Beef, Meat with Bones | Z25: 300 | AA25: 0 | AB25: 310 | AD25: 300 | AE25: 0 | AF25: 15Fresh Beef, Pure Meat | AG25: 347.5 | AH25: 0 | AI25: 355 | AK25: 305 | AL25: 0 | AM25: 15Fresh Pork, Kasim | AN25: 270 | AO25: 0 | AP25: 270 | AR25: 270 | AS25: 0 | AT25: 15Fresh Pork, Liempo | AU25: 285 | AV25: 0 | AW25: 285 | AY25: 285 | AZ25: 0 | BA25: 15Fresh Pork, Meat with Bones | BB25: 260 | BC25: 0 | BD25: 260 | BF25: 275 | BG25: 0 | BH25: 15Dressed Chicken | BI25: 155 | BJ25: 0 | BK25: 155 | BM25: 155 | BN25: 0 | BO25: 15Chicken egg, med. (piece) | BP25: 9 | BQ25: 0 | BR25: 9 | BT25: 8.75 | BU25: 0 | BW25: 15Bangus | BX25: 180 | BY25: 0 | BZ25: 180 | CB25: 180 | CC25: 0 | CD25: 15Galunggong | CE25: 190 | CF25: 0 | CG25: 195 | CI25: 190 | CJ25: 0 | CK25: 15Tilapia | CL25: 135 | CM25: 0 | CN25: 135 | CP25: 135 | CQ25: 0 | CS25: 15Ampalaya | CT25: 42.5 | CU25: 0 | CV25: 60 | CX25: 75 | CY25: 0 | CZ25: 15Cabbage | DA25: 22.5 | DB25: 0 | DC25: 24 | DE25: 30 | DF25: 0 | DG25: 15Carrot | DH25: 57.5 | DI25: 0 | DJ25: 87.5 | DL25: 85 | DM25: 0 | DN25: 15Eggplant | DO25: 27.5 | DP25: 0 | DQ25: 32.5 | DS25: 47.5 | DT25: 0 | DU25: 15Baguio Beans | DV25: 0 | DW25: 0 | DX25: 0 | DZ25: 0 | EA25: 0 | EB25: 15Pechay, Native | EC25: 0 | ED25: 0 | EE25: 0 | EG25: 0 | EH25: 0 | EI25: 15String Beans | EJ25: 125 | EK25: 0 | EL25: 57.5 | EN25: 72.5 | EO25: 0 | EP25: 15Tomato | EQ25: 52.5 | ER25: 0 | ES25: 30 | EU25: 32.5 | EV25: 0 | EW25: 15White Potato | EX25: 90 | EY25: 0 | EZ25: 90 | FB25: 87.5 | FC25: 0 | FE25: 15Onion, Red | FF25: 105 | FG25: 0 | FH25: 65 | FJ25: 75 | FK25: 0 | FL25: 15Garlic, Native | FM25: 70 | FN25: 0 | FO25: 130 | FQ25: 120 | FR25: 0 | FS25: 15Garlic, Imported | FT25: 0 | FU25: 0 | FV25: 0 | FX25: 0 | FY25: 0 | FZ25: 15Ginger, Hawaiian | GA25: 65 | GB25: 0 | GC25: 65 | GE25: 65 | GF25: 0 | GH25: 15Banana, Lakatan | GI25: 57.5 | GJ25: 0 | GK25: 57.5 | GM25: 50 | GN25: 0 | GO25: 15Banana, Latundan | GP25: 30 | GQ25: 0 | GR25: 30 | GT25: 32.5 | GU25: 0 | GV25: 15Calamansi | GW25: 0 | GX25: 0 | GY25: 0 | HA25: 0 | HB25: 0 | HC25: 15Mango, Carabao | HD25: 0 | HE25: 0 | HF25: 0 | HH25: 0 | HI25: 0 | HJ25: 15Papaya | HK25: 0 | HL25: 0 | HM25: 0 | HO25: 0 | HP25: 0 | HR25: 15Cooking oil | HS25: 105.37 | HT25: 0 | HU25: 105.37 | HW25: 105.37 | HX25: 0 | HY25: 15Brown Sugar | HZ25: 83.8 | IA25: 0 | IB25: 83.8 | ID25: 83.8 | IE25: 0 | IF25: 15Refined Sugar | IG25: 96.5 | IH25: 0 | II25: 96.5 | IK25: 96.5 | IL25: 0
A26: 31 | B26: Isabela | C26: 31Rice, Special | D26: 60.24 | E26: 0 | F26: 59.94 | H26: 59.73 | I26: 0 | J26: 31Rice, Well Milled | K26: 50.68 | L26: 0 | M26: 50.46 | O26: 50.3 | P26: 0 | Q26: 31Rice, Regular Milled | R26: 42.76 | S26: 0 | T26: 46.61 | V26: 46.47 | W26: 0 | Y26: 31Fresh Beef, Meat with Bones | Z26: 332.5 | AA26: 0 | AB26: 332.5 | AD26: 342.5 | AE26: 0 | AF26: 31Fresh Beef, Pure Meat | AG26: 0 | AH26: 0 | AI26: 0 | AK26: 0 | AL26: 0 | AM26: 31Fresh Pork, Kasim | AN26: 302.5 | AO26: 0 | AP26: 317.5 | AR26: 322.5 | AS26: 0 | AT26: 31Fresh Pork, Liempo | AU26: 330 | AV26: 0 | AW26: 345 | AY26: 350 | AZ26: 0 | BA26: 31Fresh Pork, Meat with Bones | BB26: 290 | BC26: 0 | BD26: 300 | BF26: 300 | BG26: 0 | BH26: 31Dressed Chicken | BI26: 180 | BJ26: 0 | BK26: 180 | BM26: 180 | BN26: 0 | BO26: 31Chicken egg, med. (piece) | BP26: 7.67 | BQ26: 0 | BR26: 7.5 | BT26: 7.5 | BU26: 0 | BW26: 31Bangus | BX26: 217.5 | BY26: 0 | BZ26: 215 | CB26: 217.5 | CC26: 0 | CD26: 31Galunggong | CE26: 270 | CF26: 0 | CG26: 270 | CI26: 240 | CJ26: 0 | CK26: 31Tilapia | CL26: 167.5 | CM26: 0 | CN26: 172.5 | CP26: 172.5 | CQ26: 0 | CS26: 31Ampalaya | CT26: 0 | CU26: 0 | CV26: 0 | CX26: 0 | CY26: 0 | CZ26: 31Cabbage | DA26: 52.5 | DB26: 0 | DC26: 57.5 | DE26: 55 | DF26: 0 | DG26: 31Carrot | DH26: 97.5 | DI26: 0 | DJ26: 117.5 | DL26: 110 | DM26: 0 | DN26: 31Eggplant | DO26: 90 | DP26: 0 | DQ26: 90 | DS26: 70 | DT26: 0 | DU26: 31Baguio Beans | DV26: 0 | DW26: 0 | DX26: 0 | DZ26: 0 | EA26: 0 | EB26: 31Pechay, Native | EC26: 270 | ED26: 0 | EE26: 90 | EG26: 77.52 | EH26: 0 | EI26: 31String Beans | EJ26: 92.5 | EK26: 0 | EL26: 102.5 | EN26: 102.5 | EO26: 0 | EP26: 31Tomato | EQ26: 97.5 | ER26: 0 | ES26: 87.5 | EU26: 47.5 | EV26: 0 | EW26: 31White Potato | EX26: 130 | EY26: 0 | EZ26: 130 | FB26: 130 | FC26: 0 | FE26: 31Onion, Red | FF26: 120 | FG26: 0 | FH26: 110 | FJ26: 120 | FK26: 0 | FL26: 31Garlic, Native | FM26: 0 | FN26: 0 | FO26: 0 | FQ26: 0 | FR26: 0 | FS26: 31Garlic, Imported | FT26: 130 | FU26: 0 | FV26: 170 | FX26: 170 | FY26: 0 | FZ26: 31Ginger, Hawaiian | GA26: 130 | GB26: 0 | GC26: 140 | GE26: 125 | GF26: 0 | GH26: 31Banana, Lakatan | GI26: 70 | GJ26: 0 | GK26: 70 | GM26: 90 | GN26: 0 | GO26: 31Banana, Latundan | GP26: 0 | GQ26: 0 | GR26: 0 | GT26: 0 | GU26: 0 | GV26: 31Calamansi | GW26: 97.52 | GX26: 0 | GY26: 97.52 | HA26: 77.52 | HB26: 0 | HC26: 31Mango, Carabao | HD26: 150 | HE26: 0 | HF26: 150 | HH26: 140 | HI26: 0 | HJ26: 31Papaya | HK26: 42.5 | HL26: 0 | HM26: 42.5 | HO26: 42.5 | HP26: 0 | HR26: 31Cooking oil | HS26: 0 | HT26: 0 | HU26: 0 | HW26: 0 | HX26: 0 | HY26: 31Brown Sugar | HZ26: 77.5 | IA26: 0 | IB26: 75.5 | ID26: 75.5 | IE26: 0 | IF26: 31Refined Sugar | IG26: 0 | IH26: 0 | II26: 0 | IK26: 0 | IL26: 0
A27: 50 | B27: Nueva Vizcaya | C27: 50Rice, Special | D27: 55.5 | E27: 0 | F27: 54.5 | H27: 54.5 | I27: 0 | J27: 50Rice, Well Milled | K27: 51.75 | L27: 0 | M27: 51 | O27: 51 | P27: 0 | Q27: 50Rice, Regular Milled | R27: 48.5 | S27: 0 | T27: 48.5 | V27: 48.5 | W27: 0 | Y27: 50Fresh Beef, Meat with Bones | Z27: 390 | AA27: 0 | AB27: 390 | AD27: 390 | AE27: 0 | AF27: 50Fresh Beef, Pure Meat | AG27: 0 | AH27: 0 | AI27: 0 | AK27: 0 | AL27: 0 | AM27: 50Fresh Pork, Kasim | AN27: 320 | AO27: 0 | AP27: 320 | AR27: 320 | AS27: 0 | AT27: 50Fresh Pork, Liempo | AU27: 320 | AV27: 0 | AW27: 320 | AY27: 320 | AZ27: 0 | BA27: 50Fresh Pork, Meat with Bones | BB27: 310 | BC27: 0 | BD27: 310 | BF27: 310 | BG27: 0 | BH27: 50Dressed Chicken | BI27: 210 | BJ27: 0 | BK27: 210 | BM27: 210 | BN27: 0 | BO27: 50Chicken egg, med. (piece) | BP27: 9 | BQ27: 0 | BR27: 9 | BT27: 8.75 | BU27: 0 | BW27: 50Bangus | BX27: 220 | BY27: 0 | BZ27: 220 | CB27: 220 | CC27: 0 | CD27: 50Galunggong | CE27: 245 | CF27: 0 | CG27: 240 | CI27: 240 | CJ27: 0 | CK27: 50Tilapia | CL27: 155 | CM27: 0 | CN27: 155 | CP27: 150 | CQ27: 0 | CS27: 50Ampalaya | CT27: 100 | CU27: 0 | CV27: 100 | CX27: 105 | CY27: 0 | CZ27: 50Cabbage | DA27: 37.5 | DB27: 0 | DC27: 42.5 | DE27: 42.5 | DF27: 0 | DG27: 50Carrot | DH27: 90 | DI27: 0 | DJ27: 95 | DL27: 90 | DM27: 0 | DN27: 50Eggplant | DO27: 65 | DP27: 0 | DQ27: 45 | DS27: 45 | DT27: 0 | DU27: 50Baguio Beans | DV27: 60 | DW27: 0 | DX27: 75 | DZ27: 70 | EA27: 0 | EB27: 50Pechay, Native | EC27: 60 | ED27: 0 | EE27: 60 | EG27: 60 | EH27: 0 | EI27: 50String Beans | EJ27: 0 | EK27: 0 | EL27: 0 | EN27: 0 | EO27: 0 | EP27: 50Tomato | EQ27: 0 | ER27: 0 | ES27: 0 | EU27: 0 | EV27: 0 | EW27: 50White Potato | EX27: 90 | EY27: 0 | EZ27: 120 | FB27: 110 | FC27: 0 | FE27: 50Onion, Red | FF27: 110 | FG27: 0 | FH27: 100 | FJ27: 95 | FK27: 0 | FL27: 50Garlic, Native | FM27: 170 | FN27: 0 | FO27: 170 | FQ27: 170 | FR27: 0 | FS27: 50Garlic, Imported | FT27: 150 | FU27: 0 | FV27: 150 | FX27: 150 | FY27: 0 | FZ27: 50Ginger, Hawaiian | GA27: 75 | GB27: 0 | GC27: 70 | GE27: 60 | GF27: 0 | GH27: 50Banana, Lakatan | GI27: 67.5 | GJ27: 0 | GK27: 67.5 | GM27: 65 | GN27: 0 | GO27: 50Banana, Latundan | GP27: 0 | GQ27: 0 | GR27: 0 | GT27: 0 | GU27: 0 | GV27: 50Calamansi | GW27: 95 | GX27: 0 | GY27: 95 | HA27: 85 | HB27: 0 | HC27: 50Mango, Carabao | HD27: 125 | HE27: 0 | HF27: 120 | HH27: 130 | HI27: 0 | HJ27: 50Papaya | HK27: 37.5 | HL27: 0 | HM27: 37.5 | HO27: 37.5 | HP27: 0 | HR27: 50Cooking oil | HS27: 112.5 | HT27: 0 | HU27: 112.5 | HW27: 112.5 | HX27: 0 | HY27: 50Brown Sugar | HZ27: 71 | IA27: 0 | IB27: 68 | ID27: 68 | IE27: 0 | IF27: 50Refined Sugar | IG27: 78.5 | IH27: 0 | II27: 77.5 | IK27: 77.5 | IL27: 0
A28: 57 | B28: Quirino | C28: 57Rice, Special | D28: 60 | E28: 0 | F28: 58.63 | H28: 57.38 | I28: 0 | J28: 57Rice, Well Milled | K28: 55.38 | L28: 0 | M28: 53.67 | O28: 52.67 | P28: 0 | Q28: 57Rice, Regular Milled | R28: 49.75 | S28: 0 | T28: 44.5 | V28: 48 | W28: 0 | Y28: 57Fresh Beef, Meat with Bones | Z28: 320 | AA28: 0 | AB28: 320 | AD28: 320 | AE28: 0 | AF28: 57Fresh Beef, Pure Meat | AG28: 380 | AH28: 0 | AI28: 380 | AK28: 380 | AL28: 0 | AM28: 57Fresh Pork, Kasim | AN28: 295 | AO28: 0 | AP28: 320 | AR28: 320 | AS28: 0 | AT28: 57Fresh Pork, Liempo | AU28: 300 | AV28: 0 | AW28: 320 | AY28: 320 | AZ28: 0 | BA28: 57Fresh Pork, Meat with Bones | BB28: 280 | BC28: 0 | BD28: 310 | BF28: 310 | BG28: 0 | BH28: 57Dressed Chicken | BI28: 200 | BJ28: 0 | BK28: 180 | BM28: 180 | BN28: 0 | BO28: 57Chicken egg, med. (piece) | BP28: 8.5 | BQ28: 0 | BR28: 7.75 | BT28: 7.63 | BU28: 0 | BW28: 57Bangus | BX28: 195 | BY28: 0 | BZ28: 200 | CB28: 200 | CC28: 0 | CD28: 57Galunggong | CE28: 145 | CF28: 0 | CG28: 150 | CI28: 150 | CJ28: 0 | CK28: 57Tilapia | CL28: 150 | CM28: 0 | CN28: 145 | CP28: 145 | CQ28: 0 | CS28: 57Ampalaya | CT28: 90 | CU28: 0 | CV28: 90 | CX28: 90 | CY28: 0 | CZ28: 57Cabbage | DA28: 50 | DB28: 0 | DC28: 40 | DE28: 50 | DF28: 0 | DG28: 57Carrot | DH28: 90 | DI28: 0 | DJ28: 100 | DL28: 115.04 | DM28: 0 | DN28: 57Eggplant | DO28: 50 | DP28: 0 | DQ28: 50 | DS28: 60 | DT28: 0 | DU28: 57Baguio Beans | DV28: 75 | DW28: 0 | DX28: 65 | DZ28: 85 | EA28: 0 | EB28: 57Pechay, Native | EC28: 80 | ED28: 0 | EE28: 80 | EG28: 80 | EH28: 0 | EI28: 57String Beans | EJ28: 65 | EK28: 0 | EL28: 60 | EN28: 75 | EO28: 0 | EP28: 57Tomato | EQ28: 85 | ER28: 0 | ES28: 80 | EU28: 40 | EV28: 0 | EW28: 57White Potato | EX28: 120 | EY28: 0 | EZ28: 120 | FB28: 120 | FC28: 0 | FE28: 57Onion, Red | FF28: 120 | FG28: 0 | FH28: 120 | FJ28: 115 | FK28: 0 | FL28: 57Garlic, Native | FM28: 0 | FN28: 0 | FO28: 0 | FQ28: 0 | FR28: 0 | FS28: 57Garlic, Imported | FT28: 145 | FU28: 0 | FV28: 150 | FX28: 150 | FY28: 0 | FZ28: 57Ginger, Hawaiian | GA28: 90 | GB28: 0 | GC28: 80 | GE28: 80 | GF28: 0 | GH28: 57Banana, Lakatan | GI28: 70 | GJ28: 0 | GK28: 62.5 | GM28: 55 | GN28: 0 | GO28: 57Banana, Latundan | GP28: 0 | GQ28: 0 | GR28: 0 | GT28: 0 | GU28: 0 | GV28: 57Calamansi | GW28: 75 | GX28: 0 | GY28: 75 | HA28: 100 | HB28: 0 | HC28: 57Mango, Carabao | HD28: 0 | HE28: 0 | HF28: 0 | HH28: 0 | HI28: 0 | HJ28: 57Papaya | HK28: 40 | HL28: 0 | HM28: 42.5 | HO28: 42.5 | HP28: 0 | HR28: 57Cooking oil | HS28: 0 | HT28: 0 | HU28: 0 | HW28: 0 | HX28: 0 | HY28: 57Brown Sugar | HZ28: 63.5 | IA28: 0 | IB28: 63.5 | ID28: 64 | IE28: 0 | IF28: 57Refined Sugar | IG28: 81 | IH28: 0 | II28: 81 | IK28: 77 | IL28: 0
A29: R3 | B29: III - Central Luzon | C29: R3Rice, Special | D29: 66.1 | E29: 0 | F29: 66.57 | H29: 66.3 | I29: 0 | J29: R3Rice, Well Milled | K29: 57.61 | L29: 0 | M29: 58.82 | O29: 58.87 | P29: 0 | Q29: R3Rice, Regular Milled | R29: 52.82 | S29: 0 | T29: 52.46 | V29: 52.3 | W29: 0 | Y29: R3Fresh Beef, Meat with Bones | Z29: 378.86 | AA29: 0 | AB29: 384.27 | AD29: 377.94 | AE29: 0 | AF29: R3Fresh Beef, Pure Meat | AG29: 457.53 | AH29: 0 | AI29: 456.7 | AK29: 452.12 | AL29: 0 | AM29: R3Fresh Pork, Kasim | AN29: 329.88 | AO29: 0 | AP29: 334.53 | AR29: 337.09 | AS29: 0 | AT29: R3Fresh Pork, Liempo | AU29: 377.51 | AV29: 0 | AW29: 385.42 | AY29: 391.18 | AZ29: 0 | BA29: R3Fresh Pork, Meat with Bones | BB29: 302.1 | BC29: 0 | BD29: 307.98 | BF29: 313.64 | BG29: 0 | BH29: R3Dressed Chicken | BI29: 177.29 | BJ29: 0 | BK29: 176.35 | BM29: 177.44 | BN29: 0 | BO29: R3Chicken egg, med. (piece) | BP29: 8.67 | BQ29: 0 | BR29: 8.17 | BT29: 8.15 | BU29: 0 | BW29: R3Bangus | BX29: 204.54 | BY29: 0 | BZ29: 202.22 | CB29: 200.93 | CC29: 0 | CD29: R3Galunggong | CE29: 244.17 | CF29: 0 | CG29: 238.37 | CI29: 229.33 | CJ29: 0 | CK29: R3Tilapia | CL29: 137.48 | CM29: 0 | CN29: 138.89 | CP29: 137.11 | CQ29: 0 | CS29: R3Ampalaya | CT29: 120.22 | CU29: 0 | CV29: 127.28 | CX29: 131.65 | CY29: 0 | CZ29: R3Cabbage | DA29: 69.76 | DB29: 0 | DC29: 69.85 | DE29: 73.15 | DF29: 0 | DG29: R3Carrot | DH29: 113.72 | DI29: 0 | DJ29: 127.04 | DL29: 132.91 | DM29: 0 | DN29: R3Eggplant | DO29: 92.65 | DP29: 0 | DQ29: 84.43 | DS29: 87.59 | DT29: 0 | DU29: R3Baguio Beans | DV29: 117.55 | DW29: 0 | DX29: 110.29 | DZ29: 113.1 | EA29: 0 | EB29: R3Pechay, Native | EC29: 94.63 | ED29: 0 | EE29: 88.71 | EG29: 87.56 | EH29: 0 | EI29: R3String Beans | EJ29: 119.29 | EK29: 0 | EL29: 120.6 | EN29: 128.28 | EO29: 0 | EP29: R3Tomato | EQ29: 100.78 | ER29: 0 | ES29: 81.98 | EU29: 72.17 | EV29: 0 | EW29: R3White Potato | EX29: 134.83 | EY29: 0 | EZ29: 139.72 | FB29: 136.85 | FC29: 0 | FE29: R3Onion, Red | FF29: 122.41 | FG29: 0 | FH29: 102.37 | FJ29: 94.5 | FK29: 0 | FL29: R3Garlic, Native | FM29: 159.5 | FN29: 0 | FO29: 159.83 | FQ29: 158.33 | FR29: 0 | FS29: R3Garlic, Imported | FT29: 161.69 | FU29: 0 | FV29: 161.48 | FX29: 164.76 | FY29: 0 | FZ29: R3Ginger, Hawaiian | GA29: 137.56 | GB29: 0 | GC29: 142.02 | GE29: 142.02 | GF29: 0 | GH29: R3Banana, Lakatan | GI29: 107.87 | GJ29: 0 | GK29: 111.13 | GM29: 110.89 | GN29: 0 | GO29: R3Banana, Latundan | GP29: 73.75 | GQ29: 0 | GR29: 75.33 | GT29: 72.28 | GU29: 0 | GV29: R3Calamansi | GW29: 104.93 | GX29: 0 | GY29: 96.35 | HA29: 86.26 | HB29: 0 | HC29: R3Mango, Carabao | HD29: 184.9 | HE29: 0 | HF29: 172.02 | HH29: 163.73 | HI29: 0 | HJ29: R3Papaya | HK29: 53.67 | HL29: 0 | HM29: 52.94 | HO29: 51.9 | HP29: 0 | HR29: R3Cooking oil | HS29: 174.07 | HT29: 0 | HU29: 175.57 | HW29: 175.57 | HX29: 0 | HY29: R3Brown Sugar | HZ29: 79.17 | IA29: 0 | IB29: 79.33 | ID29: 79.38 | IE29: 0 | IF29: R3Refined Sugar | IG29: 86.03 | IH29: 0 | II29: 86.47 | IK29: 86.43 | IL29: 0
A30: 5401 | B30: Angeles City | C30: 5401Rice, Special | D30: 57.87 | E30: 0 | F30: 56.07 | H30: 56.43 | I30: 0 | J30: 5401Rice, Well Milled | K30: 53.97 | L30: 0 | M30: 52.7 | O30: 52.93 | P30: 0 | Q30: 5401Rice, Regular Milled | R30: 50.5 | S30: 0 | T30: 49.37 | V30: 49.63 | W30: 0 | Y30: 5401Fresh Beef, Meat with Bones | Z30: 405.13 | AA30: 0 | AB30: 403.46 | AD30: 401.79 | AE30: 0 | AF30: 5401Fresh Beef, Pure Meat | AG30: 475.13 | AH30: 0 | AI30: 474.29 | AK30: 472.63 | AL30: 0 | AM30: 5401Fresh Pork, Kasim | AN30: 315.96 | AO30: 0 | AP30: 318.46 | AR30: 320.13 | AS30: 0 | AT30: 5401Fresh Pork, Liempo | AU30: 352.63 | AV30: 0 | AW30: 365.96 | AY30: 370.96 | AZ30: 0 | BA30: 5401Fresh Pork, Meat with Bones | BB30: 290.13 | BC30: 0 | BD30: 310.13 | BF30: 311.79 | BG30: 0 | BH30: 5401Dressed Chicken | BI30: 169.29 | BJ30: 0 | BK30: 172.63 | BM30: 180.96 | BN30: 0 | BO30: 5401Chicken egg, med. (piece) | BP30: 8.26 | BQ30: 0 | BR30: 7.42 | BT30: 7.31 | BU30: 0 | BW30: 5401Bangus | BX30: 198.33 | BY30: 0 | BZ30: 197.5 | CB30: 193.33 | CC30: 0 | CD30: 5401Galunggong | CE30: 220 | CF30: 0 | CG30: 203.33 | CI30: 195 | CJ30: 0 | CK30: 5401Tilapia | CL30: 128.33 | CM30: 0 | CN30: 122.5 | CP30: 125 | CQ30: 0 | CS30: 5401Ampalaya | CT30: 85.83 | CU30: 0 | CV30: 109.17 | CX30: 103.33 | CY30: 0 | CZ30: 5401Cabbage | DA30: 47.5 | DB30: 0 | DC30: 43.33 | DE30: 45 | DF30: 0 | DG30: 5401Carrot | DH30: 82.5 | DI30: 0 | DJ30: 97.5 | DL30: 88.33 | DM30: 0 | DN30: 5401Eggplant | DO30: 65.83 | DP30: 0 | DQ30: 59.17 | DS30: 65 | DT30: 0 | DU30: 5401Baguio Beans | DV30: 86.67 | DW30: 0 | DX30: 79.17 | DZ30: 75 | EA30: 0 | EB30: 5401Pechay, Native | EC30: 65 | ED30: 0 | EE30: 54.17 | EG30: 51.67 | EH30: 0 | EI30: 5401String Beans | EJ30: 118.33 | EK30: 0 | EL30: 118.33 | EN30: 106.67 | EO30: 0 | EP30: 5401Tomato | EQ30: 100 | ER30: 0 | ES30: 66.67 | EU30: 50.83 | EV30: 0 | EW30: 5401White Potato | EX30: 115 | EY30: 0 | EZ30: 110 | FB30: 112.5 | FC30: 0 | FE30: 5401Onion, Red | FF30: 100.83 | FG30: 0 | FH30: 88.33 | FJ30: 90 | FK30: 0 | FL30: 5401Garlic, Native | FM30: 142.5 | FN30: 0 | FO30: 139.17 | FQ30: 136.67 | FR30: 0 | FS30: 5401Garlic, Imported | FT30: 130 | FU30: 0 | FV30: 123.33 | FX30: 130 | FY30: 0 | FZ30: 5401Ginger, Hawaiian | GA30: 105 | GB30: 0 | GC30: 116.67 | GE30: 111.67 | GF30: 0 | GH30: 5401Banana, Lakatan | GI30: 100 | GJ30: 0 | GK30: 104.17 | GM30: 103.33 | GN30: 0 | GO30: 5401Banana, Latundan | GP30: 0 | GQ30: 0 | GR30: 0 | GT30: 0 | GU30: 0 | GV30: 5401Calamansi | GW30: 102.5 | GX30: 0 | GY30: 84.17 | HA30: 61.67 | HB30: 0 | HC30: 5401Mango, Carabao | HD30: 180 | HE30: 0 | HF30: 162.5 | HH30: 146.67 | HI30: 0 | HJ30: 5401Papaya | HK30: 67.5 | HL30: 0 | HM30: 66.67 | HO30: 65 | HP30: 0 | HR30: 5401Cooking oil | HS30: 0 | HT30: 0 | HU30: 0 | HW30: 0 | HX30: 0 | HY30: 5401Brown Sugar | HZ30: 79.33 | IA30: 0 | IB30: 78.63 | ID30: 78.04 | IE30: 0 | IF30: 5401Refined Sugar | IG30: 88.08 | IH30: 0 | II30: 89.42 | IK30: 89.25 | IL30: 0
A31: 77 | B31: Aurora | C31: 77Rice, Special | D31: 60 | E31: 0 | F31: 65 | H31: 60 | I31: 0 | J31: 77Rice, Well Milled | K31: 55.25 | L31: 0 | M31: 56.5 | O31: 56.5 | P31: 0 | Q31: 77Rice, Regular Milled | R31: 55 | S31: 0 | T31: 51 | V31: 51 | W31: 0 | Y31: 77Fresh Beef, Meat with Bones | Z31: 280 | AA31: 0 | AB31: 280 | AD31: 280 | AE31: 0 | AF31: 77Fresh Beef, Pure Meat | AG31: 380 | AH31: 0 | AI31: 380 | AK31: 380 | AL31: 0 | AM31: 77Fresh Pork, Kasim | AN31: 340 | AO31: 0 | AP31: 345 | AR31: 370 | AS31: 0 | AT31: 77Fresh Pork, Liempo | AU31: 340 | AV31: 0 | AW31: 345 | AY31: 370 | AZ31: 0 | BA31: 77Fresh Pork, Meat with Bones | BB31: 300 | BC31: 0 | BD31: 300 | BF31: 320 | BG31: 0 | BH31: 77Dressed Chicken | BI31: 200 | BJ31: 0 | BK31: 195 | BM31: 190 | BN31: 0 | BO31: 77Chicken egg, med. (piece) | BP31: 10 | BQ31: 0 | BR31: 8 | BT31: 8 | BU31: 0 | BW31: 77Bangus | BX31: 200 | BY31: 0 | BZ31: 200 | CB31: 200 | CC31: 0 | CD31: 77Galunggong | CE31: 210 | CF31: 0 | CG31: 230 | CI31: 210 | CJ31: 0 | CK31: 77Tilapia | CL31: 140 | CM31: 0 | CN31: 140 | CP31: 140 | CQ31: 0 | CS31: 77Ampalaya | CT31: 90 | CU31: 0 | CV31: 110 | CX31: 110 | CY31: 0 | CZ31: 77Cabbage | DA31: 50 | DB31: 0 | DC31: 60 | DE31: 60 | DF31: 0 | DG31: 77Carrot | DH31: 120 | DI31: 0 | DJ31: 145 | DL31: 145 | DM31: 0 | DN31: 77Eggplant | DO31: 60 | DP31: 0 | DQ31: 70 | DS31: 80 | DT31: 0 | DU31: 77Baguio Beans | DV31: 100 | DW31: 0 | DX31: 90 | DZ31: 90 | EA31: 0 | EB31: 77Pechay, Native | EC31: 90 | ED31: 0 | EE31: 90 | EG31: 90 | EH31: 0 | EI31: 77String Beans | EJ31: 50 | EK31: 0 | EL31: 50 | EN31: 50 | EO31: 0 | EP31: 77Tomato | EQ31: 90 | ER31: 0 | ES31: 70 | EU31: 50 | EV31: 0 | EW31: 77White Potato | EX31: 120 | EY31: 0 | EZ31: 150 | FB31: 145 | FC31: 0 | FE31: 77Onion, Red | FF31: 135 | FG31: 0 | FH31: 115 | FJ31: 100 | FK31: 0 | FL31: 77Garlic, Native | FM31: 0 | FN31: 0 | FO31: 0 | FQ31: 0 | FR31: 0 | FS31: 77Garlic, Imported | FT31: 155 | FU31: 0 | FV31: 145 | FX31: 160 | FY31: 0 | FZ31: 77Ginger, Hawaiian | GA31: 85 | GB31: 0 | GC31: 100 | GE31: 100 | GF31: 0 | GH31: 77Banana, Lakatan | GI31: 80 | GJ31: 0 | GK31: 75 | GM31: 85 | GN31: 0 | GO31: 77Banana, Latundan | GP31: 40 | GQ31: 0 | GR31: 40 | GT31: 40 | GU31: 0 | GV31: 77Calamansi | GW31: 110 | GX31: 0 | GY31: 85 | HA31: 80 | HB31: 0 | HC31: 77Mango, Carabao | HD31: 135 | HE31: 0 | HF31: 150 | HH31: 135 | HI31: 0 | HJ31: 77Papaya | HK31: 25 | HL31: 0 | HM31: 25 | HO31: 25 | HP31: 0 | HR31: 77Cooking oil | HS31: 0 | HT31: 0 | HU31: 0 | HW31: 0 | HX31: 0 | HY31: 77Brown Sugar | HZ31: 73.75 | IA31: 0 | IB31: 73.75 | ID31: 73.75 | IE31: 0 | IF31: 77Refined Sugar | IG31: 84 | IH31: 0 | II31: 84 | IK31: 84 | IL31: 0
A32: 8 | B32: Bataan | C32: 8Rice, Special | D32: 74.04 | E32: 0 | F32: 73.6 | H32: 72.1 | I32: 0 | J32: 8Rice, Well Milled | K32: 0 | L32: 0 | M32: 66.47 | O32: 66.47 | P32: 0 | Q32: 8Rice, Regular Milled | R32: 46.67 | S32: 0 | T32: 46.21 | V32: 45.79 | W32: 0 | Y32: 8Fresh Beef, Meat with Bones | Z32: 437 | AA32: 0 | AB32: 429.5 | AD32: 442.5 | AE32: 0 | AF32: 8Fresh Beef, Pure Meat | AG32: 511 | AH32: 0 | AI32: 508 | AK32: 519 | AL32: 0 | AM32: 8Fresh Pork, Kasim | AN32: 339.5 | AO32: 0 | AP32: 354.5 | AR32: 347.5 | AS32: 0 | AT32: 8Fresh Pork, Liempo | AU32: 411.5 | AV32: 0 | AW32: 424 | AY32: 447.5 | AZ32: 0 | BA32: 8Fresh Pork, Meat with Bones | BB32: 339 | BC32: 0 | BD32: 342.5 | BF32: 363.5 | BG32: 0 | BH32: 8Dressed Chicken | BI32: 185 | BJ32: 0 | BK32: 179 | BM32: 184 | BN32: 0 | BO32: 8Chicken egg, med. (piece) | BP32: 7.95 | BQ32: 0 | BR32: 7.95 | BT32: 7.95 | BU32: 0 | BW32: 8Bangus | BX32: 226 | BY32: 0 | BZ32: 221 | CB32: 228.5 | CC32: 0 | CD32: 8Galunggong | CE32: 294.5 | CF32: 0 | CG32: 284.5 | CI32: 285 | CJ32: 0 | CK32: 8Tilapia | CL32: 145 | CM32: 0 | CN32: 150 | CP32: 155 | CQ32: 0 | CS32: 8Ampalaya | CT32: 165.5 | CU32: 0 | CV32: 177 | CX32: 170 | CY32: 0 | CZ32: 8Cabbage | DA32: 125 | DB32: 0 | DC32: 121 | DE32: 150 | DF32: 0 | DG32: 8Carrot | DH32: 169 | DI32: 0 | DJ32: 164 | DL32: 170 | DM32: 0 | DN32: 8Eggplant | DO32: 114 | DP32: 0 | DQ32: 104 | DS32: 125 | DT32: 0 | DU32: 8Baguio Beans | DV32: 107.5 | DW32: 0 | DX32: 107 | DZ32: 150 | EA32: 0 | EB32: 8Pechay, Native | EC32: 0 | ED32: 0 | EE32: 0 | EG32: 0 | EH32: 0 | EI32: 8String Beans | EJ32: 143 | EK32: 0 | EL32: 138.5 | EN32: 177.5 | EO32: 0 | EP32: 8Tomato | EQ32: 126 | ER32: 0 | ES32: 113 | EU32: 125 | EV32: 0 | EW32: 8White Potato | EX32: 177.5 | EY32: 0 | EZ32: 183.5 | FB32: 160 | FC32: 0 | FE32: 8Onion, Red | FF32: 145 | FG32: 0 | FH32: 127.5 | FJ32: 114 | FK32: 0 | FL32: 8Garlic, Native | FM32: 140 | FN32: 0 | FO32: 150 | FQ32: 150 | FR32: 0 | FS32: 8Garlic, Imported | FT32: 192.5 | FU32: 0 | FV32: 200.5 | FX32: 197.5 | FY32: 0 | FZ32: 8Ginger, Hawaiian | GA32: 177.5 | GB32: 0 | GC32: 177.5 | GE32: 177.5 | GF32: 0 | GH32: 8Banana, Lakatan | GI32: 131 | GJ32: 0 | GK32: 141 | GM32: 130 | GN32: 0 | GO32: 8Banana, Latundan | GP32: 117.5 | GQ32: 0 | GR32: 125 | GT32: 107.5 | GU32: 0 | GV32: 8Calamansi | GW32: 113.5 | GX32: 0 | GY32: 108.5 | HA32: 125 | HB32: 0 | HC32: 8Mango, Carabao | HD32: 0 | HE32: 0 | HF32: 0 | HH32: 0 | HI32: 0 | HJ32: 8Papaya | HK32: 0 | HL32: 0 | HM32: 0 | HO32: 0 | HP32: 0 | HR32: 8Cooking oil | HS32: 0 | HT32: 0 | HU32: 0 | HW32: 0 | HX32: 0 | HY32: 8Brown Sugar | HZ32: 86.5 | IA32: 0 | IB32: 86.5 | ID32: 86.5 | IE32: 0 | IF32: 8Refined Sugar | IG32: 0 | IH32: 0 | II32: 0 | IK32: 0 | IL32: 0
A33: 14 | B33: Bulacan | C33: 14Rice, Special | D33: 65.17 | E33: 0 | F33: 67.24 | H33: 66.57 | I33: 0 | J33: 14Rice, Well Milled | K33: 59.6 | L33: 0 | M33: 61.22 | O33: 60.8 | P33: 0 | Q33: 14Rice, Regular Milled | R33: 49.5 | S33: 0 | T33: 49.5 | V33: 49.5 | W33: 0 | Y33: 14Fresh Beef, Meat with Bones | Z33: 384.98 | AA33: 0 | AB33: 449.98 | AD33: 384.98 | AE33: 0 | AF33: 14Fresh Beef, Pure Meat | AG33: 464.5 | AH33: 0 | AI33: 464.98 | AK33: 429.98 | AL33: 0 | AM33: 14Fresh Pork, Kasim | AN33: 314.98 | AO33: 0 | AP33: 322.48 | AR33: 322.48 | AS33: 0 | AT33: 14Fresh Pork, Liempo | AU33: 374.98 | AV33: 0 | AW33: 427.5 | AY33: 427.5 | AZ33: 0 | BA33: 14Fresh Pork, Meat with Bones | BB33: 277.48 | BC33: 0 | BD33: 297.48 | BF33: 302.48 | BG33: 0 | BH33: 14Dressed Chicken | BI33: 157.5 | BJ33: 0 | BK33: 160 | BM33: 161.5 | BN33: 0 | BO33: 14Chicken egg, med. (piece) | BP33: 8 | BQ33: 0 | BR33: 7.67 | BT33: 7.5 | BU33: 0 | BW33: 14Bangus | BX33: 212.5 | BY33: 0 | BZ33: 217.5 | CB33: 210 | CC33: 0 | CD33: 14Galunggong | CE33: 294 | CF33: 0 | CG33: 310 | CI33: 330 | CJ33: 0 | CK33: 14Tilapia | CL33: 152.5 | CM33: 0 | CN33: 157.5 | CP33: 155 | CQ33: 0 | CS33: 14Ampalaya | CT33: 117.5 | CU33: 0 | CV33: 115 | CX33: 139 | CY33: 0 | CZ33: 14Cabbage | DA33: 52.5 | DB33: 0 | DC33: 60 | DE33: 61.5 | DF33: 0 | DG33: 14Carrot | DH33: 92.5 | DI33: 0 | DJ33: 115 | DL33: 132.5 | DM33: 0 | DN33: 14Eggplant | DO33: 87.5 | DP33: 0 | DQ33: 76.5 | DS33: 90 | DT33: 0 | DU33: 14Baguio Beans | DV33: 0 | DW33: 0 | DX33: 0 | DZ33: 0 | EA33: 0 | EB33: 14Pechay, Native | EC33: 72.5 | ED33: 0 | EE33: 65 | EG33: 70 | EH33: 0 | EI33: 14String Beans | EJ33: 0 | EK33: 0 | EL33: 0 | EN33: 0 | EO33: 0 | EP33: 14Tomato | EQ33: 101.5 | ER33: 0 | ES33: 60 | EU33: 52.5 | EV33: 0 | EW33: 14White Potato | EX33: 127 | EY33: 0 | EZ33: 131.5 | FB33: 131.5 | FC33: 0 | FE33: 14Onion, Red | FF33: 99 | FG33: 0 | FH33: 84 | FJ33: 89 | FK33: 0 | FL33: 14Garlic, Native | FM33: 105 | FN33: 0 | FO33: 105 | FQ33: 100 | FR33: 0 | FS33: 14Garlic, Imported | FT33: 155 | FU33: 0 | FV33: 160 | FX33: 167.5 | FY33: 0 | FZ33: 14Ginger, Hawaiian | GA33: 125 | GB33: 0 | GC33: 125 | GE33: 135 | GF33: 0 | GH33: 14Banana, Lakatan | GI33: 105 | GJ33: 0 | GK33: 106.5 | GM33: 107.5 | GN33: 0 | GO33: 14Banana, Latundan | GP33: 82.5 | GQ33: 0 | GR33: 82.5 | GT33: 82.5 | GU33: 0 | GV33: 14Calamansi | GW33: 102.5 | GX33: 0 | GY33: 87.5 | HA33: 45 | HB33: 0 | HC33: 14Mango, Carabao | HD33: 200 | HE33: 0 | HF33: 170 | HH33: 190 | HI33: 0 | HJ33: 14Papaya | HK33: 60 | HL33: 0 | HM33: 60 | HO33: 52.5 | HP33: 0 | HR33: 14Cooking oil | HS33: 223.8 | HT33: 0 | HU33: 223.8 | HW33: 223.8 | HX33: 0 | HY33: 14Brown Sugar | HZ33: 85.2 | IA33: 0 | IB33: 85.2 | ID33: 86.2 | IE33: 0 | IF33: 14Refined Sugar | IG33: 0 | IH33: 0 | II33: 0 | IK33: 0 | IL33: 0
A34: 49 | B34: Nueva Ecija | C34: 49Rice, Special | D34: 59.17 | E34: 0 | F34: 59.17 | H34: 59.17 | I34: 0 | J34: 49Rice, Well Milled | K34: 54.25 | L34: 0 | M34: 54 | O34: 53 | P34: 0 | Q34: 49Rice, Regular Milled | R34: 52.5 | S34: 0 | T34: 51.51 | V34: 51.02 | W34: 0 | Y34: 49Fresh Beef, Meat with Bones | Z34: 360 | AA34: 0 | AB34: 360 | AD34: 370 | AE34: 0 | AF34: 49Fresh Beef, Pure Meat | AG34: 410 | AH34: 0 | AI34: 410 | AK34: 420 | AL34: 0 | AM34: 49Fresh Pork, Kasim | AN34: 335 | AO34: 0 | AP34: 340 | AR34: 340 | AS34: 0 | AT34: 49Fresh Pork, Liempo | AU34: 355 | AV34: 0 | AW34: 355 | AY34: 350 | AZ34: 0 | BA34: 49Fresh Pork, Meat with Bones | BB34: 300 | BC34: 0 | BD34: 300 | BF34: 305 | BG34: 0 | BH34: 49Dressed Chicken | BI34: 165 | BJ34: 0 | BK34: 165 | BM34: 165 | BN34: 0 | BO34: 49Chicken egg, med. (piece) | BP34: 8.25 | BQ34: 0 | BR34: 8 | BT34: 7.75 | BU34: 0 | BW34: 49Bangus | BX34: 190 | BY34: 0 | BZ34: 190 | CB34: 190 | CC34: 0 | CD34: 49Galunggong | CE34: 200 | CF34: 0 | CG34: 205 | CI34: 180 | CJ34: 0 | CK34: 49Tilapia | CL34: 120 | CM34: 0 | CN34: 125 | CP34: 120 | CQ34: 0 | CS34: 49Ampalaya | CT34: 100 | CU34: 0 | CV34: 100 | CX34: 110 | CY34: 0 | CZ34: 49Cabbage | DA34: 42.5 | DB34: 0 | DC34: 45 | DE34: 45 | DF34: 0 | DG34: 49Carrot | DH34: 85 | DI34: 0 | DJ34: 95 | DL34: 105 | DM34: 0 | DN34: 49Eggplant | DO34: 60 | DP34: 0 | DQ34: 50 | DS34: 60 | DT34: 0 | DU34: 49Baguio Beans | DV34: 0 | DW34: 0 | DX34: 0 | DZ34: 0 | EA34: 0 | EB34: 49Pechay, Native | EC34: 50 | ED34: 0 | EE34: 40 | EG34: 40 | EH34: 0 | EI34: 49String Beans | EJ34: 90 | EK34: 0 | EL34: 110 | EN34: 125 | EO34: 0 | EP34: 49Tomato | EQ34: 77.5 | ER34: 0 | ES34: 45 | EU34: 32.5 | EV34: 0 | EW34: 49White Potato | EX34: 95 | EY34: 0 | EZ34: 105 | FB34: 102.5 | FC34: 0 | FE34: 49Onion, Red | FF34: 100 | FG34: 0 | FH34: 80 | FJ34: 70 | FK34: 0 | FL34: 49Garlic, Native | FM34: 245 | FN34: 0 | FO34: 245 | FQ34: 245 | FR34: 0 | FS34: 49Garlic, Imported | FT34: 115 | FU34: 0 | FV34: 120 | FX34: 135 | FY34: 0 | FZ34: 49Ginger, Hawaiian | GA34: 95 | GB34: 0 | GC34: 95 | GE34: 90 | GF34: 0 | GH34: 49Banana, Lakatan | GI34: 105 | GJ34: 0 | GK34: 102.5 | GM34: 100 | GN34: 0 | GO34: 49Banana, Latundan | GP34: 55 | GQ34: 0 | GR34: 50 | GT34: 50 | GU34: 0 | GV34: 49Calamansi | GW34: 65 | GX34: 0 | GY34: 60 | HA34: 55 | HB34: 0 | HC34: 49Mango, Carabao | HD34: 145 | HE34: 0 | HF34: 145 | HH34: 130 | HI34: 0 | HJ34: 49Papaya | HK34: 42.5 | HL34: 0 | HM34: 40 | HO34: 37.5 | HP34: 0 | HR34: 49Cooking oil | HS34: 130.75 | HT34: 0 | HU34: 130.75 | HW34: 130.75 | HX34: 0 | HY34: 49Brown Sugar | HZ34: 82.5 | IA34: 0 | IB34: 82.5 | ID34: 82.5 | IE34: 0 | IF34: 49Refined Sugar | IG34: 0 | IH34: 0 | II34: 0 | IK34: 0 | IL34: 0
A35: 7107 | B35: Olongapo City | C35: 7107Rice, Special | D35: 65.72 | E35: 0 | F35: 65.83 | H35: 67.36 | I35: 0 | J35: 7107Rice, Well Milled | K35: 59.41 | L35: 0 | M35: 59.66 | O35: 59.5 | P35: 0 | Q35: 7107Rice, Regular Milled | R35: 54.89 | S35: 0 | T35: 56.13 | V35: 55.88 | W35: 0 | Y35: 7107Fresh Beef, Meat with Bones | Z35: 344.67 | AA35: 0 | AB35: 355 | AD35: 356.67 | AE35: 0 | AF35: 7107Fresh Beef, Pure Meat | AG35: 471.67 | AH35: 0 | AI35: 470 | AK35: 470 | AL35: 0 | AM35: 7107Fresh Pork, Kasim | AN35: 329.5 | AO35: 0 | AP35: 337.83 | AR35: 336.17 | AS35: 0 | AT35: 7107Fresh Pork, Liempo | AU35: 382.5 | AV35: 0 | AW35: 368.83 | AY35: 367.17 | AZ35: 0 | BA35: 7107Fresh Pork, Meat with Bones | BB35: 304.83 | BC35: 0 | BD35: 313.17 | BF35: 311.5 | BG35: 0 | BH35: 7107Dressed Chicken | BI35: 163.33 | BJ35: 0 | BK35: 160 | BM35: 160 | BN35: 0 | BO35: 7107Chicken egg, med. (piece) | BP35: 9.4 | BQ35: 0 | BR35: 9.32 | BT35: 9.32 | BU35: 0 | BW35: 7107Bangus | BX35: 190 | BY35: 0 | BZ35: 190 | CB35: 187.5 | CC35: 0 | CD35: 7107Galunggong | CE35: 260 | CF35: 0 | CG35: 220 | CI35: 205 | CJ35: 0 | CK35: 7107Tilapia | CL35: 132.5 | CM35: 0 | CN35: 135 | CP35: 135 | CQ35: 0 | CS35: 7107Ampalaya | CT35: 126.67 | CU35: 0 | CV35: 120.83 | CX35: 117.5 | CY35: 0 | CZ35: 7107Cabbage | DA35: 63.33 | DB35: 0 | DC35: 67.83 | DE35: 67.83 | DF35: 0 | DG35: 7107Carrot | DH35: 110 | DI35: 0 | DJ35: 119.33 | DL35: 123.83 | DM35: 0 | DN35: 7107Eggplant | DO35: 112.5 | DP35: 0 | DQ35: 87.17 | DS35: 83.83 | DT35: 0 | DU35: 7107Baguio Beans | DV35: 120.17 | DW35: 0 | DX35: 116.83 | DZ35: 120.17 | EA35: 0 | EB35: 7107Pechay, Native | EC35: 112.5 | ED35: 0 | EE35: 105.5 | EG35: 103.83 | EH35: 0 | EI35: 7107String Beans | EJ35: 135 | EK35: 0 | EL35: 129 | EN35: 129.33 | EO35: 0 | EP35: 7107Tomato | EQ35: 89.5 | ER35: 0 | ES35: 91.67 | EU35: 81.67 | EV35: 0 | EW35: 7107White Potato | EX35: 146 | EY35: 0 | EZ35: 139.5 | FB35: 136.17 | FC35: 0 | FE35: 7107Onion, Red | FF35: 145.83 | FG35: 0 | FH35: 110.5 | FJ35: 107.5 | FK35: 0 | FL35: 7107Garlic, Native | FM35: 0 | FN35: 0 | FO35: 0 | FQ35: 0 | FR35: 0 | FS35: 7107Garlic, Imported | FT35: 163.17 | FU35: 0 | FV35: 166.5 | FX35: 159.83 | FY35: 0 | FZ35: 7107Ginger, Hawaiian | GA35: 159.5 | GB35: 0 | GC35: 153 | GE35: 153 | GF35: 0 | GH35: 7107Banana, Lakatan | GI35: 106.33 | GJ35: 0 | GK35: 104 | GM35: 105.67 | GN35: 0 | GO35: 7107Banana, Latundan | GP35: 75 | GQ35: 0 | GR35: 72 | GT35: 73.67 | GU35: 0 | GV35: 7107Calamansi | GW35: 103.33 | GX35: 0 | GY35: 90 | HA35: 91.67 | HB35: 0 | HC35: 7107Mango, Carabao | HD35: 199.17 | HE35: 0 | HF35: 183.67 | HH35: 178.67 | HI35: 0 | HJ35: 7107Papaya | HK35: 60.33 | HL35: 0 | HM35: 59.33 | HO35: 57.67 | HP35: 0 | HR35: 7107Cooking oil | HS35: 176.65 | HT35: 0 | HU35: 176.65 | HW35: 176.65 | HX35: 0 | HY35: 7107Brown Sugar | HZ35: 83.67 | IA35: 0 | IB35: 82.83 | ID35: 82.83 | IE35: 0 | IF35: 7107Refined Sugar | IG35: 92.33 | IH35: 0 | II35: 90.67 | IK35: 90.67 | IL35: 0
A36: 54 | B36: Pampanga | C36: 54Rice, Special | D36: 60.7 | E36: 0 | F36: 60.7 | H36: 60.7 | I36: 0 | J36: 54Rice, Well Milled | K36: 54.8 | L36: 0 | M36: 54.6 | O36: 54.4 | P36: 0 | Q36: 54Rice, Regular Milled | R36: 51.6 | S36: 0 | T36: 50.7 | V36: 50.5 | W36: 0 | Y36: 54Fresh Beef, Meat with Bones | Z36: 386 | AA36: 0 | AB36: 386 | AD36: 386 | AE36: 0 | AF36: 54Fresh Beef, Pure Meat | AG36: 476 | AH36: 0 | AI36: 478.5 | AK36: 478.5 | AL36: 0 | AM36: 54Fresh Pork, Kasim | AN36: 327 | AO36: 0 | AP36: 322.5 | AR36: 322.5 | AS36: 0 | AT36: 54Fresh Pork, Liempo | AU36: 391 | AV36: 0 | AW36: 392.5 | AY36: 392.5 | AZ36: 0 | BA36: 54Fresh Pork, Meat with Bones | BB36: 307 | BC36: 0 | BD36: 302.5 | BF36: 302.5 | BG36: 0 | BH36: 54Dressed Chicken | BI36: 201.5 | BJ36: 0 | BK36: 206.5 | BM36: 206.5 | BN36: 0 | BO36: 54Chicken egg, med. (piece) | BP36: 8.08 | BQ36: 0 | BR36: 7.91 | BT36: 7.91 | BU36: 0 | BW36: 54Bangus | BX36: 210 | BY36: 0 | BZ36: 195 | CB36: 190 | CC36: 0 | CD36: 54Galunggong | CE36: 220 | CF36: 0 | CG36: 192.5 | CI36: 180 | CJ36: 0 | CK36: 54Tilapia | CL36: 125 | CM36: 0 | CN36: 130 | CP36: 115 | CQ36: 0 | CS36: 54Ampalaya | CT36: 112 | CU36: 0 | CV36: 121 | CX36: 126 | CY36: 0 | CZ36: 54Cabbage | DA36: 53 | DB36: 0 | DC36: 45 | DE36: 45 | DF36: 0 | DG36: 54Carrot | DH36: 99 | DI36: 0 | DJ36: 118.5 | DL36: 113.5 | DM36: 0 | DN36: 54Eggplant | DO36: 79.5 | DP36: 0 | DQ36: 75 | DS36: 68.5 | DT36: 0 | DU36: 54Baguio Beans | DV36: 111 | DW36: 0 | DX36: 89 | DZ36: 81.5 | EA36: 0 | EB36: 54Pechay, Native | EC36: 64.5 | ED36: 0 | EE36: 53 | EG36: 56 | EH36: 0 | EI36: 54String Beans | EJ36: 98 | EK36: 0 | EL36: 106.5 | EN36: 115.25 | EO36: 0 | EP36: 54Tomato | EQ36: 98 | ER36: 0 | ES36: 76.5 | EU36: 59.5 | EV36: 0 | EW36: 54White Potato | EX36: 134 | EY36: 0 | EZ36: 139 | FB36: 139 | FC36: 0 | FE36: 54Onion, Red | FF36: 101.5 | FG36: 0 | FH36: 92.5 | FJ36: 72 | FK36: 0 | FL36: 54Garlic, Native | FM36: 165 | FN36: 0 | FO36: 160 | FQ36: 160 | FR36: 0 | FS36: 54Garlic, Imported | FT36: 170 | FU36: 0 | FV36: 165 | FX36: 165 | FY36: 0 | FZ36: 54Ginger, Hawaiian | GA36: 117 | GB36: 0 | GC36: 132 | GE36: 132 | GF36: 0 | GH36: 54Banana, Lakatan | GI36: 108.5 | GJ36: 0 | GK36: 112 | GM36: 119 | GN36: 0 | GO36: 54Banana, Latundan | GP36: 0 | GQ36: 0 | GR36: 0 | GT36: 0 | GU36: 0 | GV36: 54Calamansi | GW36: 98 | GX36: 0 | GY36: 103 | HA36: 88 | HB36: 0 | HC36: 54Mango, Carabao | HD36: 165 | HE36: 0 | HF36: 155 | HH36: 155 | HI36: 0 | HJ36: 54Papaya | HK36: 49 | HL36: 0 | HM36: 47.5 | HO36: 47.5 | HP36: 0 | HR36: 54Cooking oil | HS36: 0 | HT36: 0 | HU36: 0 | HW36: 0 | HX36: 0 | HY36: 54Brown Sugar | HZ36: 72.5 | IA36: 0 | IB36: 72.5 | ID36: 72.5 | IE36: 0 | IF36: 54Refined Sugar | IG36: 81.75 | IH36: 0 | II36: 81.75 | IK36: 81.75 | IL36: 0
A37: 69 | B37: Tarlac | C37: 69Rice, Special | D37: 73.46 | E37: 0 | F37: 72.34 | H37: 73.64 | I37: 0 | J37: 69Rice, Well Milled | K37: 53.5 | L37: 0 | M37: 53.5 | O37: 55.5 | P37: 0 | Q37: 69Rice, Regular Milled | R37: 52 | S37: 0 | T37: 52 | V37: 51.67 | W37: 0 | Y37: 69Fresh Beef, Meat with Bones | Z37: 459.5 | AA37: 0 | AB37: 452 | AD37: 437 | AE37: 0 | AF37: 69Fresh Beef, Pure Meat | AG37: 484.5 | AH37: 0 | AI37: 484.5 | AK37: 454 | AL37: 0 | AM37: 69Fresh Pork, Kasim | AN37: 324.5 | AO37: 0 | AP37: 322.5 | AR37: 327.5 | AS37: 0 | AT37: 69Fresh Pork, Liempo | AU37: 395 | AV37: 0 | AW37: 395 | AY37: 395 | AZ37: 0 | BA37: 69Fresh Pork, Meat with Bones | BB37: 324 | BC37: 0 | BD37: 334.5 | BF37: 334.5 | BG37: 0 | BH37: 69Dressed Chicken | BI37: 184 | BJ37: 0 | BK37: 184 | BM37: 184 | BN37: 0 | BO37: 69Chicken egg, med. (piece) | BP37: 8.79 | BQ37: 0 | BR37: 8.54 | BT37: 8.92 | BU37: 0 | BW37: 69Bangus | BX37: 219 | BY37: 0 | BZ37: 219 | CB37: 219 | CC37: 0 | CD37: 69Galunggong | CE37: 249 | CF37: 0 | CG37: 250 | CI37: 249 | CJ37: 0 | CK37: 69Tilapia | CL37: 159 | CM37: 0 | CN37: 155 | CP37: 154 | CQ37: 0 | CS37: 69Ampalaya | CT37: 135 | CU37: 0 | CV37: 167.5 | CX37: 160 | CY37: 0 | CZ37: 69Cabbage | DA37: 90 | DB37: 0 | DC37: 87.5 | DE37: 90 | DF37: 0 | DG37: 69Carrot | DH37: 134 | DI37: 0 | DJ37: 147.5 | DL37: 164 | DM37: 0 | DN37: 69Eggplant | DO37: 130 | DP37: 0 | DQ37: 119.5 | DS37: 113 | DT37: 0 | DU37: 69Baguio Beans | DV37: 140 | DW37: 0 | DX37: 140 | DZ37: 135 | EA37: 0 | EB37: 69Pechay, Native | EC37: 145 | ED37: 0 | EE37: 145 | EG37: 132 | EH37: 0 | EI37: 69String Beans | EJ37: 155 | EK37: 0 | EL37: 157.5 | EN37: 167.5 | EO37: 0 | EP37: 69Tomato | EQ37: 117.5 | ER37: 0 | ES37: 107.5 | EU37: 90 | EV37: 0 | EW37: 69White Potato | EX37: 150 | EY37: 0 | EZ37: 144 | FB37: 150 | FC37: 0 | FE37: 69Onion, Red | FF37: 134.5 | FG37: 0 | FH37: 99 | FJ37: 104 | FK37: 0 | FL37: 69Garlic, Native | FM37: 0 | FN37: 0 | FO37: 0 | FQ37: 0 | FR37: 0 | FS37: 69Garlic, Imported | FT37: 194.5 | FU37: 0 | FV37: 189 | FX37: 184 | FY37: 0 | FZ37: 69Ginger, Hawaiian | GA37: 189.5 | GB37: 0 | GC37: 189.5 | GE37: 189.5 | GF37: 0 | GH37: 69Banana, Lakatan | GI37: 120 | GJ37: 0 | GK37: 120 | GM37: 117.5 | GN37: 0 | GO37: 69Banana, Latundan | GP37: 0 | GQ37: 0 | GR37: 0 | GT37: 0 | GU37: 0 | GV37: 69Calamansi | GW37: 125 | GX37: 0 | GY37: 125 | HA37: 115 | HB37: 0 | HC37: 69Mango, Carabao | HD37: 210 | HE37: 0 | HF37: 205 | HH37: 189.5 | HI37: 0 | HJ37: 69Papaya | HK37: 60 | HL37: 0 | HM37: 60 | HO37: 62.5 | HP37: 0 | HR37: 69Cooking oil | HS37: 113 | HT37: 0 | HU37: 120.48 | HW37: 120.48 | HX37: 0 | HY37: 69Brown Sugar | HZ37: 76.6 | IA37: 0 | IB37: 76.6 | ID37: 76.6 | IE37: 0 | IF37: 69Refined Sugar | IG37: 0 | IH37: 0 | II37: 0 | IK37: 0 | IL37: 0
A38: 71 | B38: Zambales | C38: 71Rice, Special | D38: 78.79 | E38: 0 | F38: 79.17 | H38: 80.75 | I38: 0 | J38: 71Rice, Well Milled | K38: 70.13 | L38: 0 | M38: 70.71 | O38: 70.71 | P38: 0 | Q38: 71Rice, Regular Milled | R38: 62.69 | S38: 0 | T38: 65.69 | V38: 65.69 | W38: 0 | Y38: 71Fresh Beef, Meat with Bones | Z38: 352.5 | AA38: 0 | AB38: 342.5 | AD38: 342.5 | AE38: 0 | AF38: 71Fresh Beef, Pure Meat | AG38: 445 | AH38: 0 | AI38: 440 | AK38: 445 | AL38: 0 | AM38: 71Fresh Pork, Kasim | AN38: 342.5 | AO38: 0 | AP38: 347.5 | AR38: 347.5 | AS38: 0 | AT38: 71Fresh Pork, Liempo | AU38: 395 | AV38: 0 | AW38: 395 | AY38: 400 | AZ38: 0 | BA38: 71Fresh Pork, Meat with Bones | BB38: 276.5 | BC38: 0 | BD38: 271.5 | BF38: 271.5 | BG38: 0 | BH38: 71Dressed Chicken | BI38: 170 | BJ38: 0 | BK38: 165 | BM38: 165 | BN38: 0 | BO38: 71Chicken egg, med. (piece) | BP38: 9.34 | BQ38: 0 | BR38: 8.71 | BT38: 8.71 | BU38: 0 | BW38: 71Bangus | BX38: 195 | BY38: 0 | BZ38: 190 | CB38: 190 | CC38: 0 | CD38: 71Galunggong | CE38: 250 | CF38: 0 | CG38: 250 | CI38: 230 | CJ38: 0 | CK38: 71Tilapia | CL38: 135 | CM38: 0 | CN38: 135 | CP38: 135 | CQ38: 0 | CS38: 71Ampalaya | CT38: 149.5 | CU38: 0 | CV38: 125 | CX38: 149 | CY38: 0 | CZ38: 71Cabbage | DA38: 104 | DB38: 0 | DC38: 99 | DE38: 94 | DF38: 0 | DG38: 71Carrot | DH38: 131.5 | DI38: 0 | DJ38: 141.5 | DL38: 154 | DM38: 0 | DN38: 71Eggplant | DO38: 124.5 | DP38: 0 | DQ38: 118.5 | DS38: 103 | DT38: 0 | DU38: 71Baguio Beans | DV38: 157.5 | DW38: 0 | DX38: 150 | DZ38: 140 | EA38: 0 | EB38: 71Pechay, Native | EC38: 157.5 | ED38: 0 | EE38: 157 | EG38: 157 | EH38: 0 | EI38: 71String Beans | EJ38: 165 | EK38: 0 | EL38: 155 | EN38: 155 | EO38: 0 | EP38: 71Tomato | EQ38: 107 | ER38: 0 | ES38: 107.5 | EU38: 107.5 | EV38: 0 | EW38: 71White Potato | EX38: 149 | EY38: 0 | EZ38: 155 | FB38: 155 | FC38: 0 | FE38: 71Onion, Red | FF38: 140 | FG38: 0 | FH38: 124.5 | FJ38: 104 | FK38: 0 | FL38: 71Garlic, Native | FM38: 0 | FN38: 0 | FO38: 0 | FQ38: 0 | FR38: 0 | FS38: 71Garlic, Imported | FT38: 180 | FU38: 0 | FV38: 184 | FX38: 184 | FY38: 0 | FZ38: 71Ginger, Hawaiian | GA38: 184.5 | GB38: 0 | GC38: 189.5 | GE38: 189.5 | GF38: 0 | GH38: 71Banana, Lakatan | GI38: 115 | GJ38: 0 | GK38: 135 | GM38: 130 | GN38: 0 | GO38: 71Banana, Latundan | GP38: 72.5 | GQ38: 0 | GR38: 82.5 | GT38: 80 | GU38: 0 | GV38: 71Calamansi | GW38: 124.5 | GX38: 0 | GY38: 124 | HA38: 115 | HB38: 0 | HC38: 71Mango, Carabao | HD38: 245 | HE38: 0 | HF38: 205 | HH38: 185 | HI38: 0 | HJ38: 71Papaya | HK38: 65 | HL38: 0 | HM38: 65 | HO38: 67.5 | HP38: 0 | HR38: 71Cooking oil | HS38: 226.16 | HT38: 0 | HU38: 226.16 | HW38: 226.16 | HX38: 0 | HY38: 71Brown Sugar | HZ38: 72.5 | IA38: 0 | IB38: 75.5 | ID38: 75.5 | IE38: 0 | IF38: 71Refined Sugar | IG38: 84 | IH38: 0 | II38: 86.5 | IK38: 86.5 | IL38: 0
A39: R4 | B39: IV-A - CALABARZON | C39: R4Rice, Special | D39: 59.12 | E39: 0 | F39: 60.28 | H39: 60.01 | I39: 0 | J39: R4Rice, Well Milled | K39: 53.29 | L39: 0 | M39: 54.27 | O39: 54.29 | P39: 0 | Q39: R4Rice, Regular Milled | R39: 49.21 | S39: 0 | T39: 50.72 | V39: 50.95 | W39: 0 | Y39: R4Fresh Beef, Meat with Bones | Z39: 352.31 | AA39: 0 | AB39: 354.31 | AD39: 354.31 | AE39: 0 | AF39: R4Fresh Beef, Pure Meat | AG39: 455.97 | AH39: 0 | AI39: 460 | AK39: 460 | AL39: 0 | AM39: R4Fresh Pork, Kasim | AN39: 339.58 | AO39: 0 | AP39: 345.83 | AR39: 346.25 | AS39: 0 | AT39: R4Fresh Pork, Liempo | AU39: 365.42 | AV39: 0 | AW39: 376.08 | AY39: 378.42 | AZ39: 0 | BA39: R4Fresh Pork, Meat with Bones | BB39: 310.33 | BC39: 0 | BD39: 315.75 | BF39: 323.75 | BG39: 0 | BH39: R4Dressed Chicken | BI39: 195.33 | BJ39: 0 | BK39: 193.33 | BM39: 195.33 | BN39: 0 | BO39: R4Chicken egg, med. (piece) | BP39: 8.06 | BQ39: 0 | BR39: 8.13 | BT39: 8.08 | BU39: 0 | BW39: R4Bangus | BX39: 238.08 | BY39: 0 | BZ39: 223.75 | CB39: 239.08 | CC39: 0 | CD39: R4Galunggong | CE39: 252.92 | CF39: 0 | CG39: 246.58 | CI39: 246 | CJ39: 0 | CK39: R4Tilapia | CL39: 145.33 | CM39: 0 | CN39: 144.17 | CP39: 143.17 | CQ39: 0 | CS39: R4Ampalaya | CT39: 116 | CU39: 0 | CV39: 126 | CX39: 127.42 | CY39: 0 | CZ39: R4Cabbage | DA39: 69.25 | DB39: 0 | DC39: 68.5 | DE39: 70.58 | DF39: 0 | DG39: R4Carrot | DH39: 109 | DI39: 0 | DJ39: 131.92 | DL39: 126.33 | DM39: 0 | DN39: R4Eggplant | DO39: 88.67 | DP39: 0 | DQ39: 91.92 | DS39: 90.75 | DT39: 0 | DU39: R4Baguio Beans | DV39: 120.63 | DW39: 0 | DX39: 108.38 | DZ39: 112 | EA39: 0 | EB39: R4Pechay, Native | EC39: 87.25 | ED39: 0 | EE39: 72.17 | EG39: 86.33 | EH39: 0 | EI39: R4String Beans | EJ39: 112.67 | EK39: 0 | EL39: 134.58 | EN39: 135.75 | EO39: 0 | EP39: R4Tomato | EQ39: 108.25 | ER39: 0 | ES39: 81.92 | EU39: 68.33 | EV39: 0 | EW39: R4White Potato | EX39: 128.75 | EY39: 0 | EZ39: 130.17 | FB39: 134.58 | FC39: 0 | FE39: R4Onion, Red | FF39: 120.33 | FG39: 0 | FH39: 106 | FJ39: 90.67 | FK39: 0 | FL39: R4Garlic, Native | FM39: 203.33 | FN39: 0 | FO39: 203.33 | FQ39: 210 | FR39: 0 | FS39: R4Garlic, Imported | FT39: 158 | FU39: 0 | FV39: 160.63 | FX39: 163.75 | FY39: 0 | FZ39: R4Ginger, Hawaiian | GA39: 163.88 | GB39: 0 | GC39: 153.25 | GE39: 153.25 | GF39: 0 | GH39: R4Banana, Lakatan | GI39: 97.83 | GJ39: 0 | GK39: 98.25 | GM39: 102 | GN39: 0 | GO39: R4Banana, Latundan | GP39: 63.67 | GQ39: 0 | GR39: 64.08 | GT39: 64.75 | GU39: 0 | GV39: R4Calamansi | GW39: 98.83 | GX39: 0 | GY39: 92.67 | HA39: 88.67 | HB39: 0 | HC39: R4Mango, Carabao | HD39: 177.75 | HE39: 0 | HF39: 169.58 | HH39: 178.58 | HI39: 0 | HJ39: R4Papaya | HK39: 65 | HL39: 0 | HM39: 62.5 | HO39: 62.5 | HP39: 0 | HR39: R4Cooking oil | HS39: 98.27 | HT39: 0 | HU39: 99.26 | HW39: 99.26 | HX39: 0 | HY39: R4Brown Sugar | HZ39: 88.1 | IA39: 0 | IB39: 88.1 | ID39: 88.1 | IE39: 0 | IF39: R4Refined Sugar | IG39: 97.06 | IH39: 0 | II39: 94.89 | IK39: 94.89 | IL39: 0
A40: 10 | B40: Batangas | C40: 10Rice, Special | D40: 67.34 | E40: 0 | F40: 71 | H40: 69.88 | I40: 0 | J40: 10Rice, Well Milled | K40: 61.9 | L40: 0 | M40: 63.9 | O40: 61.9 | P40: 0 | Q40: 10Rice, Regular Milled | R40: 66 | S40: 0 | T40: 66 | V40: 66 | W40: 0 | Y40: 10Fresh Beef, Meat with Bones | Z40: 330 | AA40: 0 | AB40: 312.5 | AD40: 312.5 | AE40: 0 | AF40: 10Fresh Beef, Pure Meat | AG40: 443.5 | AH40: 0 | AI40: 443.5 | AK40: 443.5 | AL40: 0 | AM40: 10Fresh Pork, Kasim | AN40: 341.5 | AO40: 0 | AP40: 371.5 | AR40: 371.5 | AS40: 0 | AT40: 10Fresh Pork, Liempo | AU40: 415.5 | AV40: 0 | AW40: 440.5 | AY40: 440.5 | AZ40: 0 | BA40: 10Fresh Pork, Meat with Bones | BB40: 316 | BC40: 0 | BD40: 346 | BF40: 346 | BG40: 0 | BH40: 10Dressed Chicken | BI40: 175 | BJ40: 0 | BK40: 175 | BM40: 175 | BN40: 0 | BO40: 10Chicken egg, med. (piece) | BP40: 8.18 | BQ40: 0 | BR40: 8.27 | BT40: 8.27 | BU40: 0 | BW40: 10Bangus | BX40: 284 | BY40: 0 | BZ40: 284 | CB40: 284 | CC40: 0 | CD40: 10Galunggong | CE40: 291 | CF40: 0 | CG40: 291 | CI40: 291 | CJ40: 0 | CK40: 10Tilapia | CL40: 164 | CM40: 0 | CN40: 164 | CP40: 164 | CQ40: 0 | CS40: 10Ampalaya | CT40: 137.5 | CU40: 0 | CV40: 147.5 | CX40: 155 | CY40: 0 | CZ40: 10Cabbage | DA40: 97.5 | DB40: 0 | DC40: 92.5 | DE40: 92.5 | DF40: 0 | DG40: 10Carrot | DH40: 132.5 | DI40: 0 | DJ40: 135 | DL40: 147.5 | DM40: 0 | DN40: 10Eggplant | DO40: 127.5 | DP40: 0 | DQ40: 127.5 | DS40: 117.5 | DT40: 0 | DU40: 10Baguio Beans | DV40: 152.5 | DW40: 0 | DX40: 135 | DZ40: 150 | EA40: 0 | EB40: 10Pechay, Native | EC40: 122.5 | ED40: 0 | EE40: 115 | EG40: 120 | EH40: 0 | EI40: 10String Beans | EJ40: 150 | EK40: 0 | EL40: 135 | EN40: 155 | EO40: 0 | EP40: 10Tomato | EQ40: 117.5 | ER40: 0 | ES40: 99.5 | EU40: 89.5 | EV40: 0 | EW40: 10White Potato | EX40: 147.5 | EY40: 0 | EZ40: 140 | FB40: 150 | FC40: 0 | FE40: 10Onion, Red | FF40: 107.5 | FG40: 0 | FH40: 97.5 | FJ40: 67.5 | FK40: 0 | FL40: 10Garlic, Native | FM40: 130 | FN40: 0 | FO40: 130 | FQ40: 130 | FR40: 0 | FS40: 10Garlic, Imported | FT40: 175 | FU40: 0 | FV40: 175 | FX40: 177.5 | FY40: 0 | FZ40: 10Ginger, Hawaiian | GA40: 180 | GB40: 0 | GC40: 175 | GE40: 180 | GF40: 0 | GH40: 10Banana, Lakatan | GI40: 114 | GJ40: 0 | GK40: 114 | GM40: 117.5 | GN40: 0 | GO40: 10Banana, Latundan | GP40: 60 | GQ40: 0 | GR40: 60 | GT40: 60 | GU40: 0 | GV40: 10Calamansi | GW40: 0 | GX40: 0 | GY40: 0 | HA40: 0 | HB40: 0 | HC40: 10Mango, Carabao | HD40: 172.5 | HE40: 0 | HF40: 172.5 | HH40: 185 | HI40: 0 | HJ40: 10Papaya | HK40: 0 | HL40: 0 | HM40: 0 | HO40: 0 | HP40: 0 | HR40: 10Cooking oil | HS40: 70 | HT40: 0 | HU40: 70 | HW40: 70 | HX40: 0 | HY40: 10Brown Sugar | HZ40: 0 | IA40: 0 | IB40: 0 | ID40: 0 | IE40: 0 | IF40: 10Refined Sugar | IG40: 88 | IH40: 0 | II40: 81.5 | IK40: 81.5 | IL40: 0
A41: 21 | B41: Cavite | C41: 21Rice, Special | D41: 58.03 | E41: 0 | F41: 58.1 | H41: 57.6 | I41: 0 | J41: 21Rice, Well Milled | K41: 52.38 | L41: 0 | M41: 52.73 | O41: 52.23 | P41: 0 | Q41: 21Rice, Regular Milled | R41: 48.91 | S41: 0 | T41: 49.23 | V41: 48.76 | W41: 0 | Y41: 21Fresh Beef, Meat with Bones | Z41: 355 | AA41: 0 | AB41: 355 | AD41: 355 | AE41: 0 | AF41: 21Fresh Beef, Pure Meat | AG41: 395 | AH41: 0 | AI41: 395 | AK41: 395 | AL41: 0 | AM41: 21Fresh Pork, Kasim | AN41: 360 | AO41: 0 | AP41: 360 | AR41: 360 | AS41: 0 | AT41: 21Fresh Pork, Liempo | AU41: 380 | AV41: 0 | AW41: 380 | AY41: 380 | AZ41: 0 | BA41: 21Fresh Pork, Meat with Bones | BB41: 340 | BC41: 0 | BD41: 340 | BF41: 360 | BG41: 0 | BH41: 21Dressed Chicken | BI41: 210 | BJ41: 0 | BK41: 200 | BM41: 210 | BN41: 0 | BO41: 21Chicken egg, med. (piece) | BP41: 8.25 | BQ41: 0 | BR41: 8.25 | BT41: 8.25 | BU41: 0 | BW41: 21Bangus | BX41: 230 | BY41: 0 | BZ41: 240 | CB41: 240 | CC41: 0 | CD41: 21Galunggong | CE41: 240 | CF41: 0 | CG41: 240 | CI41: 240 | CJ41: 0 | CK41: 21Tilapia | CL41: 160 | CM41: 0 | CN41: 160 | CP41: 160 | CQ41: 0 | CS41: 21Ampalaya | CT41: 102.5 | CU41: 0 | CV41: 117.5 | CX41: 112.5 | CY41: 0 | CZ41: 21Cabbage | DA41: 59 | DB41: 0 | DC41: 62.5 | DE41: 62.5 | DF41: 0 | DG41: 21Carrot | DH41: 104 | DI41: 0 | DJ41: 117.5 | DL41: 127.5 | DM41: 0 | DN41: 21Eggplant | DO41: 70 | DP41: 0 | DQ41: 72.5 | DS41: 72.5 | DT41: 0 | DU41: 21Baguio Beans | DV41: 82.5 | DW41: 0 | DX41: 102.5 | DZ41: 102.5 | EA41: 0 | EB41: 21Pechay, Native | EC41: 80 | ED41: 0 | EE41: 75 | EG41: 75 | EH41: 0 | EI41: 21String Beans | EJ41: 95 | EK41: 0 | EL41: 105 | EN41: 105 | EO41: 0 | EP41: 21Tomato | EQ41: 87.5 | ER41: 0 | ES41: 72.5 | EU41: 72.5 | EV41: 0 | EW41: 21White Potato | EX41: 109 | EY41: 0 | EZ41: 120 | FB41: 120 | FC41: 0 | FE41: 21Onion, Red | FF41: 100 | FG41: 0 | FH41: 87.5 | FJ41: 87.5 | FK41: 0 | FL41: 21Garlic, Native | FM41: 0 | FN41: 0 | FO41: 0 | FQ41: 0 | FR41: 0 | FS41: 21Garlic, Imported | FT41: 147.5 | FU41: 0 | FV41: 147.5 | FX41: 152.5 | FY41: 0 | FZ41: 21Ginger, Hawaiian | GA41: 135 | GB41: 0 | GC41: 135 | GE41: 130 | GF41: 0 | GH41: 21Banana, Lakatan | GI41: 95 | GJ41: 0 | GK41: 100 | GM41: 100 | GN41: 0 | GO41: 21Banana, Latundan | GP41: 65 | GQ41: 0 | GR41: 65 | GT41: 65 | GU41: 0 | GV41: 21Calamansi | GW41: 107.5 | GX41: 0 | GY41: 90 | HA41: 85 | HB41: 0 | HC41: 21Mango, Carabao | HD41: 180 | HE41: 0 | HF41: 170 | HH41: 180 | HI41: 0 | HJ41: 21Papaya | HK41: 70 | HL41: 0 | HM41: 65 | HO41: 65 | HP41: 0 | HR41: 21Cooking oil | HS41: 136.26 | HT41: 0 | HU41: 136.26 | HW41: 136.26 | HX41: 0 | HY41: 21Brown Sugar | HZ41: 78 | IA41: 0 | IB41: 78 | ID41: 78 | IE41: 0 | IF41: 21Refined Sugar | IG41: 0 | IH41: 0 | II41: 0 | IK41: 0 | IL41: 0
A42: 34 | B42: Laguna | C42: 34Rice, Special | D42: 60.25 | E42: 0 | F42: 60.25 | H42: 60.25 | I42: 0 | J42: 34Rice, Well Milled | K42: 54.38 | L42: 0 | M42: 54.38 | O42: 54.38 | P42: 0 | Q42: 34Rice, Regular Milled | R42: 47.5 | S42: 0 | T42: 48.75 | V42: 48.75 | W42: 0 | Y42: 34Fresh Beef, Meat with Bones | Z42: 347.5 | AA42: 0 | AB42: 347.5 | AD42: 347.5 | AE42: 0 | AF42: 34Fresh Beef, Pure Meat | AG42: 452 | AH42: 0 | AI42: 452 | AK42: 452 | AL42: 0 | AM42: 34Fresh Pork, Kasim | AN42: 344.5 | AO42: 0 | AP42: 344.5 | AR42: 344.5 | AS42: 0 | AT42: 34Fresh Pork, Liempo | AU42: 347.5 | AV42: 0 | AW42: 347.5 | AY42: 347.5 | AZ42: 0 | BA42: 34Fresh Pork, Meat with Bones | BB42: 312 | BC42: 0 | BD42: 312.5 | BF42: 312.5 | BG42: 0 | BH42: 34Dressed Chicken | BI42: 201.5 | BJ42: 0 | BK42: 201.5 | BM42: 201.5 | BN42: 0 | BO42: 34Chicken egg, med. (piece) | BP42: 8.08 | BQ42: 0 | BR42: 8.38 | BT42: 8.09 | BU42: 0 | BW42: 34Bangus | BX42: 228 | BY42: 0 | BZ42: 228 | CB42: 228 | CC42: 0 | CD42: 34Galunggong | CE42: 240 | CF42: 0 | CG42: 240 | CI42: 240 | CJ42: 0 | CK42: 34Tilapia | CL42: 146 | CM42: 0 | CN42: 151 | CP42: 151 | CQ42: 0 | CS42: 34Ampalaya | CT42: 100 | CU42: 0 | CV42: 107 | CX42: 115 | CY42: 0 | CZ42: 34Cabbage | DA42: 56 | DB42: 0 | DC42: 57 | DE42: 47.5 | DF42: 0 | DG42: 34Carrot | DH42: 81.5 | DI42: 0 | DJ42: 122.5 | DL42: 106.5 | DM42: 0 | DN42: 34Eggplant | DO42: 68.5 | DP42: 0 | DQ42: 75 | DS42: 77 | DT42: 0 | DU42: 34Baguio Beans | DV42: 148 | DW42: 0 | DX42: 82.5 | DZ42: 82 | EA42: 0 | EB42: 34Pechay, Native | EC42: 71.5 | ED42: 0 | EE42: 52 | EG42: 80 | EH42: 0 | EI42: 34String Beans | EJ42: 85 | EK42: 0 | EL42: 121.5 | EN42: 112.5 | EO42: 0 | EP42: 34Tomato | EQ42: 107.5 | ER42: 0 | ES42: 73 | EU42: 49 | EV42: 0 | EW42: 34White Potato | EX42: 134 | EY42: 0 | EZ42: 144 | FB42: 157 | FC42: 0 | FE42: 34Onion, Red | FF42: 144.5 | FG42: 0 | FH42: 98.5 | FJ42: 84 | FK42: 0 | FL42: 34Garlic, Native | FM42: 0 | FN42: 0 | FO42: 0 | FQ42: 0 | FR42: 0 | FS42: 34Garlic, Imported | FT42: 134.5 | FU42: 0 | FV42: 145 | FX42: 155 | FY42: 0 | FZ42: 34Ginger, Hawaiian | GA42: 196.5 | GB42: 0 | GC42: 159 | GE42: 159 | GF42: 0 | GH42: 34Banana, Lakatan | GI42: 84.5 | GJ42: 0 | GK42: 92 | GM42: 102 | GN42: 0 | GO42: 34Banana, Latundan | GP42: 64 | GQ42: 0 | GR42: 64.5 | GT42: 64.5 | GU42: 0 | GV42: 34Calamansi | GW42: 86 | GX42: 0 | GY42: 96 | HA42: 76 | HB42: 0 | HC42: 34Mango, Carabao | HD42: 190 | HE42: 0 | HF42: 190 | HH42: 181 | HI42: 0 | HJ42: 34Papaya | HK42: 0 | HL42: 0 | HM42: 0 | HO42: 0 | HP42: 0 | HR42: 34Cooking oil | HS42: 97.09 | HT42: 0 | HU42: 97.09 | HW42: 97.09 | HX42: 0 | HY42: 34Brown Sugar | HZ42: 98.9 | IA42: 0 | IB42: 98.9 | ID42: 98.9 | IE42: 0 | IF42: 34Refined Sugar | IG42: 0 | IH42: 0 | II42: 0 | IK42: 0 | IL42: 0
A43: 56 | B43: Quezon | C43: 56Rice, Special | D43: 55 | E43: 0 | F43: 56 | H43: 56 | I43: 0 | J43: 56Rice, Well Milled | K43: 46 | L43: 0 | M43: 48 | O43: 50 | P43: 0 | Q43: 56Rice, Regular Milled | R43: 40.5 | S43: 0 | T43: 44 | V43: 45 | W43: 0 | Y43: 56Fresh Beef, Meat with Bones | Z43: 380 | AA43: 0 | AB43: 380 | AD43: 380 | AE43: 0 | AF43: 56Fresh Beef, Pure Meat | AG43: 480 | AH43: 0 | AI43: 480 | AK43: 480 | AL43: 0 | AM43: 56Fresh Pork, Kasim | AN43: 340 | AO43: 0 | AP43: 340 | AR43: 340 | AS43: 0 | AT43: 56Fresh Pork, Liempo | AU43: 340 | AV43: 0 | AW43: 350 | AY43: 350 | AZ43: 0 | BA43: 56Fresh Pork, Meat with Bones | BB43: 320 | BC43: 0 | BD43: 320 | BF43: 330 | BG43: 0 | BH43: 56Dressed Chicken | BI43: 200 | BJ43: 0 | BK43: 200 | BM43: 200 | BN43: 0 | BO43: 56Chicken egg, med. (piece) | BP43: 7 | BQ43: 0 | BR43: 7 | BT43: 7 | BU43: 0 | BW43: 56Bangus | BX43: 250 | BY43: 0 | BZ43: 180 | CB43: 240 | CC43: 0 | CD43: 56Galunggong | CE43: 220 | CF43: 0 | CG43: 200 | CI43: 200 | CJ43: 0 | CK43: 56Tilapia | CL43: 120 | CM43: 0 | CN43: 120 | CP43: 120 | CQ43: 0 | CS43: 56Ampalaya | CT43: 120 | CU43: 0 | CV43: 130 | CX43: 130 | CY43: 0 | CZ43: 56Cabbage | DA43: 70 | DB43: 0 | DC43: 70 | DE43: 80 | DF43: 0 | DG43: 56Carrot | DH43: 120 | DI43: 0 | DJ43: 140 | DL43: 130 | DM43: 0 | DN43: 56Eggplant | DO43: 90 | DP43: 0 | DQ43: 90 | DS43: 100 | DT43: 0 | DU43: 56Baguio Beans | DV43: 0 | DW43: 0 | DX43: 0 | DZ43: 0 | EA43: 0 | EB43: 56Pechay, Native | EC43: 80 | ED43: 0 | EE43: 50 | EG43: 80 | EH43: 0 | EI43: 56String Beans | EJ43: 100 | EK43: 0 | EL43: 150 | EN43: 150 | EO43: 0 | EP43: 56Tomato | EQ43: 120 | ER43: 0 | ES43: 80 | EU43: 70 | EV43: 0 | EW43: 56White Potato | EX43: 120 | EY43: 0 | EZ43: 120 | FB43: 130 | FC43: 0 | FE43: 56Onion, Red | FF43: 120 | FG43: 0 | FH43: 100 | FJ43: 100 | FK43: 0 | FL43: 56Garlic, Native | FM43: 160 | FN43: 0 | FO43: 160 | FQ43: 180 | FR43: 0 | FS43: 56Garlic, Imported | FT43: 0 | FU43: 0 | FV43: 0 | FX43: 0 | FY43: 0 | FZ43: 56Ginger, Hawaiian | GA43: 0 | GB43: 0 | GC43: 0 | GE43: 0 | GF43: 0 | GH43: 56Banana, Lakatan | GI43: 85 | GJ43: 0 | GK43: 75 | GM43: 80 | GN43: 0 | GO43: 56Banana, Latundan | GP43: 50 | GQ43: 0 | GR43: 50 | GT43: 50 | GU43: 0 | GV43: 56Calamansi | GW43: 0 | GX43: 0 | GY43: 0 | HA43: 0 | HB43: 0 | HC43: 56Mango, Carabao | HD43: 180 | HE43: 0 | HF43: 150 | HH43: 180 | HI43: 0 | HJ43: 56Papaya | HK43: 60 | HL43: 0 | HM43: 60 | HO43: 60 | HP43: 0 | HR43: 56Cooking oil | HS43: 30 | HT43: 0 | HU43: 30 | HW43: 30 | HX43: 0 | HY43: 56Brown Sugar | HZ43: 87.5 | IA43: 0 | IB43: 87.5 | ID43: 87.5 | IE43: 0 | IF43: 56Refined Sugar | IG43: 101.63 | IH43: 0 | II43: 101.63 | IK43: 101.63 | IL43: 0
A44: 58 | B44: Rizal | C44: 58Rice, Special | D44: 58.5 | E44: 0 | F44: 59.17 | H44: 59.17 | I44: 0 | J44: 58Rice, Well Milled | K44: 53.75 | L44: 0 | M44: 53.75 | O44: 53.75 | P44: 0 | Q44: 58Rice, Regular Milled | R44: 51 | S44: 0 | T44: 50 | V44: 50.5 | W44: 0 | Y44: 58Fresh Beef, Meat with Bones | Z44: 328 | AA44: 0 | AB44: 357.5 | AD44: 357.5 | AE44: 0 | AF44: 58Fresh Beef, Pure Meat | AG44: 502 | AH44: 0 | AI44: 529.5 | AK44: 529.5 | AL44: 0 | AM44: 58Fresh Pork, Kasim | AN44: 323.5 | AO44: 0 | AP44: 327 | AR44: 339.5 | AS44: 0 | AT44: 58Fresh Pork, Liempo | AU44: 375.5 | AV44: 0 | AW44: 392.5 | AY44: 402.5 | AZ44: 0 | BA44: 58Fresh Pork, Meat with Bones | BB44: 266 | BC44: 0 | BD44: 266 | BF44: 276 | BG44: 0 | BH44: 58Dressed Chicken | BI44: 185.5 | BJ44: 0 | BK44: 185.5 | BM44: 185.5 | BN44: 0 | BO44: 58Chicken egg, med. (piece) | BP44: 9.85 | BQ44: 0 | BR44: 9.85 | BT44: 9.85 | BU44: 0 | BW44: 58Bangus | BX44: 248.5 | BY44: 0 | BZ44: 238.5 | CB44: 238.5 | CC44: 0 | CD44: 58Galunggong | CE44: 284.5 | CF44: 0 | CG44: 274.5 | CI44: 275 | CJ44: 0 | CK44: 58Tilapia | CL44: 156 | CM44: 0 | CN44: 148 | CP44: 156 | CQ44: 0 | CS44: 58Ampalaya | CT44: 122 | CU44: 0 | CV44: 132 | CX44: 132 | CY44: 0 | CZ44: 58Cabbage | DA44: 63 | DB44: 0 | DC44: 67 | DE44: 73 | DF44: 0 | DG44: 58Carrot | DH44: 114 | DI44: 0 | DJ44: 138.5 | DL44: 126.5 | DM44: 0 | DN44: 58Eggplant | DO44: 90 | DP44: 0 | DQ44: 92.5 | DS44: 87.5 | DT44: 0 | DU44: 58Baguio Beans | DV44: 99.5 | DW44: 0 | DX44: 113.5 | DZ44: 113.5 | EA44: 0 | EB44: 58Pechay, Native | EC44: 89.5 | ED44: 0 | EE44: 73 | EG44: 83 | EH44: 0 | EI44: 58String Beans | EJ44: 140 | EK44: 0 | EL44: 164 | EN44: 164 | EO44: 0 | EP44: 58Tomato | EQ44: 115 | ER44: 0 | ES44: 82.5 | EU44: 65 | EV44: 0 | EW44: 58White Potato | EX44: 134 | EY44: 0 | EZ44: 139 | FB44: 128.5 | FC44: 0 | FE44: 58Onion, Red | FF44: 97.5 | FG44: 0 | FH44: 105 | FJ44: 105 | FK44: 0 | FL44: 58Garlic, Native | FM44: 320 | FN44: 0 | FO44: 320 | FQ44: 320 | FR44: 0 | FS44: 58Garlic, Imported | FT44: 175 | FU44: 0 | FV44: 175 | FX44: 170 | FY44: 0 | FZ44: 58Ginger, Hawaiian | GA44: 0 | GB44: 0 | GC44: 0 | GE44: 0 | GF44: 0 | GH44: 58Banana, Lakatan | GI44: 126.5 | GJ44: 0 | GK44: 126.5 | GM44: 126.5 | GN44: 0 | GO44: 58Banana, Latundan | GP44: 81 | GQ44: 0 | GR44: 81 | GT44: 81 | GU44: 0 | GV44: 58Calamansi | GW44: 103 | GX44: 0 | GY44: 92 | HA44: 105 | HB44: 0 | HC44: 58Mango, Carabao | HD44: 188 | HE44: 0 | HF44: 183 | HH44: 189.5 | HI44: 0 | HJ44: 58Papaya | HK44: 0 | HL44: 0 | HM44: 0 | HO44: 0 | HP44: 0 | HR44: 58Cooking oil | HS44: 170.54 | HT44: 0 | HU44: 176.49 | HW44: 176.49 | HX44: 0 | HY44: 58Brown Sugar | HZ44: 88.75 | IA44: 0 | IB44: 88.75 | ID44: 88.75 | IE44: 0 | IF44: 58Refined Sugar | IG44: 0 | IH44: 0 | II44: 0 | IK44: 0 | IL44: 0
A45: 5624 | B45: City of Lucena | C45: 5624Rice, Special | D45: 55.57 | E45: 0 | F45: 57.17 | H45: 57.17 | I45: 0 | J45: 5624Rice, Well Milled | K45: 51.33 | L45: 0 | M45: 52.83 | O45: 53.5 | P45: 0 | Q45: 5624Rice, Regular Milled | R45: 41.33 | S45: 0 | T45: 46.33 | V45: 46.67 | W45: 0 | Y45: 5624Fresh Beef, Meat with Bones | Z45: 373.33 | AA45: 0 | AB45: 373.33 | AD45: 373.33 | AE45: 0 | AF45: 5624Fresh Beef, Pure Meat | AG45: 463.33 | AH45: 0 | AI45: 460 | AK45: 460 | AL45: 0 | AM45: 5624Fresh Pork, Kasim | AN45: 328 | AO45: 0 | AP45: 332 | AR45: 322 | AS45: 0 | AT45: 5624Fresh Pork, Liempo | AU45: 334 | AV45: 0 | AW45: 346 | AY45: 350 | AZ45: 0 | BA45: 5624Fresh Pork, Meat with Bones | BB45: 308 | BC45: 0 | BD45: 310 | BF45: 318 | BG45: 0 | BH45: 5624Dressed Chicken | BI45: 200 | BJ45: 0 | BK45: 198 | BM45: 200 | BN45: 0 | BO45: 5624Chicken egg, med. (piece) | BP45: 7 | BQ45: 0 | BR45: 7 | BT45: 7 | BU45: 0 | BW45: 5624Bangus | BX45: 188 | BY45: 0 | BZ45: 172 | CB45: 204 | CC45: 0 | CD45: 5624Galunggong | CE45: 242 | CF45: 0 | CG45: 234 | CI45: 230 | CJ45: 0 | CK45: 5624Tilapia | CL45: 126 | CM45: 0 | CN45: 122 | CP45: 108 | CQ45: 0 | CS45: 5624Ampalaya | CT45: 114 | CU45: 0 | CV45: 122 | CX45: 120 | CY45: 0 | CZ45: 5624Cabbage | DA45: 70 | DB45: 0 | DC45: 62 | DE45: 68 | DF45: 0 | DG45: 5624Carrot | DH45: 102 | DI45: 0 | DJ45: 138 | DL45: 120 | DM45: 0 | DN45: 5624Eggplant | DO45: 86 | DP45: 0 | DQ45: 94 | DS45: 90 | DT45: 0 | DU45: 5624Baguio Beans | DV45: 0 | DW45: 0 | DX45: 0 | DZ45: 0 | EA45: 0 | EB45: 5624Pechay, Native | EC45: 80 | ED45: 0 | EE45: 68 | EG45: 80 | EH45: 0 | EI45: 5624String Beans | EJ45: 106 | EK45: 0 | EL45: 132 | EN45: 128 | EO45: 0 | EP45: 5624Tomato | EQ45: 102 | ER45: 0 | ES45: 84 | EU45: 64 | EV45: 0 | EW45: 5624White Potato | EX45: 128 | EY45: 0 | EZ45: 118 | FB45: 122 | FC45: 0 | FE45: 5624Onion, Red | FF45: 152.5 | FG45: 0 | FH45: 147.5 | FJ45: 100 | FK45: 0 | FL45: 5624Garlic, Native | FM45: 0 | FN45: 0 | FO45: 0 | FQ45: 0 | FR45: 0 | FS45: 5624Garlic, Imported | FT45: 0 | FU45: 0 | FV45: 0 | FX45: 0 | FY45: 0 | FZ45: 5624Ginger, Hawaiian | GA45: 144 | GB45: 0 | GC45: 144 | GE45: 144 | GF45: 0 | GH45: 5624Banana, Lakatan | GI45: 82 | GJ45: 0 | GK45: 82 | GM45: 86 | GN45: 0 | GO45: 5624Banana, Latundan | GP45: 62 | GQ45: 0 | GR45: 64 | GT45: 68 | GU45: 0 | GV45: 5624Calamansi | GW45: 0 | GX45: 0 | GY45: 0 | HA45: 0 | HB45: 0 | HC45: 5624Mango, Carabao | HD45: 156 | HE45: 0 | HF45: 152 | HH45: 156 | HI45: 0 | HJ45: 5624Papaya | HK45: 0 | HL45: 0 | HM45: 0 | HO45: 0 | HP45: 0 | HR45: 5624Cooking oil | HS45: 85.71 | HT45: 0 | HU45: 85.71 | HW45: 85.71 | HX45: 0 | HY45: 5624Brown Sugar | HZ45: 87.33 | IA45: 0 | IB45: 87.33 | ID45: 87.33 | IE45: 0 | IF45: 5624Refined Sugar | IG45: 101.54 | IH45: 0 | II45: 101.54 | IK45: 101.54 | IL45: 0
A46: MIMAROPA | B46: MIMAROPA Region | C46: MIMAROPARice, Special | D46: 64.89 | E46: 0 | F46: 66.13 | H46: 66.07 | I46: 0 | J46: MIMAROPARice, Well Milled | K46: 54.44 | L46: 0 | M46: 55.81 | O46: 56.49 | P46: 0 | Q46: MIMAROPARice, Regular Milled | R46: 47.94 | S46: 0 | T46: 50.31 | V46: 50.82 | W46: 0 | Y46: MIMAROPAFresh Beef, Meat with Bones | Z46: 355.33 | AA46: 0 | AB46: 357 | AD46: 358.11 | AE46: 0 | AF46: MIMAROPAFresh Beef, Pure Meat | AG46: 394.17 | AH46: 0 | AI46: 395.83 | AK46: 395.83 | AL46: 0 | AM46: MIMAROPAFresh Pork, Kasim | AN46: 296.36 | AO46: 0 | AP46: 308.86 | AR46: 311.64 | AS46: 0 | AT46: MIMAROPAFresh Pork, Liempo | AU46: 301.86 | AV46: 0 | AW46: 313.25 | AY46: 318.53 | AZ46: 0 | BA46: MIMAROPAFresh Pork, Meat with Bones | BB46: 291.89 | BC46: 0 | BD46: 300.11 | BF46: 300.95 | BG46: 0 | BH46: MIMAROPADressed Chicken | BI46: 210.08 | BJ46: 0 | BK46: 212.03 | BM46: 211.2 | BN46: 0 | BO46: MIMAROPAChicken egg, med. (piece) | BP46: 9.53 | BQ46: 0 | BR46: 9.24 | BT46: 8.89 | BU46: 0 | BW46: MIMAROPABangus | BX46: 249.07 | BY46: 0 | BZ46: 249.23 | CB46: 248.57 | CC46: 0 | CD46: MIMAROPAGalunggong | CE46: 205.83 | CF46: 0 | CG46: 192.5 | CI46: 170 | CJ46: 0 | CK46: MIMAROPATilapia | CL46: 172.5 | CM46: 0 | CN46: 172.5 | CP46: 172.5 | CQ46: 0 | CS46: MIMAROPAAmpalaya | CT46: 131.36 | CU46: 0 | CV46: 132.2 | CX46: 129.97 | CY46: 0 | CZ46: MIMAROPACabbage | DA46: 105.06 | DB46: 0 | DC46: 110.33 | DE46: 112 | DF46: 0 | DG46: MIMAROPACarrot | DH46: 169.39 | DI46: 0 | DJ46: 173.78 | DL46: 165.31 | DM46: 0 | DN46: MIMAROPAEggplant | DO46: 105.14 | DP46: 0 | DQ46: 108.06 | DS46: 102.28 | DT46: 0 | DU46: MIMAROPABaguio Beans | DV46: 156.8 | DW46: 0 | DX46: 154.8 | DZ46: 154.13 | EA46: 0 | EB46: MIMAROPAPechay, Native | EC46: 103.89 | ED46: 0 | EE46: 102.44 | EG46: 99.69 | EH46: 0 | EI46: MIMAROPAString Beans | EJ46: 124.31 | EK46: 0 | EL46: 123.74 | EN46: 117.3 | EO46: 0 | EP46: MIMAROPATomato | EQ46: 122.42 | ER46: 0 | ES46: 116.72 | EU46: 107.28 | EV46: 0 | EW46: MIMAROPAWhite Potato | EX46: 156.61 | EY46: 0 | EZ46: 162.45 | FB46: 159.08 | FC46: 0 | FE46: MIMAROPAOnion, Red | FF46: 193.67 | FG46: 0 | FH46: 170.61 | FJ46: 154.22 | FK46: 0 | FL46: MIMAROPAGarlic, Native | FM46: 152.79 | FN46: 0 | FO46: 152.79 | FQ46: 153.63 | FR46: 0 | FS46: MIMAROPAGarlic, Imported | FT46: 149.67 | FU46: 0 | FV46: 148.67 | FX46: 138.33 | FY46: 0 | FZ46: MIMAROPAGinger, Hawaiian | GA46: 115.17 | GB46: 0 | GC46: 113.83 | GE46: 112.17 | GF46: 0 | GH46: MIMAROPABanana, Lakatan | GI46: 105 | GJ46: 0 | GK46: 105 | GM46: 105 | GN46: 0 | GO46: MIMAROPABanana, Latundan | GP46: 52 | GQ46: 0 | GR46: 53.33 | GT46: 55 | GU46: 0 | GV46: MIMAROPACalamansi | GW46: 83.86 | GX46: 0 | GY46: 87.66 | HA46: 92.26 | HB46: 0 | HC46: MIMAROPAMango, Carabao | HD46: 191.28 | HE46: 0 | HF46: 191.28 | HH46: 191.83 | HI46: 0 | HJ46: MIMAROPAPapaya | HK46: 55.07 | HL46: 0 | HM46: 57.57 | HO46: 57.9 | HP46: 0 | HR46: MIMAROPACooking oil | HS46: 106.07 | HT46: 0 | HU46: 105.97 | HW46: 105.95 | HX46: 0 | HY46: MIMAROPABrown Sugar | HZ46: 74.65 | IA46: 0 | IB46: 73.55 | ID46: 74.2 | IE46: 0 | IF46: MIMAROPARefined Sugar | IG46: 93.39 | IH46: 0 | II46: 92.89 | IK46: 92.88 | IL46: 0
A47: 40 | B47: Marinduque | C47: 40Rice, Special | D47: 66.57 | E47: 0 | F47: 66.8 | H47: 67.39 | I47: 0 | J47: 40Rice, Well Milled | K47: 53 | L47: 0 | M47: 53.84 | O47: 54.7 | P47: 0 | Q47: 40Rice, Regular Milled | R47: 40.5 | S47: 0 | T47: 40.5 | V47: 42 | W47: 0 | Y47: 40Fresh Beef, Meat with Bones | Z47: 370 | AA47: 0 | AB47: 370 | AD47: 370 | AE47: 0 | AF47: 40Fresh Beef, Pure Meat | AG47: 0 | AH47: 0 | AI47: 0 | AK47: 0 | AL47: 0 | AM47: 40Fresh Pork, Kasim | AN47: 300 | AO47: 0 | AP47: 300 | AR47: 300 | AS47: 0 | AT47: 40Fresh Pork, Liempo | AU47: 300 | AV47: 0 | AW47: 300 | AY47: 300 | AZ47: 0 | BA47: 40Fresh Pork, Meat with Bones | BB47: 300 | BC47: 0 | BD47: 300 | BF47: 300 | BG47: 0 | BH47: 40Dressed Chicken | BI47: 200 | BJ47: 0 | BK47: 200 | BM47: 200 | BN47: 0 | BO47: 40Chicken egg, med. (piece) | BP47: 8.25 | BQ47: 0 | BR47: 8.25 | BT47: 8.25 | BU47: 0 | BW47: 40Bangus | BX47: 200 | BY47: 0 | BZ47: 200 | CB47: 200 | CC47: 0 | CD47: 40Galunggong | CE47: 180 | CF47: 0 | CG47: 220 | CI47: 160 | CJ47: 0 | CK47: 40Tilapia | CL47: 160 | CM47: 0 | CN47: 160 | CP47: 160 | CQ47: 0 | CS47: 40Ampalaya | CT47: 120 | CU47: 0 | CV47: 120 | CX47: 120 | CY47: 0 | CZ47: 40Cabbage | DA47: 80 | DB47: 0 | DC47: 80 | DE47: 80 | DF47: 0 | DG47: 40Carrot | DH47: 170 | DI47: 0 | DJ47: 170 | DL47: 180 | DM47: 0 | DN47: 40Eggplant | DO47: 80 | DP47: 0 | DQ47: 80 | DS47: 60 | DT47: 0 | DU47: 40Baguio Beans | DV47: 100 | DW47: 0 | DX47: 100 | DZ47: 100 | EA47: 0 | EB47: 40Pechay, Native | EC47: 100 | ED47: 0 | EE47: 100 | EG47: 100 | EH47: 0 | EI47: 40String Beans | EJ47: 100 | EK47: 0 | EL47: 100 | EN47: 100 | EO47: 0 | EP47: 40Tomato | EQ47: 100 | ER47: 0 | ES47: 100 | EU47: 60 | EV47: 0 | EW47: 40White Potato | EX47: 150 | EY47: 0 | EZ47: 160 | FB47: 160 | FC47: 0 | FE47: 40Onion, Red | FF47: 150 | FG47: 0 | FH47: 100 | FJ47: 100 | FK47: 0 | FL47: 40Garlic, Native | FM47: 0 | FN47: 0 | FO47: 0 | FQ47: 0 | FR47: 0 | FS47: 40Garlic, Imported | FT47: 170 | FU47: 0 | FV47: 160 | FX47: 160 | FY47: 0 | FZ47: 40Ginger, Hawaiian | GA47: 100 | GB47: 0 | GC47: 100 | GE47: 100 | GF47: 0 | GH47: 40Banana, Lakatan | GI47: 100 | GJ47: 0 | GK47: 100 | GM47: 100 | GN47: 0 | GO47: 40Banana, Latundan | GP47: 40 | GQ47: 0 | GR47: 40 | GT47: 40 | GU47: 0 | GV47: 40Calamansi | GW47: 120 | GX47: 0 | GY47: 130 | HA47: 130 | HB47: 0 | HC47: 40Mango, Carabao | HD47: 150 | HE47: 0 | HF47: 150 | HH47: 150 | HI47: 0 | HJ47: 40Papaya | HK47: 60 | HL47: 0 | HM47: 60 | HO47: 60 | HP47: 0 | HR47: 40Cooking oil | HS47: 0 | HT47: 0 | HU47: 0 | HW47: 0 | HX47: 0 | HY47: 40Brown Sugar | HZ47: 69 | IA47: 0 | IB47: 69 | ID47: 69 | IE47: 0 | IF47: 40Refined Sugar | IG47: 0 | IH47: 0 | II47: 0 | IK47: 0 | IL47: 0
A48: 51 | B48: Occidental Mindoro | C48: 51Rice, Special | D48: 60.5 | E48: 0 | F48: 63.5 | H48: 64 | I48: 0 | J48: 51Rice, Well Milled | K48: 50 | L48: 0 | M48: 57.5 | O48: 57 | P48: 0 | Q48: 51Rice, Regular Milled | R48: 42.71 | S48: 0 | T48: 55.04 | V48: 56.09 | W48: 0 | Y48: 51Fresh Beef, Meat with Bones | Z48: 365 | AA48: 0 | AB48: 365 | AD48: 365 | AE48: 0 | AF48: 51Fresh Beef, Pure Meat | AG48: 395 | AH48: 0 | AI48: 395 | AK48: 395 | AL48: 0 | AM48: 51Fresh Pork, Kasim | AN48: 280 | AO48: 0 | AP48: 280 | AR48: 280 | AS48: 0 | AT48: 51Fresh Pork, Liempo | AU48: 280 | AV48: 0 | AW48: 280 | AY48: 280 | AZ48: 0 | BA48: 51Fresh Pork, Meat with Bones | BB48: 260 | BC48: 0 | BD48: 260 | BF48: 260 | BG48: 0 | BH48: 51Dressed Chicken | BI48: 240 | BJ48: 0 | BK48: 240 | BM48: 240 | BN48: 0 | BO48: 51Chicken egg, med. (piece) | BP48: 10 | BQ48: 0 | BR48: 9.5 | BT48: 9 | BU48: 0 | BW48: 51Bangus | BX48: 235 | BY48: 0 | BZ48: 235 | CB48: 235 | CC48: 0 | CD48: 51Galunggong | CE48: 160 | CF48: 0 | CG48: 170 | CI48: 165 | CJ48: 0 | CK48: 51Tilapia | CL48: 170 | CM48: 0 | CN48: 170 | CP48: 170 | CQ48: 0 | CS48: 51Ampalaya | CT48: 90 | CU48: 0 | CV48: 95 | CX48: 95 | CY48: 0 | CZ48: 51Cabbage | DA48: 75 | DB48: 0 | DC48: 70 | DE48: 70 | DF48: 0 | DG48: 51Carrot | DH48: 112 | DI48: 0 | DJ48: 120 | DL48: 120 | DM48: 0 | DN48: 51Eggplant | DO48: 75 | DP48: 0 | DQ48: 70 | DS48: 72.5 | DT48: 0 | DU48: 51Baguio Beans | DV48: 120 | DW48: 0 | DX48: 120 | DZ48: 120 | EA48: 0 | EB48: 51Pechay, Native | EC48: 100 | ED48: 0 | EE48: 100 | EG48: 100 | EH48: 0 | EI48: 51String Beans | EJ48: 0 | EK48: 0 | EL48: 0 | EN48: 0 | EO48: 0 | EP48: 51Tomato | EQ48: 72.5 | ER48: 0 | ES48: 70 | EU48: 70 | EV48: 0 | EW48: 51White Potato | EX48: 93.5 | EY48: 0 | EZ48: 98.5 | FB48: 102.5 | FC48: 0 | FE48: 51Onion, Red | FF48: 125 | FG48: 0 | FH48: 100 | FJ48: 100 | FK48: 0 | FL48: 51Garlic, Native | FM48: 170 | FN48: 0 | FO48: 170 | FQ48: 170 | FR48: 0 | FS48: 51Garlic, Imported | FT48: 135 | FU48: 0 | FV48: 135 | FX48: 140 | FY48: 0 | FZ48: 51Ginger, Hawaiian | GA48: 60 | GB48: 0 | GC48: 65 | GE48: 67.5 | GF48: 0 | GH48: 51Banana, Lakatan | GI48: 0 | GJ48: 0 | GK48: 0 | GM48: 0 | GN48: 0 | GO48: 51Banana, Latundan | GP48: 26 | GQ48: 0 | GR48: 30 | GT48: 35 | GU48: 0 | GV48: 51Calamansi | GW48: 90 | GX48: 0 | GY48: 90 | HA48: 90 | HB48: 0 | HC48: 51Mango, Carabao | HD48: 0 | HE48: 0 | HF48: 0 | HH48: 0 | HI48: 0 | HJ48: 51Papaya | HK48: 17 | HL48: 0 | HM48: 19.5 | HO48: 22 | HP48: 0 | HR48: 51Cooking oil | HS48: 0 | HT48: 0 | HU48: 0 | HW48: 0 | HX48: 0 | HY48: 51Brown Sugar | HZ48: 66 | IA48: 0 | IB48: 66 | ID48: 66 | IE48: 0 | IF48: 51Refined Sugar | IG48: 0 | IH48: 0 | II48: 0 | IK48: 0 | IL48: 0
A49: 52 | B49: Oriental Mindoro | C49: 52Rice, Special | D49: 57.63 | E49: 0 | F49: 59.07 | H49: 58.19 | I49: 0 | J49: 52Rice, Well Milled | K49: 51.67 | L49: 0 | M49: 51.67 | O49: 54.42 | P49: 0 | Q49: 52Rice, Regular Milled | R49: 50.63 | S49: 0 | T49: 50.17 | V49: 50.67 | W49: 0 | Y49: 52Fresh Beef, Meat with Bones | Z49: 440 | AA49: 0 | AB49: 450 | AD49: 450 | AE49: 0 | AF49: 52Fresh Beef, Pure Meat | AG49: 457.5 | AH49: 0 | AI49: 462.5 | AK49: 462.5 | AL49: 0 | AM49: 52Fresh Pork, Kasim | AN49: 335 | AO49: 0 | AP49: 350 | AR49: 350 | AS49: 0 | AT49: 52Fresh Pork, Liempo | AU49: 360 | AV49: 0 | AW49: 370 | AY49: 370 | AZ49: 0 | BA49: 52Fresh Pork, Meat with Bones | BB49: 320 | BC49: 0 | BD49: 330 | BF49: 330 | BG49: 0 | BH49: 52Dressed Chicken | BI49: 190 | BJ49: 0 | BK49: 202.5 | BM49: 202.5 | BN49: 0 | BO49: 52Chicken egg, med. (piece) | BP49: 10 | BQ49: 0 | BR49: 10 | BT49: 9.5 | BU49: 0 | BW49: 52Bangus | BX49: 225 | BY49: 0 | BZ49: 230 | CB49: 230 | CC49: 0 | CD49: 52Galunggong | CE49: 280 | CF49: 0 | CG49: 290 | CI49: 290 | CJ49: 0 | CK49: 52Tilapia | CL49: 160 | CM49: 0 | CN49: 160 | CP49: 160 | CQ49: 0 | CS49: 52Ampalaya | CT49: 170 | CU49: 0 | CV49: 155 | CX49: 150 | CY49: 0 | CZ49: 52Cabbage | DA49: 115 | DB49: 0 | DC49: 110 | DE49: 120 | DF49: 0 | DG49: 52Carrot | DH49: 170 | DI49: 0 | DJ49: 165 | DL49: 150 | DM49: 0 | DN49: 52Eggplant | DO49: 125 | DP49: 0 | DQ49: 127.5 | DS49: 127.5 | DT49: 0 | DU49: 52Baguio Beans | DV49: 200 | DW49: 0 | DX49: 200 | DZ49: 200 | EA49: 0 | EB49: 52Pechay, Native | EC49: 147.5 | ED49: 0 | EE49: 147.5 | EG49: 147.5 | EH49: 0 | EI49: 52String Beans | EJ49: 200 | EK49: 0 | EL49: 200 | EN49: 195 | EO49: 0 | EP49: 52Tomato | EQ49: 175 | ER49: 0 | ES49: 160 | EU49: 160 | EV49: 0 | EW49: 52White Potato | EX49: 180 | EY49: 0 | EZ49: 175 | FB49: 175 | FC49: 0 | FE49: 52Onion, Red | FF49: 200 | FG49: 0 | FH49: 160 | FJ49: 140 | FK49: 0 | FL49: 52Garlic, Native | FM49: 130 | FN49: 0 | FO49: 130 | FQ49: 140 | FR49: 0 | FS49: 52Garlic, Imported | FT49: 175 | FU49: 0 | FV49: 175 | FX49: 170 | FY49: 0 | FZ49: 52Ginger, Hawaiian | GA49: 165 | GB49: 0 | GC49: 165 | GE49: 150 | GF49: 0 | GH49: 52Banana, Lakatan | GI49: 95 | GJ49: 0 | GK49: 95 | GM49: 95 | GN49: 0 | GO49: 52Banana, Latundan | GP49: 0 | GQ49: 0 | GR49: 0 | GT49: 0 | GU49: 0 | GV49: 52Calamansi | GW49: 105 | GX49: 0 | GY49: 110 | HA49: 125 | HB49: 0 | HC49: 52Mango, Carabao | HD49: 0 | HE49: 0 | HF49: 0 | HH49: 0 | HI49: 0 | HJ49: 52Papaya | HK49: 0 | HL49: 0 | HM49: 0 | HO49: 0 | HP49: 0 | HR49: 52Cooking oil | HS49: 75 | HT49: 0 | HU49: 75 | HW49: 75 | HX49: 0 | HY49: 52Brown Sugar | HZ49: 81 | IA49: 0 | IB49: 75.5 | ID49: 75.5 | IE49: 0 | IF49: 52Refined Sugar | IG49: 90.25 | IH49: 0 | II49: 88.75 | IK49: 88.75 | IL49: 0
A50: 53 | B50: Palawan | C50: 53Rice, Special | D50: 60.95 | E50: 0 | F50: 60 | H50: 60.24 | I50: 0 | J50: 53Rice, Well Milled | K50: 52.97 | L50: 0 | M50: 51.84 | O50: 52.46 | P50: 0 | Q50: 53Rice, Regular Milled | R50: 48.47 | S50: 0 | T50: 47.64 | V50: 47.64 | W50: 0 | Y50: 53Fresh Beef, Meat with Bones | Z50: 315 | AA50: 0 | AB50: 315 | AD50: 315 | AE50: 0 | AF50: 53Fresh Beef, Pure Meat | AG50: 0 | AH50: 0 | AI50: 0 | AK50: 0 | AL50: 0 | AM50: 53Fresh Pork, Kasim | AN50: 317.5 | AO50: 0 | AP50: 350 | AR50: 360 | AS50: 0 | AT50: 53Fresh Pork, Liempo | AU50: 307.5 | AV50: 0 | AW50: 335 | AY50: 360 | AZ50: 0 | BA50: 53Fresh Pork, Meat with Bones | BB50: 330 | BC50: 0 | BD50: 350 | BF50: 355 | BG50: 0 | BH50: 53Dressed Chicken | BI50: 211.5 | BJ50: 0 | BK50: 211.5 | BM50: 206.5 | BN50: 0 | BO50: 53Chicken egg, med. (piece) | BP50: 10.79 | BQ50: 0 | BR50: 9.54 | BT50: 9.54 | BU50: 0 | BW50: 53Bangus | BX50: 260 | BY50: 0 | BZ50: 260 | CB50: 260 | CC50: 0 | CD50: 53Galunggong | CE50: 200 | CF50: 0 | CG50: 100 | CI50: 60 | CJ50: 0 | CK50: 53Tilapia | CL50: 0 | CM50: 0 | CN50: 0 | CP50: 0 | CQ50: 0 | CS50: 53Ampalaya | CT50: 112.5 | CU50: 0 | CV50: 125 | CX50: 135 | CY50: 0 | CZ50: 53Cabbage | DA50: 120 | DB50: 0 | DC50: 125 | DE50: 125 | DF50: 0 | DG50: 53Carrot | DH50: 190 | DI50: 0 | DJ50: 205 | DL50: 195 | DM50: 0 | DN50: 53Eggplant | DO50: 110 | DP50: 0 | DQ50: 120 | DS50: 115 | DT50: 0 | DU50: 53Baguio Beans | DV50: 180 | DW50: 0 | DX50: 170 | DZ50: 170 | EA50: 0 | EB50: 53Pechay, Native | EC50: 18.82 | ED50: 0 | EE50: 18.82 | EG50: 16.84 | EH50: 0 | EI50: 53String Beans | EJ50: 13.75 | EK50: 0 | EL50: 11.25 | EN50: 12.02 | EO50: 0 | EP50: 53Tomato | EQ50: 135 | ER50: 0 | ES50: 120 | EU50: 115 | EV50: 0 | EW50: 53White Potato | EX50: 140 | EY50: 0 | EZ50: 160 | FB50: 160 | FC50: 0 | FE50: 53Onion, Red | FF50: 160 | FG50: 0 | FH50: 150 | FJ50: 150 | FK50: 0 | FL50: 53Garlic, Native | FM50: 150 | FN50: 0 | FO50: 150 | FQ50: 150 | FR50: 0 | FS50: 53Garlic, Imported | FT50: 16 | FU50: 0 | FV50: 16 | FX50: 16 | FY50: 0 | FZ50: 53Ginger, Hawaiian | GA50: 0 | GB50: 0 | GC50: 0 | GE50: 0 | GF50: 0 | GH50: 53Banana, Lakatan | GI50: 0 | GJ50: 0 | GK50: 0 | GM50: 0 | GN50: 0 | GO50: 53Banana, Latundan | GP50: 0 | GQ50: 0 | GR50: 0 | GT50: 0 | GU50: 0 | GV50: 53Calamansi | GW50: 0.29 | GX50: 0 | GY50: 0.29 | HA50: 0.29 | HB50: 0 | HC50: 53Mango, Carabao | HD50: 205 | HE50: 0 | HF50: 205 | HH50: 205 | HI50: 0 | HJ50: 53Papaya | HK50: 57.5 | HL50: 0 | HM50: 65 | HO50: 65 | HP50: 0 | HR50: 53Cooking oil | HS50: 29.75 | HT50: 0 | HU50: 29.75 | HW50: 29.69 | HX50: 0 | HY50: 53Brown Sugar | HZ50: 80.5 | IA50: 0 | IB50: 80.5 | ID50: 82.5 | IE50: 0 | IF50: 53Refined Sugar | IG50: 97.5 | IH50: 0 | II50: 97.5 | IK50: 97.5 | IL50: 0
A51: 59 | B51: Romblon | C51: 59Rice, Special | D51: 79 | E51: 0 | F51: 82 | H51: 81 | I51: 0 | J51: 59Rice, Well Milled | K51: 60.17 | L51: 0 | M51: 63.67 | O51: 63.34 | P51: 0 | Q51: 59Rice, Regular Milled | R51: 54.75 | S51: 0 | T51: 60.13 | V51: 60.13 | W51: 0 | Y51: 59Fresh Beef, Meat with Bones | Z51: 320 | AA51: 0 | AB51: 320 | AD51: 320 | AE51: 0 | AF51: 59Fresh Beef, Pure Meat | AG51: 330 | AH51: 0 | AI51: 330 | AK51: 330 | AL51: 0 | AM51: 59Fresh Pork, Kasim | AN51: 240 | AO51: 0 | AP51: 240 | AR51: 240 | AS51: 0 | AT51: 59Fresh Pork, Liempo | AU51: 240 | AV51: 0 | AW51: 240 | AY51: 240 | AZ51: 0 | BA51: 59Fresh Pork, Meat with Bones | BB51: 240 | BC51: 0 | BD51: 240 | BF51: 240 | BG51: 0 | BH51: 59Dressed Chicken | BI51: 210 | BJ51: 0 | BK51: 210 | BM51: 210 | BN51: 0 | BO51: 59Chicken egg, med. (piece) | BP51: 8.33 | BQ51: 0 | BR51: 8.33 | BT51: 7.42 | BU51: 0 | BW51: 59Bangus | BX51: 260 | BY51: 0 | BZ51: 260 | CB51: 260 | CC51: 0 | CD51: 59Galunggong | CE51: 220 | CF51: 0 | CG51: 220 | CI51: 200 | CJ51: 0 | CK51: 59Tilapia | CL51: 200 | CM51: 0 | CN51: 200 | CP51: 200 | CQ51: 0 | CS51: 59Ampalaya | CT51: 160 | CU51: 0 | CV51: 160 | CX51: 140 | CY51: 0 | CZ51: 59Cabbage | DA51: 120 | DB51: 0 | DC51: 150 | DE51: 150 | DF51: 0 | DG51: 59Carrot | DH51: 200 | DI51: 0 | DJ51: 200 | DL51: 170 | DM51: 0 | DN51: 59Eggplant | DO51: 120 | DP51: 0 | DQ51: 120 | DS51: 120 | DT51: 0 | DU51: 59Baguio Beans | DV51: 0 | DW51: 0 | DX51: 0 | DZ51: 0 | EA51: 0 | EB51: 59Pechay, Native | EC51: 125 | ED51: 0 | EE51: 104.17 | EG51: 104.17 | EH51: 0 | EI51: 59String Beans | EJ51: 150 | EK51: 0 | EL51: 150 | EN51: 125 | EO51: 0 | EP51: 59Tomato | EQ51: 120 | ER51: 0 | ES51: 120 | EU51: 120 | EV51: 0 | EW51: 59White Potato | EX51: 200 | EY51: 0 | EZ51: 200 | FB51: 170 | FC51: 0 | FE51: 59Onion, Red | FF51: 350 | FG51: 0 | FH51: 340 | FJ51: 275 | FK51: 0 | FL51: 59Garlic, Native | FM51: 0 | FN51: 0 | FO51: 0 | FQ51: 0 | FR51: 0 | FS51: 59Garlic, Imported | FT51: 252 | FU51: 0 | FV51: 252 | FX51: 192 | FY51: 0 | FZ51: 59Ginger, Hawaiian | GA51: 150 | GB51: 0 | GC51: 135 | GE51: 135 | GF51: 0 | GH51: 59Banana, Lakatan | GI51: 120 | GJ51: 0 | GK51: 120 | GM51: 120 | GN51: 0 | GO51: 59Banana, Latundan | GP51: 90 | GQ51: 0 | GR51: 90 | GT51: 90 | GU51: 0 | GV51: 59Calamansi | GW51: 0 | GX51: 0 | GY51: 0 | HA51: 0 | HB51: 0 | HC51: 59Mango, Carabao | HD51: 0 | HE51: 0 | HF51: 0 | HH51: 0 | HI51: 0 | HJ51: 59Papaya | HK51: 70 | HL51: 0 | HM51: 70 | HO51: 70 | HP51: 0 | HR51: 59Cooking oil | HS51: 178.95 | HT51: 0 | HU51: 178.95 | HW51: 178.95 | HX51: 0 | HY51: 59Brown Sugar | HZ51: 0 | IA51: 0 | IB51: 0 | ID51: 0 | IE51: 0 | IF51: 59Refined Sugar | IG51: 0 | IH51: 0 | II51: 0 | IK51: 0 | IL51: 0
A52: 5316 | B52: City of Puerto Princesa | C52: 5316Rice, Special | D52: 64.68 | E52: 0 | F52: 65.43 | H52: 65.58 | I52: 0 | J52: 5316Rice, Well Milled | K52: 58.82 | L52: 0 | M52: 56.34 | O52: 57.02 | P52: 0 | Q52: 5316Rice, Regular Milled | R52: 50.55 | S52: 0 | T52: 48.36 | V52: 48.36 | W52: 0 | Y52: 5316Fresh Beef, Meat with Bones | Z52: 322 | AA52: 0 | AB52: 322 | AD52: 328.67 | AE52: 0 | AF52: 5316Fresh Beef, Pure Meat | AG52: 0 | AH52: 0 | AI52: 0 | AK52: 0 | AL52: 0 | AM52: 5316Fresh Pork, Kasim | AN52: 305.67 | AO52: 0 | AP52: 333.17 | AR52: 339.83 | AS52: 0 | AT52: 5316Fresh Pork, Liempo | AU52: 323.67 | AV52: 0 | AW52: 354.5 | AY52: 361.17 | AZ52: 0 | BA52: 5316Fresh Pork, Meat with Bones | BB52: 301.33 | BC52: 0 | BD52: 320.67 | BF52: 320.67 | BG52: 0 | BH52: 5316Dressed Chicken | BI52: 209 | BJ52: 0 | BK52: 208.17 | BM52: 208.17 | BN52: 0 | BO52: 5316Chicken egg, med. (piece) | BP52: 9.81 | BQ52: 0 | BR52: 9.81 | BT52: 9.64 | BU52: 0 | BW52: 5316Bangus | BX52: 314.4 | BY52: 0 | BZ52: 310.4 | CB52: 306.4 | CC52: 0 | CD52: 5316Galunggong | CE52: 195 | CF52: 0 | CG52: 155 | CI52: 145 | CJ52: 0 | CK52: 5316Tilapia | CL52: 0 | CM52: 0 | CN52: 0 | CP52: 0 | CQ52: 0 | CS52: 5316Ampalaya | CT52: 135.67 | CU52: 0 | CV52: 138.17 | CX52: 139.83 | CY52: 0 | CZ52: 5316Cabbage | DA52: 120.33 | DB52: 0 | DC52: 127 | DE52: 127 | DF52: 0 | DG52: 5316Carrot | DH52: 174.33 | DI52: 0 | DJ52: 182.67 | DL52: 176.83 | DM52: 0 | DN52: 5316Eggplant | DO52: 120.83 | DP52: 0 | DQ52: 130.83 | DS52: 118.67 | DT52: 0 | DU52: 5316Baguio Beans | DV52: 184 | DW52: 0 | DX52: 184 | DZ52: 180.67 | EA52: 0 | EB52: 5316Pechay, Native | EC52: 132 | ED52: 0 | EE52: 144.13 | EG52: 129.63 | EH52: 0 | EI52: 5316String Beans | EJ52: 157.8 | EK52: 0 | EL52: 157.45 | EN52: 154.5 | EO52: 0 | EP52: 5316Tomato | EQ52: 132 | ER52: 0 | ES52: 130.33 | EU52: 118.67 | EV52: 0 | EW52: 5316White Potato | EX52: 176.17 | EY52: 0 | EZ52: 181.17 | FB52: 187 | FC52: 0 | FE52: 5316Onion, Red | FF52: 177 | FG52: 0 | FH52: 173.67 | FJ52: 160.33 | FK52: 0 | FL52: 5316Garlic, Native | FM52: 161.17 | FN52: 0 | FO52: 161.17 | FQ52: 154.5 | FR52: 0 | FS52: 5316Garlic, Imported | FT52: 150 | FU52: 0 | FV52: 154 | FX52: 152 | FY52: 0 | FZ52: 5316Ginger, Hawaiian | GA52: 100.83 | GB52: 0 | GC52: 104.17 | GE52: 108.33 | GF52: 0 | GH52: 5316Banana, Lakatan | GI52: 0 | GJ52: 0 | GK52: 0 | GM52: 0 | GN52: 0 | GO52: 5316Banana, Latundan | GP52: 0 | GQ52: 0 | GR52: 0 | GT52: 0 | GU52: 0 | GV52: 5316Calamansi | GW52: 104 | GX52: 0 | GY52: 108 | HA52: 116 | HB52: 0 | HC52: 5316Mango, Carabao | HD52: 218.83 | HE52: 0 | HF52: 218.83 | HH52: 220.5 | HI52: 0 | HJ52: 5316Papaya | HK52: 70.83 | HL52: 0 | HM52: 73.33 | HO52: 72.5 | HP52: 0 | HR52: 5316Cooking oil | HS52: 140.57 | HT52: 0 | HU52: 140.17 | HW52: 140.17 | HX52: 0 | HY52: 5316Brown Sugar | HZ52: 76.75 | IA52: 0 | IB52: 76.75 | ID52: 78 | IE52: 0 | IF52: 5316Refined Sugar | IG52: 92.42 | IH52: 0 | II52: 92.42 | IK52: 92.4 | IL52: 0
A53: R5 | B53: V - Bicol Region | C53: R5Rice, Special | D53: 62.54 | E53: 0 | F53: 63.5 | H53: 63.66 | I53: 0 | J53: R5Rice, Well Milled | K53: 55.33 | L53: 0 | M53: 56.57 | O53: 57.47 | P53: 0 | Q53: R5Rice, Regular Milled | R53: 52.71 | S53: 0 | T53: 53.69 | V53: 54.55 | W53: 0 | Y53: R5Fresh Beef, Meat with Bones | Z53: 330.3 | AA53: 0 | AB53: 341.5 | AD53: 345.5 | AE53: 0 | AF53: R5Fresh Beef, Pure Meat | AG53: 463.25 | AH53: 0 | AI53: 463.25 | AK53: 465.75 | AL53: 0 | AM53: R5Fresh Pork, Kasim | AN53: 298 | AO53: 0 | AP53: 302.33 | AR53: 306.5 | AS53: 0 | AT53: R5Fresh Pork, Liempo | AU53: 323.58 | AV53: 0 | AW53: 326.5 | AY53: 329.83 | AZ53: 0 | BA53: R5Fresh Pork, Meat with Bones | BB53: 267 | BC53: 0 | BD53: 267.6 | BF53: 268 | BG53: 0 | BH53: R5Dressed Chicken | BI53: 199 | BJ53: 0 | BK53: 199 | BM53: 199 | BN53: 0 | BO53: R5Chicken egg, med. (piece) | BP53: 9.14 | BQ53: 0 | BR53: 9.16 | BT53: 9.35 | BU53: 0 | BW53: R5Bangus | BX53: 207.4 | BY53: 0 | BZ53: 212.4 | CB53: 214.7 | CC53: 0 | CD53: R5Galunggong | CE53: 226.13 | CF53: 0 | CG53: 226.13 | CI53: 223.63 | CJ53: 0 | CK53: R5Tilapia | CL53: 164.83 | CM53: 0 | CN53: 162.33 | CP53: 164 | CQ53: 0 | CS53: R5Ampalaya | CT53: 126.3 | CU53: 0 | CV53: 120.5 | CX53: 119.2 | CY53: 0 | CZ53: R5Cabbage | DA53: 90.6 | DB53: 0 | DC53: 91.3 | DE53: 94 | DF53: 0 | DG53: R5Carrot | DH53: 118.1 | DI53: 0 | DJ53: 132.5 | DL53: 123.6 | DM53: 0 | DN53: R5Eggplant | DO53: 105.08 | DP53: 0 | DQ53: 102.17 | DS53: 105.25 | DT53: 0 | DU53: R5Baguio Beans | DV53: 153.83 | DW53: 0 | DX53: 150.5 | DZ53: 143.67 | EA53: 0 | EB53: R5Pechay, Native | EC53: 115.8 | ED53: 0 | EE53: 92.8 | EG53: 92.8 | EH53: 0 | EI53: R5String Beans | EJ53: 113.42 | EK53: 0 | EL53: 101 | EN53: 103.75 | EO53: 0 | EP53: R5Tomato | EQ53: 116.92 | ER53: 0 | ES53: 99.53 | EU53: 97.67 | EV53: 0 | EW53: R5White Potato | EX53: 136.75 | EY53: 0 | EZ53: 147.5 | FB53: 147.5 | FC53: 0 | FE53: R5Onion, Red | FF53: 144.6 | FG53: 0 | FH53: 142.1 | FJ53: 132.3 | FK53: 0 | FL53: R5Garlic, Native | FM53: 151.67 | FN53: 0 | FO53: 153.33 | FQ53: 153.33 | FR53: 0 | FS53: R5Garlic, Imported | FT53: 155 | FU53: 0 | FV53: 161.67 | FX53: 161.67 | FY53: 0 | FZ53: R5Ginger, Hawaiian | GA53: 125.34 | GB53: 0 | GC53: 145.34 | GE53: 147 | GF53: 0 | GH53: R5Banana, Lakatan | GI53: 106.1 | GJ53: 0 | GK53: 108.1 | GM53: 104.3 | GN53: 0 | GO53: R5Banana, Latundan | GP53: 66 | GQ53: 0 | GR53: 67 | GT53: 67 | GU53: 0 | GV53: R5Calamansi | GW53: 105.4 | GX53: 0 | GY53: 108.6 | HA53: 104.5 | HB53: 0 | HC53: R5Mango, Carabao | HD53: 187.1 | HE53: 0 | HF53: 186.6 | HH53: 182.1 | HI53: 0 | HJ53: R5Papaya | HK53: 59.6 | HL53: 0 | HM53: 61.8 | HO53: 60.15 | HP53: 0 | HR53: R5Cooking oil | HS53: 182.68 | HT53: 0 | HU53: 182.68 | HW53: 182.68 | HX53: 0 | HY53: R5Brown Sugar | HZ53: 81.8 | IA53: 0 | IB53: 81.58 | ID53: 81.3 | IE53: 0 | IF53: R5Refined Sugar | IG53: 92.6 | IH53: 0 | II53: 92.44 | IK53: 92.31 | IL53: 0
A54: 5 | B54: Albay | C54: 5Rice, Special | D54: 63.09 | E54: 0 | F54: 62.92 | H54: 63.67 | I54: 0 | J54: 5Rice, Well Milled | K54: 56.04 | L54: 0 | M54: 56.13 | O54: 59.05 | P54: 0 | Q54: 5Rice, Regular Milled | R54: 54.13 | S54: 0 | T54: 54.25 | V54: 57.18 | W54: 0 | Y54: 5Fresh Beef, Meat with Bones | Z54: 395 | AA54: 0 | AB54: 395 | AD54: 395 | AE54: 0 | AF54: 5Fresh Beef, Pure Meat | AG54: 474 | AH54: 0 | AI54: 474 | AK54: 474 | AL54: 0 | AM54: 5Fresh Pork, Kasim | AN54: 301 | AO54: 0 | AP54: 331 | AR54: 331 | AS54: 0 | AT54: 5Fresh Pork, Liempo | AU54: 349 | AV54: 0 | AW54: 379 | AY54: 379 | AZ54: 0 | BA54: 5Fresh Pork, Meat with Bones | BB54: 269.5 | BC54: 0 | BD54: 294.5 | BF54: 294.5 | BG54: 0 | BH54: 5Dressed Chicken | BI54: 0 | BJ54: 0 | BK54: 0 | BM54: 0 | BN54: 0 | BO54: 5Chicken egg, med. (piece) | BP54: 8.25 | BQ54: 0 | BR54: 8.13 | BT54: 8.13 | BU54: 0 | BW54: 5Bangus | BX54: 212.5 | BY54: 0 | BZ54: 197.5 | CB54: 219 | CC54: 0 | CD54: 5Galunggong | CE54: 245 | CF54: 0 | CG54: 225 | CI54: 205 | CJ54: 0 | CK54: 5Tilapia | CL54: 164.5 | CM54: 0 | CN54: 164.5 | CP54: 164.5 | CQ54: 0 | CS54: 5Ampalaya | CT54: 109 | CU54: 0 | CV54: 109 | CX54: 145 | CY54: 0 | CZ54: 5Cabbage | DA54: 64 | DB54: 0 | DC54: 64 | DE54: 82.5 | DF54: 0 | DG54: 5Carrot | DH54: 103 | DI54: 0 | DJ54: 139 | DL54: 121 | DM54: 0 | DN54: 5Eggplant | DO54: 99 | DP54: 0 | DQ54: 99 | DS54: 105 | DT54: 0 | DU54: 5Baguio Beans | DV54: 124 | DW54: 0 | DX54: 114 | DZ54: 140 | EA54: 0 | EB54: 5Pechay, Native | EC54: 0 | ED54: 0 | EE54: 0 | EG54: 0 | EH54: 0 | EI54: 5String Beans | EJ54: 100 | EK54: 0 | EL54: 110 | EN54: 120 | EO54: 0 | EP54: 5Tomato | EQ54: 110 | ER54: 0 | ES54: 100 | EU54: 90 | EV54: 0 | EW54: 5White Potato | EX54: 124 | EY54: 0 | EZ54: 134 | FB54: 144 | FC54: 0 | FE54: 5Onion, Red | FF54: 120 | FG54: 0 | FH54: 110 | FJ54: 104 | FK54: 0 | FL54: 5Garlic, Native | FM54: 0 | FN54: 0 | FO54: 0 | FQ54: 0 | FR54: 0 | FS54: 5Garlic, Imported | FT54: 0 | FU54: 0 | FV54: 0 | FX54: 0 | FY54: 0 | FZ54: 5Ginger, Hawaiian | GA54: 97.52 | GB54: 0 | GC54: 235 | GE54: 245 | GF54: 0 | GH54: 5Banana, Lakatan | GI54: 110 | GJ54: 0 | GK54: 110 | GM54: 90 | GN54: 0 | GO54: 5Banana, Latundan | GP54: 0 | GQ54: 0 | GR54: 0 | GT54: 0 | GU54: 0 | GV54: 5Calamansi | GW54: 114 | GX54: 0 | GY54: 114 | HA54: 115 | HB54: 0 | HC54: 5Mango, Carabao | HD54: 140 | HE54: 0 | HF54: 147.5 | HH54: 134.5 | HI54: 0 | HJ54: 5Papaya | HK54: 46.5 | HL54: 0 | HM54: 46.5 | HO54: 38.25 | HP54: 0 | HR54: 5Cooking oil | HS54: 191.12 | HT54: 0 | HU54: 191.12 | HW54: 191.12 | HX54: 0 | HY54: 5Brown Sugar | HZ54: 81 | IA54: 0 | IB54: 80.88 | ID54: 81 | IE54: 0 | IF54: 5Refined Sugar | IG54: 92 | IH54: 0 | II54: 92 | IK54: 92 | IL54: 0
A55: 16 | B55: Camarines Norte | C55: 16Rice, Special | D55: 64.8 | E55: 0 | F55: 64.95 | H55: 64.95 | I55: 0 | J55: 16Rice, Well Milled | K55: 58 | L55: 0 | M55: 58.13 | O55: 58.38 | P55: 0 | Q55: 16Rice, Regular Milled | R55: 52 | S55: 0 | T55: 52 | V55: 52 | W55: 0 | Y55: 16Fresh Beef, Meat with Bones | Z55: 317.5 | AA55: 0 | AB55: 317.5 | AD55: 317.5 | AE55: 0 | AF55: 16Fresh Beef, Pure Meat | AG55: 0 | AH55: 0 | AI55: 0 | AK55: 0 | AL55: 0 | AM55: 16Fresh Pork, Kasim | AN55: 324 | AO55: 0 | AP55: 325 | AR55: 330 | AS55: 0 | AT55: 16Fresh Pork, Liempo | AU55: 330 | AV55: 0 | AW55: 330 | AY55: 335 | AZ55: 0 | BA55: 16Fresh Pork, Meat with Bones | BB55: 282.5 | BC55: 0 | BD55: 278 | BF55: 280 | BG55: 0 | BH55: 16Dressed Chicken | BI55: 0 | BJ55: 0 | BK55: 0 | BM55: 0 | BN55: 0 | BO55: 16Chicken egg, med. (piece) | BP55: 9.13 | BQ55: 0 | BR55: 9.13 | BT55: 9.17 | BU55: 0 | BW55: 16Bangus | BX55: 200 | BY55: 0 | BZ55: 200 | CB55: 200 | CC55: 0 | CD55: 16Galunggong | CE55: 180 | CF55: 0 | CG55: 200 | CI55: 200 | CJ55: 0 | CK55: 16Tilapia | CL55: 140 | CM55: 0 | CN55: 150 | CP55: 150 | CQ55: 0 | CS55: 16Ampalaya | CT55: 105 | CU55: 0 | CV55: 106 | CX55: 106 | CY55: 0 | CZ55: 16Cabbage | DA55: 116.5 | DB55: 0 | DC55: 120 | DE55: 120 | DF55: 0 | DG55: 16Carrot | DH55: 0 | DI55: 0 | DJ55: 0 | DL55: 0 | DM55: 0 | DN55: 16Eggplant | DO55: 105 | DP55: 0 | DQ55: 105 | DS55: 105 | DT55: 0 | DU55: 16Baguio Beans | DV55: 155 | DW55: 0 | DX55: 155 | DZ55: 156 | EA55: 0 | EB55: 16Pechay, Native | EC55: 97.5 | ED55: 0 | EE55: 105 | EG55: 105 | EH55: 0 | EI55: 16String Beans | EJ55: 105.5 | EK55: 0 | EL55: 96 | EN55: 97.5 | EO55: 0 | EP55: 16Tomato | EQ55: 105 | ER55: 0 | ES55: 105 | EU55: 105 | EV55: 0 | EW55: 16White Potato | EX55: 157.5 | EY55: 0 | EZ55: 157.5 | FB55: 157.5 | FC55: 0 | FE55: 16Onion, Red | FF55: 153 | FG55: 0 | FH55: 168 | FJ55: 130 | FK55: 0 | FL55: 16Garlic, Native | FM55: 0 | FN55: 0 | FO55: 0 | FQ55: 0 | FR55: 0 | FS55: 16Garlic, Imported | FT55: 140 | FU55: 0 | FV55: 140 | FX55: 140 | FY55: 0 | FZ55: 16Ginger, Hawaiian | GA55: 105 | GB55: 0 | GC55: 105 | GE55: 105 | GF55: 0 | GH55: 16Banana, Lakatan | GI55: 105.5 | GJ55: 0 | GK55: 105.5 | GM55: 106.5 | GN55: 0 | GO55: 16Banana, Latundan | GP55: 52.5 | GQ55: 0 | GR55: 52.5 | GT55: 52.5 | GU55: 0 | GV55: 16Calamansi | GW55: 74 | GX55: 0 | GY55: 75 | HA55: 75 | HB55: 0 | HC55: 16Mango, Carabao | HD55: 165.5 | HE55: 0 | HF55: 165.5 | HH55: 166 | HI55: 0 | HJ55: 16Papaya | HK55: 0 | HL55: 0 | HM55: 0 | HO55: 0 | HP55: 0 | HR55: 16Cooking oil | HS55: 0 | HT55: 0 | HU55: 0 | HW55: 0 | HX55: 0 | HY55: 16Brown Sugar | HZ55: 75 | IA55: 0 | IB55: 76 | ID55: 76 | IE55: 0 | IF55: 16Refined Sugar | IG55: 93.65 | IH55: 0 | II55: 94 | IK55: 94 | IL55: 0
A56: 17 | B56: Camarines Sur | C56: 17Rice, Special | D56: 68.19 | E56: 0 | F56: 70.33 | H56: 71.41 | I56: 0 | J56: 17Rice, Well Milled | K56: 54.63 | L56: 0 | M56: 55.91 | O56: 56.16 | P56: 0 | Q56: 17Rice, Regular Milled | R56: 54.32 | S56: 0 | T56: 55.61 | V56: 55.86 | W56: 0 | Y56: 17Fresh Beef, Meat with Bones | Z56: 0 | AA56: 0 | AB56: 0 | AD56: 0 | AE56: 0 | AF56: 17Fresh Beef, Pure Meat | AG56: 552.5 | AH56: 0 | AI56: 552.5 | AK56: 552.5 | AL56: 0 | AM56: 17Fresh Pork, Kasim | AN56: 325 | AO56: 0 | AP56: 335 | AR56: 345 | AS56: 0 | AT56: 17Fresh Pork, Liempo | AU56: 372.5 | AV56: 0 | AW56: 382.5 | AY56: 392.5 | AZ56: 0 | BA56: 17Fresh Pork, Meat with Bones | BB56: 0 | BC56: 0 | BD56: 0 | BF56: 0 | BG56: 0 | BH56: 17Dressed Chicken | BI56: 0 | BJ56: 0 | BK56: 0 | BM56: 0 | BN56: 0 | BO56: 17Chicken egg, med. (piece) | BP56: 9.41 | BQ56: 0 | BR56: 9.41 | BT56: 10.24 | BU56: 0 | BW56: 17Bangus | BX56: 204.5 | BY56: 0 | BZ56: 234.5 | CB56: 234.5 | CC56: 0 | CD56: 17Galunggong | CE56: 299.5 | CF56: 0 | CG56: 299.5 | CI56: 299.5 | CJ56: 0 | CK56: 17Tilapia | CL56: 174.5 | CM56: 0 | CN56: 169.5 | CP56: 169.5 | CQ56: 0 | CS56: 17Ampalaya | CT56: 172.5 | CU56: 0 | CV56: 137.5 | CX56: 140 | CY56: 0 | CZ56: 17Cabbage | DA56: 0 | DB56: 0 | DC56: 0 | DE56: 0 | DF56: 0 | DG56: 17Carrot | DH56: 154 | DI56: 0 | DJ56: 145 | DL56: 128.5 | DM56: 0 | DN56: 17Eggplant | DO56: 125 | DP56: 0 | DQ56: 87.5 | DS56: 90 | DT56: 0 | DU56: 17Baguio Beans | DV56: 182.5 | DW56: 0 | DX56: 182.5 | DZ56: 135 | EA56: 0 | EB56: 17Pechay, Native | EC56: 197.5 | ED56: 0 | EE56: 110 | EG56: 110 | EH56: 0 | EI56: 17String Beans | EJ56: 180 | EK56: 0 | EL56: 140 | EN56: 145 | EO56: 0 | EP56: 17Tomato | EQ56: 117.5 | ER56: 0 | ES56: 112.5 | EU56: 102.5 | EV56: 0 | EW56: 17White Potato | EX56: 170 | EY56: 0 | EZ56: 180 | FB56: 180 | FC56: 0 | FE56: 17Onion, Red | FF56: 150 | FG56: 0 | FH56: 137.5 | FJ56: 137.5 | FK56: 0 | FL56: 17Garlic, Native | FM56: 0 | FN56: 0 | FO56: 0 | FQ56: 0 | FR56: 0 | FS56: 17Garlic, Imported | FT56: 175 | FU56: 0 | FV56: 195 | FX56: 195 | FY56: 0 | FZ56: 17Ginger, Hawaiian | GA56: 185 | GB56: 0 | GC56: 185 | GE56: 185 | GF56: 0 | GH56: 17Banana, Lakatan | GI56: 0 | GJ56: 0 | GK56: 0 | GM56: 0 | GN56: 0 | GO56: 17Banana, Latundan | GP56: 97.5 | GQ56: 0 | GR56: 95 | GT56: 95 | GU56: 0 | GV56: 17Calamansi | GW56: 124 | GX56: 0 | GY56: 144 | HA56: 122.5 | HB56: 0 | HC56: 17Mango, Carabao | HD56: 285 | HE56: 0 | HF56: 275 | HH56: 265 | HI56: 0 | HJ56: 17Papaya | HK56: 82.5 | HL56: 0 | HM56: 82.5 | HO56: 82.5 | HP56: 0 | HR56: 17Cooking oil | HS56: 174.23 | HT56: 0 | HU56: 174.23 | HW56: 174.23 | HX56: 0 | HY56: 17Brown Sugar | HZ56: 80 | IA56: 0 | IB56: 80 | ID56: 80 | IE56: 0 | IF56: 17Refined Sugar | IG56: 93.75 | IH56: 0 | II56: 93.75 | IK56: 93.75 | IL56: 0
A57: 20 | B57: Catanduanes | C57: 20Rice, Special | D57: 58.5 | E57: 0 | F57: 62.4 | H57: 60.88 | I57: 0 | J57: 20Rice, Well Milled | K57: 53.18 | L57: 0 | M57: 56.25 | O57: 57.5 | P57: 0 | Q57: 20Rice, Regular Milled | R57: 48.8 | S57: 0 | T57: 51.55 | V57: 53.25 | W57: 0 | Y57: 20Fresh Beef, Meat with Bones | Z57: 320 | AA57: 0 | AB57: 320 | AD57: 350 | AE57: 0 | AF57: 20Fresh Beef, Pure Meat | AG57: 0 | AH57: 0 | AI57: 0 | AK57: 0 | AL57: 0 | AM57: 20Fresh Pork, Kasim | AN57: 260 | AO57: 0 | AP57: 260 | AR57: 270 | AS57: 0 | AT57: 20Fresh Pork, Liempo | AU57: 280 | AV57: 0 | AW57: 272.5 | AY57: 277.5 | AZ57: 0 | BA57: 20Fresh Pork, Meat with Bones | BB57: 275 | BC57: 0 | BD57: 267.5 | BF57: 267.5 | BG57: 0 | BH57: 20Dressed Chicken | BI57: 0 | BJ57: 0 | BK57: 0 | BM57: 0 | BN57: 0 | BO57: 20Chicken egg, med. (piece) | BP57: 10.5 | BQ57: 0 | BR57: 10.5 | BT57: 10.5 | BU57: 0 | BW57: 20Bangus | BX57: 220 | BY57: 0 | BZ57: 210 | CB57: 210 | CC57: 0 | CD57: 20Galunggong | CE57: 0 | CF57: 0 | CG57: 0 | CI57: 0 | CJ57: 0 | CK57: 20Tilapia | CL57: 190 | CM57: 0 | CN57: 170 | CP57: 180 | CQ57: 0 | CS57: 20Ampalaya | CT57: 125 | CU57: 0 | CV57: 130 | CX57: 95 | CY57: 0 | CZ57: 20Cabbage | DA57: 65 | DB57: 0 | DC57: 65 | DE57: 60 | DF57: 0 | DG57: 20Carrot | DH57: 95 | DI57: 0 | DJ57: 110 | DL57: 110 | DM57: 0 | DN57: 20Eggplant | DO57: 80 | DP57: 0 | DQ57: 100 | DS57: 100 | DT57: 0 | DU57: 20Baguio Beans | DV57: 0 | DW57: 0 | DX57: 0 | DZ57: 0 | EA57: 0 | EB57: 20Pechay, Native | EC57: 120 | ED57: 0 | EE57: 85 | EG57: 85 | EH57: 0 | EI57: 20String Beans | EJ57: 95 | EK57: 0 | EL57: 100 | EN57: 100 | EO57: 0 | EP57: 20Tomato | EQ57: 105 | ER57: 0 | ES57: 66.18 | EU57: 85 | EV57: 0 | EW57: 20White Potato | EX57: 125 | EY57: 0 | EZ57: 125 | FB57: 125 | FC57: 0 | FE57: 20Onion, Red | FF57: 170 | FG57: 0 | FH57: 165 | FJ57: 170 | FK57: 0 | FL57: 20Garlic, Native | FM57: 145 | FN57: 0 | FO57: 150 | FQ57: 150 | FR57: 0 | FS57: 20Garlic, Imported | FT57: 150 | FU57: 0 | FV57: 150 | FX57: 150 | FY57: 0 | FZ57: 20Ginger, Hawaiian | GA57: 125 | GB57: 0 | GC57: 130 | GE57: 130 | GF57: 0 | GH57: 20Banana, Lakatan | GI57: 95 | GJ57: 0 | GK57: 95 | GM57: 95 | GN57: 0 | GO57: 20Banana, Latundan | GP57: 60 | GQ57: 0 | GR57: 67.5 | GT57: 67.5 | GU57: 0 | GV57: 20Calamansi | GW57: 110 | GX57: 0 | GY57: 110 | HA57: 110 | HB57: 0 | HC57: 20Mango, Carabao | HD57: 170 | HE57: 0 | HF57: 170 | HH57: 170 | HI57: 0 | HJ57: 20Papaya | HK57: 50 | HL57: 0 | HM57: 70 | HO57: 70 | HP57: 0 | HR57: 20Cooking oil | HS57: 0 | HT57: 0 | HU57: 0 | HW57: 0 | HX57: 0 | HY57: 20Brown Sugar | HZ57: 91 | IA57: 0 | IB57: 91 | ID57: 91 | IE57: 0 | IF57: 20Refined Sugar | IG57: 0 | IH57: 0 | II57: 0 | IK57: 0 | IL57: 0
A58: 41 | B58: Masbate | C58: 41Rice, Special | D58: 60.17 | E58: 0 | F58: 59 | H58: 59.67 | I58: 0 | J58: 41Rice, Well Milled | K58: 52.75 | L58: 0 | M58: 54.5 | O58: 55.75 | P58: 0 | Q58: 41Rice, Regular Milled | R58: 52.5 | S58: 0 | T58: 53 | V58: 53.25 | W58: 0 | Y58: 41Fresh Beef, Meat with Bones | Z58: 332.5 | AA58: 0 | AB58: 332.5 | AD58: 322.5 | AE58: 0 | AF58: 41Fresh Beef, Pure Meat | AG58: 425 | AH58: 0 | AI58: 425 | AK58: 435 | AL58: 0 | AM58: 41Fresh Pork, Kasim | AN58: 300 | AO58: 0 | AP58: 300 | AR58: 300 | AS58: 0 | AT58: 41Fresh Pork, Liempo | AU58: 300 | AV58: 0 | AW58: 300 | AY58: 300 | AZ58: 0 | BA58: 41Fresh Pork, Meat with Bones | BB58: 295 | BC58: 0 | BD58: 300 | BF58: 300 | BG58: 0 | BH58: 41Dressed Chicken | BI58: 0 | BJ58: 0 | BK58: 0 | BM58: 0 | BN58: 0 | BO58: 41Chicken egg, med. (piece) | BP58: 8.75 | BQ58: 0 | BR58: 9 | BT58: 9.25 | BU58: 0 | BW58: 41Bangus | BX58: 200 | BY58: 0 | BZ58: 220 | CB58: 210 | CC58: 0 | CD58: 41Galunggong | CE58: 180 | CF58: 0 | CG58: 180 | CI58: 190 | CJ58: 0 | CK58: 41Tilapia | CL58: 160 | CM58: 0 | CN58: 160 | CP58: 160 | CQ58: 0 | CS58: 41Ampalaya | CT58: 120 | CU58: 0 | CV58: 120 | CX58: 110 | CY58: 0 | CZ58: 41Cabbage | DA58: 110 | DB58: 0 | DC58: 110 | DE58: 110 | DF58: 0 | DG58: 41Carrot | DH58: 120 | DI58: 0 | DJ58: 130 | DL58: 120 | DM58: 0 | DN58: 41Eggplant | DO58: 90 | DP58: 0 | DQ58: 100 | DS58: 110 | DT58: 0 | DU58: 41Baguio Beans | DV58: 0 | DW58: 0 | DX58: 0 | DZ58: 0 | EA58: 0 | EB58: 41Pechay, Native | EC58: 50 | ED58: 0 | EE58: 50 | EG58: 50 | EH58: 0 | EI58: 41String Beans | EJ58: 100 | EK58: 0 | EL58: 70 | EN58: 70 | EO58: 0 | EP58: 41Tomato | EQ58: 120 | ER58: 0 | ES58: 95 | EU58: 85 | EV58: 0 | EW58: 41White Potato | EX58: 110 | EY58: 0 | EZ58: 150 | FB58: 140 | FC58: 0 | FE58: 41Onion, Red | FF58: 130 | FG58: 0 | FH58: 130 | FJ58: 120 | FK58: 0 | FL58: 41Garlic, Native | FM58: 140 | FN58: 0 | FO58: 140 | FQ58: 140 | FR58: 0 | FS58: 41Garlic, Imported | FT58: 0 | FU58: 0 | FV58: 0 | FX58: 0 | FY58: 0 | FZ58: 41Ginger, Hawaiian | GA58: 100 | GB58: 0 | GC58: 77.5 | GE58: 77.5 | GF58: 0 | GH58: 41Banana, Lakatan | GI58: 110 | GJ58: 0 | GK58: 110 | GM58: 110 | GN58: 0 | GO58: 41Banana, Latundan | GP58: 60 | GQ58: 0 | GR58: 60 | GT58: 60 | GU58: 0 | GV58: 41Calamansi | GW58: 105 | GX58: 0 | GY58: 100 | HA58: 100 | HB58: 0 | HC58: 41Mango, Carabao | HD58: 175 | HE58: 0 | HF58: 175 | HH58: 175 | HI58: 0 | HJ58: 41Papaya | HK58: 60 | HL58: 0 | HM58: 55 | HO58: 55 | HP58: 0 | HR58: 41Cooking oil | HS58: 0 | HT58: 0 | HU58: 0 | HW58: 0 | HX58: 0 | HY58: 41Brown Sugar | HZ58: 82 | IA58: 0 | IB58: 80 | ID58: 78.5 | IE58: 0 | IF58: 41Refined Sugar | IG58: 91 | IH58: 0 | II58: 90 | IK58: 89.5 | IL58: 0
A59: 62 | B59: Sorsogon | C59: 62Rice, Special | D59: 60.51 | E59: 0 | F59: 61.38 | H59: 61.38 | I59: 0 | J59: 62Rice, Well Milled | K59: 57.4 | L59: 0 | M59: 58.5 | O59: 58 | P59: 0 | Q59: 62Rice, Regular Milled | R59: 54.5 | S59: 0 | T59: 55.75 | V59: 55.75 | W59: 0 | Y59: 62Fresh Beef, Meat with Bones | Z59: 286.5 | AA59: 0 | AB59: 342.5 | AD59: 342.5 | AE59: 0 | AF59: 62Fresh Beef, Pure Meat | AG59: 401.5 | AH59: 0 | AI59: 401.5 | AK59: 401.5 | AL59: 0 | AM59: 62Fresh Pork, Kasim | AN59: 278 | AO59: 0 | AP59: 263 | AR59: 263 | AS59: 0 | AT59: 62Fresh Pork, Liempo | AU59: 310 | AV59: 0 | AW59: 295 | AY59: 295 | AZ59: 0 | BA59: 62Fresh Pork, Meat with Bones | BB59: 213 | BC59: 0 | BD59: 198 | BF59: 198 | BG59: 0 | BH59: 62Dressed Chicken | BI59: 199 | BJ59: 0 | BK59: 199 | BM59: 199 | BN59: 0 | BO59: 62Chicken egg, med. (piece) | BP59: 8.79 | BQ59: 0 | BR59: 8.79 | BT59: 8.79 | BU59: 0 | BW59: 62Bangus | BX59: 0 | BY59: 0 | BZ59: 0 | CB59: 0 | CC59: 0 | CD59: 62Galunggong | CE59: 0 | CF59: 0 | CG59: 0 | CI59: 0 | CJ59: 0 | CK59: 62Tilapia | CL59: 160 | CM59: 0 | CN59: 160 | CP59: 160 | CQ59: 0 | CS59: 62Ampalaya | CT59: 0 | CU59: 0 | CV59: 0 | CX59: 0 | CY59: 0 | CZ59: 62Cabbage | DA59: 97.5 | DB59: 0 | DC59: 97.5 | DE59: 97.5 | DF59: 0 | DG59: 62Carrot | DH59: 118.5 | DI59: 0 | DJ59: 138.5 | DL59: 138.5 | DM59: 0 | DN59: 62Eggplant | DO59: 131.5 | DP59: 0 | DQ59: 121.5 | DS59: 121.5 | DT59: 0 | DU59: 62Baguio Beans | DV59: 0 | DW59: 0 | DX59: 0 | DZ59: 0 | EA59: 0 | EB59: 62Pechay, Native | EC59: 114 | ED59: 0 | EE59: 114 | EG59: 114 | EH59: 0 | EI59: 62String Beans | EJ59: 100 | EK59: 0 | EL59: 90 | EN59: 90 | EO59: 0 | EP59: 62Tomato | EQ59: 144 | ER59: 0 | ES59: 118.5 | EU59: 118.5 | EV59: 0 | EW59: 62White Potato | EX59: 134 | EY59: 0 | EZ59: 138.5 | FB59: 138.5 | FC59: 0 | FE59: 62Onion, Red | FF59: 0 | FG59: 0 | FH59: 0 | FJ59: 0 | FK59: 0 | FL59: 62Garlic, Native | FM59: 170 | FN59: 0 | FO59: 170 | FQ59: 170 | FR59: 0 | FS59: 62Garlic, Imported | FT59: 0 | FU59: 0 | FV59: 0 | FX59: 0 | FY59: 0 | FZ59: 62Ginger, Hawaiian | GA59: 139.52 | GB59: 0 | GC59: 139.52 | GE59: 139.52 | GF59: 0 | GH59: 62Banana, Lakatan | GI59: 110 | GJ59: 0 | GK59: 120 | GM59: 120 | GN59: 0 | GO59: 62Banana, Latundan | GP59: 60 | GQ59: 0 | GR59: 60 | GT59: 60 | GU59: 0 | GV59: 62Calamansi | GW59: 0 | GX59: 0 | GY59: 0 | HA59: 0 | HB59: 0 | HC59: 62Mango, Carabao | HD59: 0 | HE59: 0 | HF59: 0 | HH59: 0 | HI59: 0 | HJ59: 62Papaya | HK59: 59 | HL59: 0 | HM59: 55 | HO59: 55 | HP59: 0 | HR59: 62Cooking oil | HS59: 0 | HT59: 0 | HU59: 0 | HW59: 0 | HX59: 0 | HY59: 62Brown Sugar | HZ59: 0 | IA59: 0 | IB59: 0 | ID59: 0 | IE59: 0 | IF59: 62Refined Sugar | IG59: 0 | IH59: 0 | II59: 0 | IK59: 0 | IL59: 0
A60: R6 | B60: VI - Western Visayas | C60: R6Rice, Special | D60: 67.02 | E60: 0 | F60: 67.98 | H60: 67.69 | I60: 0 | J60: R6Rice, Well Milled | K60: 56.4 | L60: 0 | M60: 58.41 | O60: 58.56 | P60: 0 | Q60: R6Rice, Regular Milled | R60: 46.09 | S60: 0 | T60: 46.88 | V60: 46.8 | W60: 0 | Y60: R6Fresh Beef, Meat with Bones | Z60: 375.06 | AA60: 0 | AB60: 381.52 | AD60: 382.36 | AE60: 0 | AF60: R6Fresh Beef, Pure Meat | AG60: 412 | AH60: 0 | AI60: 413.95 | AK60: 413.39 | AL60: 0 | AM60: R6Fresh Pork, Kasim | AN60: 349.48 | AO60: 0 | AP60: 365.94 | AR60: 367.81 | AS60: 0 | AT60: R6Fresh Pork, Liempo | AU60: 379.52 | AV60: 0 | AW60: 394.6 | AY60: 397.02 | AZ60: 0 | BA60: R6Fresh Pork, Meat with Bones | BB60: 342.73 | BC60: 0 | BD60: 358.15 | BF60: 358.35 | BG60: 0 | BH60: R6Dressed Chicken | BI60: 189.93 | BJ60: 0 | BK60: 187.14 | BM60: 187.5 | BN60: 0 | BO60: R6Chicken egg, med. (piece) | BP60: 8.98 | BQ60: 0 | BR60: 8.89 | BT60: 8.94 | BU60: 0 | BW60: R6Bangus | BX60: 219.48 | BY60: 0 | BZ60: 221.98 | CB60: 222.6 | CC60: 0 | CD60: R6Galunggong | CE60: 246.25 | CF60: 0 | CG60: 248.75 | CI60: 250.21 | CJ60: 0 | CK60: R6Tilapia | CL60: 177.83 | CM60: 0 | CN60: 177.83 | CP60: 184.29 | CQ60: 0 | CS60: R6Ampalaya | CT60: 112.94 | CU60: 0 | CV60: 109.46 | CX60: 115.38 | CY60: 0 | CZ60: R6Cabbage | DA60: 89.6 | DB60: 0 | DC60: 83.11 | DE60: 85.61 | DF60: 0 | DG60: R6Carrot | DH60: 146.13 | DI60: 0 | DJ60: 155.96 | DL60: 153.67 | DM60: 0 | DN60: R6Eggplant | DO60: 104.67 | DP60: 0 | DQ60: 95.6 | DS60: 97.75 | DT60: 0 | DU60: R6Baguio Beans | DV60: 125.34 | DW60: 0 | DX60: 131.58 | DZ60: 135.96 | EA60: 0 | EB60: R6Pechay, Native | EC60: 113.2 | ED60: 0 | EE60: 108.89 | EG60: 111.01 | EH60: 0 | EI60: R6String Beans | EJ60: 90.56 | EK60: 0 | EL60: 87.22 | EN60: 87.22 | EO60: 0 | EP60: R6Tomato | EQ60: 118.19 | ER60: 0 | ES60: 102.86 | EU60: 98.69 | EV60: 0 | EW60: R6White Potato | EX60: 164.46 | EY60: 0 | EZ60: 165.25 | FB60: 164.1 | FC60: 0 | FE60: R6Onion, Red | FF60: 168.67 | FG60: 0 | FH60: 149.61 | FJ60: 150.44 | FK60: 0 | FL60: R6Garlic, Native | FM60: 151.57 | FN60: 0 | FO60: 149.33 | FQ60: 149 | FR60: 0 | FS60: R6Garlic, Imported | FT60: 173.62 | FU60: 0 | FV60: 173.73 | FX60: 173.73 | FY60: 0 | FZ60: R6Ginger, Hawaiian | GA60: 124.42 | GB60: 0 | GC60: 122.75 | GE60: 115.77 | GF60: 0 | GH60: R6Banana, Lakatan | GI60: 99.5 | GJ60: 0 | GK60: 100.83 | GM60: 104.33 | GN60: 0 | GO60: R6Banana, Latundan | GP60: 67.33 | GQ60: 0 | GR60: 66.71 | GT60: 67.33 | GU60: 0 | GV60: R6Calamansi | GW60: 80.04 | GX60: 0 | GY60: 80.19 | HA60: 84.71 | HB60: 0 | HC60: R6Mango, Carabao | HD60: 217.27 | HE60: 0 | HF60: 215.6 | HH60: 209.6 | HI60: 0 | HJ60: R6Papaya | HK60: 62.11 | HL60: 0 | HM60: 62.11 | HO60: 61.17 | HP60: 0 | HR60: R6Cooking oil | HS60: 171.54 | HT60: 0 | HU60: 174.51 | HW60: 174.51 | HX60: 0 | HY60: R6Brown Sugar | HZ60: 77.18 | IA60: 0 | IB60: 75.89 | ID60: 75.83 | IE60: 0 | IF60: R6Refined Sugar | IG60: 88.5 | IH60: 0 | II60: 88 | IK60: 88 | IL60: 0
A61: 4 | B61: Aklan | C61: 4Rice, Special | D61: 71.31 | E61: 0 | F61: 69.88 | H61: 67.62 | I61: 0 | J61: 4Rice, Well Milled | K61: 62 | L61: 0 | M61: 63.5 | O61: 63.5 | P61: 0 | Q61: 4Rice, Regular Milled | R61: 44.5 | S61: 0 | T61: 47.5 | V61: 47 | W61: 0 | Y61: 4Fresh Beef, Meat with Bones | Z61: 322 | AA61: 0 | AB61: 322 | AD61: 322 | AE61: 0 | AF61: 4Fresh Beef, Pure Meat | AG61: 395 | AH61: 0 | AI61: 395 | AK61: 395 | AL61: 0 | AM61: 4Fresh Pork, Kasim | AN61: 286 | AO61: 0 | AP61: 306 | AR61: 316 | AS61: 0 | AT61: 4Fresh Pork, Liempo | AU61: 355 | AV61: 0 | AW61: 375 | AY61: 385 | AZ61: 0 | BA61: 4Fresh Pork, Meat with Bones | BB61: 259.5 | BC61: 0 | BD61: 274.5 | BF61: 274.5 | BG61: 0 | BH61: 4Dressed Chicken | BI61: 0 | BJ61: 0 | BK61: 0 | BM61: 0 | BN61: 0 | BO61: 4Chicken egg, med. (piece) | BP61: 8.5 | BQ61: 0 | BR61: 8.5 | BT61: 8.5 | BU61: 0 | BW61: 4Bangus | BX61: 180 | BY61: 0 | BZ61: 180 | CB61: 180 | CC61: 0 | CD61: 4Galunggong | CE61: 160 | CF61: 0 | CG61: 180 | CI61: 220 | CJ61: 0 | CK61: 4Tilapia | CL61: 100 | CM61: 0 | CN61: 100 | CP61: 140 | CQ61: 0 | CS61: 4Ampalaya | CT61: 70 | CU61: 0 | CV61: 80 | CX61: 80 | CY61: 0 | CZ61: 4Cabbage | DA61: 47.5 | DB61: 0 | DC61: 45 | DE61: 30 | DF61: 0 | DG61: 4Carrot | DH61: 90 | DI61: 0 | DJ61: 120 | DL61: 100 | DM61: 0 | DN61: 4Eggplant | DO61: 100 | DP61: 0 | DQ61: 80 | DS61: 80 | DT61: 0 | DU61: 4Baguio Beans | DV61: 0 | DW61: 0 | DX61: 0 | DZ61: 0 | EA61: 0 | EB61: 4Pechay, Native | EC61: 70 | ED61: 0 | EE61: 60 | EG61: 70 | EH61: 0 | EI61: 4String Beans | EJ61: 90 | EK61: 0 | EL61: 50 | EN61: 50 | EO61: 0 | EP61: 4Tomato | EQ61: 100 | ER61: 0 | ES61: 80 | EU61: 50 | EV61: 0 | EW61: 4White Potato | EX61: 120 | EY61: 0 | EZ61: 120 | FB61: 100 | FC61: 0 | FE61: 4Onion, Red | FF61: 100 | FG61: 0 | FH61: 80 | FJ61: 100 | FK61: 0 | FL61: 4Garlic, Native | FM61: 140 | FN61: 0 | FO61: 140 | FQ61: 140 | FR61: 0 | FS61: 4Garlic, Imported | FT61: 0 | FU61: 0 | FV61: 0 | FX61: 0 | FY61: 0 | FZ61: 4Ginger, Hawaiian | GA61: 80 | GB61: 0 | GC61: 80 | GE61: 80 | GF61: 0 | GH61: 4Banana, Lakatan | GI61: 100 | GJ61: 0 | GK61: 100 | GM61: 100 | GN61: 0 | GO61: 4Banana, Latundan | GP61: 0 | GQ61: 0 | GR61: 0 | GT61: 0 | GU61: 0 | GV61: 4Calamansi | GW61: 80 | GX61: 0 | GY61: 80 | HA61: 100 | HB61: 0 | HC61: 4Mango, Carabao | HD61: 0 | HE61: 0 | HF61: 0 | HH61: 0 | HI61: 0 | HJ61: 4Papaya | HK61: 80 | HL61: 0 | HM61: 80 | HO61: 80 | HP61: 0 | HR61: 4Cooking oil | HS61: 0 | HT61: 0 | HU61: 0 | HW61: 0 | HX61: 0 | HY61: 4Brown Sugar | HZ61: 79.5 | IA61: 0 | IB61: 73 | ID61: 73 | IE61: 0 | IF61: 4Refined Sugar | IG61: 0 | IH61: 0 | II61: 0 | IK61: 0 | IL61: 0
A62: 6 | B62: Antique | C62: 6Rice, Special | D62: 73.47 | E62: 0 | F62: 76.3 | H62: 74.05 | I62: 0 | J62: 6Rice, Well Milled | K62: 56 | L62: 0 | M62: 59 | O62: 58 | P62: 0 | Q62: 6Rice, Regular Milled | R62: 52 | S62: 0 | T62: 55 | V62: 52 | W62: 0 | Y62: 6Fresh Beef, Meat with Bones | Z62: 420 | AA62: 0 | AB62: 450 | AD62: 450 | AE62: 0 | AF62: 6Fresh Beef, Pure Meat | AG62: 450 | AH62: 0 | AI62: 460 | AK62: 460 | AL62: 0 | AM62: 6Fresh Pork, Kasim | AN62: 385 | AO62: 0 | AP62: 410 | AR62: 410 | AS62: 0 | AT62: 6Fresh Pork, Liempo | AU62: 395 | AV62: 0 | AW62: 425 | AY62: 425 | AZ62: 0 | BA62: 6Fresh Pork, Meat with Bones | BB62: 350 | BC62: 0 | BD62: 375 | BF62: 375 | BG62: 0 | BH62: 6Dressed Chicken | BI62: 204 | BJ62: 0 | BK62: 204 | BM62: 204 | BN62: 0 | BO62: 6Chicken egg, med. (piece) | BP62: 0 | BQ62: 0 | BR62: 0 | BT62: 0 | BU62: 0 | BW62: 6Bangus | BX62: 200 | BY62: 0 | BZ62: 220 | CB62: 220 | CC62: 0 | CD62: 6Galunggong | CE62: 400 | CF62: 0 | CG62: 400 | CI62: 360 | CJ62: 0 | CK62: 6Tilapia | CL62: 180 | CM62: 0 | CN62: 180 | CP62: 180 | CQ62: 0 | CS62: 6Ampalaya | CT62: 135 | CU62: 0 | CV62: 130 | CX62: 140 | CY62: 0 | CZ62: 6Cabbage | DA62: 137 | DB62: 0 | DC62: 127 | DE62: 137 | DF62: 0 | DG62: 6Carrot | DH62: 212 | DI62: 0 | DJ62: 232 | DL62: 212 | DM62: 0 | DN62: 6Eggplant | DO62: 120 | DP62: 0 | DQ62: 115 | DS62: 120 | DT62: 0 | DU62: 6Baguio Beans | DV62: 0 | DW62: 0 | DX62: 0 | DZ62: 0 | EA62: 0 | EB62: 6Pechay, Native | EC62: 160 | ED62: 0 | EE62: 160 | EG62: 160 | EH62: 0 | EI62: 6String Beans | EJ62: 66.67 | EK62: 0 | EL62: 50 | EN62: 50 | EO62: 0 | EP62: 6Tomato | EQ62: 140 | ER62: 0 | ES62: 125 | EU62: 125 | EV62: 0 | EW62: 6White Potato | EX62: 210 | EY62: 0 | EZ62: 215 | FB62: 215 | FC62: 0 | FE62: 6Onion, Red | FF62: 203 | FG62: 0 | FH62: 203 | FJ62: 193 | FK62: 0 | FL62: 6Garlic, Native | FM62: 0 | FN62: 0 | FO62: 0 | FQ62: 0 | FR62: 0 | FS62: 6Garlic, Imported | FT62: 192.52 | FU62: 0 | FV62: 192.52 | FX62: 192.52 | FY62: 0 | FZ62: 6Ginger, Hawaiian | GA62: 192.52 | GB62: 0 | GC62: 200 | GE62: 135 | GF62: 0 | GH62: 6Banana, Lakatan | GI62: 112.5 | GJ62: 0 | GK62: 112.5 | GM62: 112.5 | GN62: 0 | GO62: 6Banana, Latundan | GP62: 0 | GQ62: 0 | GR62: 0 | GT62: 0 | GU62: 0 | GV62: 6Calamansi | GW62: 110 | GX62: 0 | GY62: 110 | HA62: 105 | HB62: 0 | HC62: 6Mango, Carabao | HD62: 228 | HE62: 0 | HF62: 228 | HH62: 223 | HI62: 0 | HJ62: 6Papaya | HK62: 0 | HL62: 0 | HM62: 0 | HO62: 0 | HP62: 0 | HR62: 6Cooking oil | HS62: 110.67 | HT62: 0 | HU62: 110.67 | HW62: 110.67 | HX62: 0 | HY62: 6Brown Sugar | HZ62: 78.5 | IA62: 0 | IB62: 78.5 | ID62: 78.5 | IE62: 0 | IF62: 6Refined Sugar | IG62: 0 | IH62: 0 | II62: 0 | IK62: 0 | IL62: 0
A63: 19 | B63: Capiz | C63: 19Rice, Special | D63: 61.75 | E63: 0 | F63: 61.75 | H63: 62 | I63: 0 | J63: 19Rice, Well Milled | K63: 45.5 | L63: 0 | M63: 45.75 | O63: 46 | P63: 0 | Q63: 19Rice, Regular Milled | R63: 42 | S63: 0 | T63: 42.5 | V63: 43.67 | W63: 0 | Y63: 19Fresh Beef, Meat with Bones | Z63: 410 | AA63: 0 | AB63: 410 | AD63: 410 | AE63: 0 | AF63: 19Fresh Beef, Pure Meat | AG63: 460 | AH63: 0 | AI63: 460 | AK63: 460 | AL63: 0 | AM63: 19Fresh Pork, Kasim | AN63: 402.5 | AO63: 0 | AP63: 412.5 | AR63: 412.5 | AS63: 0 | AT63: 19Fresh Pork, Liempo | AU63: 404.5 | AV63: 0 | AW63: 414.5 | AY63: 414.5 | AZ63: 0 | BA63: 19Fresh Pork, Meat with Bones | BB63: 394.5 | BC63: 0 | BD63: 404.5 | BF63: 404.5 | BG63: 0 | BH63: 19Dressed Chicken | BI63: 190 | BJ63: 0 | BK63: 182.5 | BM63: 182.5 | BN63: 0 | BO63: 19Chicken egg, med. (piece) | BP63: 8.55 | BQ63: 0 | BR63: 8.55 | BT63: 8.55 | BU63: 0 | BW63: 19Bangus | BX63: 220 | BY63: 0 | BZ63: 220 | CB63: 220 | CC63: 0 | CD63: 19Galunggong | CE63: 240 | CF63: 0 | CG63: 230 | CI63: 230 | CJ63: 0 | CK63: 19Tilapia | CL63: 180 | CM63: 0 | CN63: 170 | CP63: 165 | CQ63: 0 | CS63: 19Ampalaya | CT63: 120 | CU63: 0 | CV63: 130 | CX63: 125 | CY63: 0 | CZ63: 19Cabbage | DA63: 140 | DB63: 0 | DC63: 115 | DE63: 120 | DF63: 0 | DG63: 19Carrot | DH63: 170 | DI63: 0 | DJ63: 190 | DL63: 200 | DM63: 0 | DN63: 19Eggplant | DO63: 120 | DP63: 0 | DQ63: 120 | DS63: 120 | DT63: 0 | DU63: 19Baguio Beans | DV63: 0 | DW63: 0 | DX63: 0 | DZ63: 0 | EA63: 0 | EB63: 19Pechay, Native | EC63: 180 | ED63: 0 | EE63: 170 | EG63: 170 | EH63: 0 | EI63: 19String Beans | EJ63: 100 | EK63: 0 | EL63: 100 | EN63: 100 | EO63: 0 | EP63: 19Tomato | EQ63: 135 | ER63: 0 | ES63: 130 | EU63: 130 | EV63: 0 | EW63: 19White Potato | EX63: 190 | EY63: 0 | EZ63: 190 | FB63: 195 | FC63: 0 | FE63: 19Onion, Red | FF63: 190 | FG63: 0 | FH63: 170 | FJ63: 165 | FK63: 0 | FL63: 19Garlic, Native | FM63: 155 | FN63: 0 | FO63: 165 | FQ63: 165 | FR63: 0 | FS63: 19Garlic, Imported | FT63: 0 | FU63: 0 | FV63: 0 | FX63: 0 | FY63: 0 | FZ63: 19Ginger, Hawaiian | GA63: 132.5 | GB63: 0 | GC63: 142.5 | GE63: 142.5 | GF63: 0 | GH63: 19Banana, Lakatan | GI63: 0 | GJ63: 0 | GK63: 0 | GM63: 0 | GN63: 0 | GO63: 19Banana, Latundan | GP63: 85 | GQ63: 0 | GR63: 85 | GT63: 85 | GU63: 0 | GV63: 19Calamansi | GW63: 90 | GX63: 0 | GY63: 90 | HA63: 90 | HB63: 0 | HC63: 19Mango, Carabao | HD63: 210 | HE63: 0 | HF63: 200 | HH63: 205 | HI63: 0 | HJ63: 19Papaya | HK63: 70 | HL63: 0 | HM63: 70 | HO63: 62.5 | HP63: 0 | HR63: 19Cooking oil | HS63: 246.39 | HT63: 0 | HU63: 246.39 | HW63: 246.39 | HX63: 0 | HY63: 19Brown Sugar | HZ63: 77 | IA63: 0 | IB63: 77 | ID63: 77 | IE63: 0 | IF63: 19Refined Sugar | IG63: 0 | IH63: 0 | II63: 0 | IK63: 0 | IL63: 0
A64: 79 | B64: Guimaras | C64: 79Rice, Special | D64: 60.5 | E64: 0 | F64: 60.33 | H64: 60.84 | I64: 0 | J64: 79Rice, Well Milled | K64: 55.5 | L64: 0 | M64: 55 | O64: 56 | P64: 0 | Q64: 79Rice, Regular Milled | R64: 52 | S64: 0 | T64: 52.5 | V64: 52.5 | W64: 0 | Y64: 79Fresh Beef, Meat with Bones | Z64: 310 | AA64: 0 | AB64: 310 | AD64: 310 | AE64: 0 | AF64: 79Fresh Beef, Pure Meat | AG64: 335 | AH64: 0 | AI64: 335 | AK64: 335 | AL64: 0 | AM64: 79Fresh Pork, Kasim | AN64: 375 | AO64: 0 | AP64: 400 | AR64: 400 | AS64: 0 | AT64: 79Fresh Pork, Liempo | AU64: 370 | AV64: 0 | AW64: 390 | AY64: 390 | AZ64: 0 | BA64: 79Fresh Pork, Meat with Bones | BB64: 360 | BC64: 0 | BD64: 380 | BF64: 380 | BG64: 0 | BH64: 79Dressed Chicken | BI64: 190 | BJ64: 0 | BK64: 190 | BM64: 190 | BN64: 0 | BO64: 79Chicken egg, med. (piece) | BP64: 8.5 | BQ64: 0 | BR64: 8.5 | BT64: 8.5 | BU64: 0 | BW64: 79Bangus | BX64: 200 | BY64: 0 | BZ64: 200 | CB64: 205 | CC64: 0 | CD64: 79Galunggong | CE64: 200 | CF64: 0 | CG64: 200 | CI64: 200 | CJ64: 0 | CK64: 79Tilapia | CL64: 190 | CM64: 0 | CN64: 200 | CP64: 190 | CQ64: 0 | CS64: 79Ampalaya | CT64: 65 | CU64: 0 | CV64: 60 | CX64: 60 | CY64: 0 | CZ64: 79Cabbage | DA64: 70 | DB64: 0 | DC64: 75 | DE64: 80 | DF64: 0 | DG64: 79Carrot | DH64: 95 | DI64: 0 | DJ64: 110 | DL64: 120 | DM64: 0 | DN64: 79Eggplant | DO64: 70 | DP64: 0 | DQ64: 72.5 | DS64: 75 | DT64: 0 | DU64: 79Baguio Beans | DV64: 80 | DW64: 0 | DX64: 70 | DZ64: 80 | EA64: 0 | EB64: 79Pechay, Native | EC64: 72.5 | ED64: 0 | EE64: 72.5 | EG64: 80 | EH64: 0 | EI64: 79String Beans | EJ64: 65 | EK64: 0 | EL64: 70 | EN64: 70 | EO64: 0 | EP64: 79Tomato | EQ64: 100 | ER64: 0 | ES64: 85 | EU64: 95 | EV64: 0 | EW64: 79White Potato | EX64: 120 | EY64: 0 | EZ64: 120 | FB64: 120 | FC64: 0 | FE64: 79Onion, Red | FF64: 105 | FG64: 0 | FH64: 85 | FJ64: 85 | FK64: 0 | FL64: 79Garlic, Native | FM64: 140 | FN64: 0 | FO64: 130 | FQ64: 120 | FR64: 0 | FS64: 79Garlic, Imported | FT64: 0 | FU64: 0 | FV64: 0 | FX64: 0 | FY64: 0 | FZ64: 79Ginger, Hawaiian | GA64: 100 | GB64: 0 | GC64: 100 | GE64: 100 | GF64: 0 | GH64: 79Banana, Lakatan | GI64: 87.5 | GJ64: 0 | GK64: 95 | GM64: 105 | GN64: 0 | GO64: 79Banana, Latundan | GP64: 55 | GQ64: 0 | GR64: 57.5 | GT64: 60 | GU64: 0 | GV64: 79Calamansi | GW64: 65 | GX64: 0 | GY64: 75 | HA64: 70 | HB64: 0 | HC64: 79Mango, Carabao | HD64: 280 | HE64: 0 | HF64: 280 | HH64: 250 | HI64: 0 | HJ64: 79Papaya | HK64: 0 | HL64: 0 | HM64: 0 | HO64: 0 | HP64: 0 | HR64: 79Cooking oil | HS64: 0 | HT64: 0 | HU64: 0 | HW64: 0 | HX64: 0 | HY64: 79Brown Sugar | HZ64: 67 | IA64: 0 | IB64: 67 | ID64: 67 | IE64: 0 | IF64: 79Refined Sugar | IG64: 76.5 | IH64: 0 | II64: 76.5 | IK64: 76.5 | IL64: 0
A65: 30 | B65: Iloilo | C65: 30Rice, Special | D65: 69.34 | E65: 0 | F65: 67.57 | H65: 68.15 | I65: 0 | J65: 30Rice, Well Milled | K65: 58.9 | L65: 0 | M65: 60.95 | O65: 61.38 | P65: 0 | Q65: 30Rice, Regular Milled | R65: 35.5 | S65: 0 | T65: 35.5 | V65: 35.5 | W65: 0 | Y65: 30Fresh Beef, Meat with Bones | Z65: 392 | AA65: 0 | AB65: 386 | AD65: 386 | AE65: 0 | AF65: 30Fresh Beef, Pure Meat | AG65: 0 | AH65: 0 | AI65: 0 | AK65: 0 | AL65: 0 | AM65: 30Fresh Pork, Kasim | AN65: 308 | AO65: 0 | AP65: 318 | AR65: 318 | AS65: 0 | AT65: 30Fresh Pork, Liempo | AU65: 374.5 | AV65: 0 | AW65: 379.5 | AY65: 379.5 | AZ65: 0 | BA65: 30Fresh Pork, Meat with Bones | BB65: 293 | BC65: 0 | BD65: 303 | BF65: 303 | BG65: 0 | BH65: 30Dressed Chicken | BI65: 171 | BJ65: 0 | BK65: 171 | BM65: 171 | BN65: 0 | BO65: 30Chicken egg, med. (piece) | BP65: 8.96 | BQ65: 0 | BR65: 8.71 | BT65: 8.7 | BU65: 0 | BW65: 30Bangus | BX65: 230 | BY65: 0 | BZ65: 230 | CB65: 230 | CC65: 0 | CD65: 30Galunggong | CE65: 250 | CF65: 0 | CG65: 240 | CI65: 240 | CJ65: 0 | CK65: 30Tilapia | CL65: 187 | CM65: 0 | CN65: 177 | CP65: 197 | CQ65: 0 | CS65: 30Ampalaya | CT65: 126 | CU65: 0 | CV65: 106 | CX65: 121 | CY65: 0 | CZ65: 30Cabbage | DA65: 99 | DB65: 0 | DC65: 94 | DE65: 99 | DF65: 0 | DG65: 30Carrot | DH65: 151.5 | DI65: 0 | DJ65: 151.5 | DL65: 149 | DM65: 0 | DN65: 30Eggplant | DO65: 114 | DP65: 0 | DQ65: 111.5 | DS65: 119 | DT65: 0 | DU65: 30Baguio Beans | DV65: 156 | DW65: 0 | DX65: 171 | DZ65: 176 | EA65: 0 | EB65: 30Pechay, Native | EC65: 148.52 | ED65: 0 | EE65: 148.52 | EG65: 148.52 | EH65: 0 | EI65: 30String Beans | EJ65: 0 | EK65: 0 | EL65: 0 | EN65: 0 | EO65: 0 | EP65: 30Tomato | EQ65: 119 | ER65: 0 | ES65: 99 | EU65: 104 | EV65: 0 | EW65: 30White Potato | EX65: 184 | EY65: 0 | EZ65: 179 | FB65: 184 | FC65: 0 | FE65: 30Onion, Red | FF65: 189 | FG65: 0 | FH65: 136 | FJ65: 146 | FK65: 0 | FL65: 30Garlic, Native | FM65: 155 | FN65: 0 | FO65: 155 | FQ65: 155 | FR65: 0 | FS65: 30Garlic, Imported | FT65: 0 | FU65: 0 | FV65: 0 | FX65: 0 | FY65: 0 | FZ65: 30Ginger, Hawaiian | GA65: 109 | GB65: 0 | GC65: 104 | GE65: 109 | GF65: 0 | GH65: 30Banana, Lakatan | GI65: 97.5 | GJ65: 0 | GK65: 97.5 | GM65: 102.5 | GN65: 0 | GO65: 30Banana, Latundan | GP65: 0 | GQ65: 0 | GR65: 0 | GT65: 0 | GU65: 0 | GV65: 30Calamansi | GW65: 84 | GX65: 0 | GY65: 76.5 | HA65: 95 | HB65: 0 | HC65: 30Mango, Carabao | HD65: 0 | HE65: 0 | HF65: 0 | HH65: 0 | HI65: 0 | HJ65: 30Papaya | HK65: 49.5 | HL65: 0 | HM65: 49.5 | HO65: 49.5 | HP65: 0 | HR65: 30Cooking oil | HS65: 158.38 | HT65: 0 | HU65: 170.27 | HW65: 170.27 | HX65: 0 | HY65: 30Brown Sugar | HZ65: 82.5 | IA65: 0 | IB65: 82.5 | ID65: 82.5 | IE65: 0 | IF65: 30Refined Sugar | IG65: 97.5 | IH65: 0 | II65: 97.5 | IK65: 97.5 | IL65: 0
A66: 45 | B66: Negros Occidental | C66: 45Rice, Special | D66: 65.84 | E66: 0 | F66: 73.21 | H66: 73.21 | I66: 0 | J66: 45Rice, Well Milled | K66: 58.5 | L66: 0 | M66: 64.5 | O66: 64.5 | P66: 0 | Q66: 45Rice, Regular Milled | R66: 51 | S66: 0 | T66: 51 | V66: 51 | W66: 0 | Y66: 45Fresh Beef, Meat with Bones | Z66: 384.5 | AA66: 0 | AB66: 394.5 | AD66: 394.5 | AE66: 0 | AF66: 45Fresh Beef, Pure Meat | AG66: 441.5 | AH66: 0 | AI66: 431.5 | AK66: 431.5 | AL66: 0 | AM66: 45Fresh Pork, Kasim | AN66: 346.5 | AO66: 0 | AP66: 346.5 | AR66: 346.5 | AS66: 0 | AT66: 45Fresh Pork, Liempo | AU66: 385 | AV66: 0 | AW66: 388 | AY66: 390 | AZ66: 0 | BA66: 45Fresh Pork, Meat with Bones | BB66: 385 | BC66: 0 | BD66: 385 | BF66: 387.5 | BG66: 0 | BH66: 45Dressed Chicken | BI66: 200.5 | BJ66: 0 | BK66: 196.5 | BM66: 196.5 | BN66: 0 | BO66: 45Chicken egg, med. (piece) | BP66: 9.61 | BQ66: 0 | BR66: 9.61 | BT66: 10.11 | BU66: 0 | BW66: 45Bangus | BX66: 242.5 | BY66: 0 | BZ66: 252.5 | CB66: 252.5 | CC66: 0 | CD66: 45Galunggong | CE66: 250 | CF66: 0 | CG66: 275 | CI66: 275 | CJ66: 0 | CK66: 45Tilapia | CL66: 195 | CM66: 0 | CN66: 207.5 | CP66: 207.5 | CQ66: 0 | CS66: 45Ampalaya | CT66: 143.5 | CU66: 0 | CV66: 142 | CX66: 155 | CY66: 0 | CZ66: 45Cabbage | DA66: 30 | DB66: 0 | DC66: 27.88 | DE66: 27.88 | DF66: 0 | DG66: 45Carrot | DH66: 170 | DI66: 0 | DJ66: 169 | DL66: 169 | DM66: 0 | DN66: 45Eggplant | DO66: 75 | DP66: 0 | DQ66: 54.5 | DS66: 63.5 | DT66: 0 | DU66: 45Baguio Beans | DV66: 0 | DW66: 0 | DX66: 0 | DZ66: 0 | EA66: 0 | EB66: 45Pechay, Native | EC66: 37.88 | ED66: 0 | EE66: 36.25 | EG66: 36.25 | EH66: 0 | EI66: 45String Beans | EJ66: 122.5 | EK66: 0 | EL66: 137.5 | EN66: 137.5 | EO66: 0 | EP66: 45Tomato | EQ66: 122 | ER66: 0 | ES66: 112.5 | EU66: 112.5 | EV66: 0 | EW66: 45White Potato | EX66: 165 | EY66: 0 | EZ66: 175 | FB66: 175 | FC66: 0 | FE66: 45Onion, Red | FF66: 210 | FG66: 0 | FH66: 222.5 | FJ66: 220 | FK66: 0 | FL66: 45Garlic, Native | FM66: 0 | FN66: 0 | FO66: 0 | FQ66: 0 | FR66: 0 | FS66: 45Garlic, Imported | FT66: 180 | FU66: 0 | FV66: 176.5 | FX66: 176.5 | FY66: 0 | FZ66: 45Ginger, Hawaiian | GA66: 152.5 | GB66: 0 | GC66: 127.5 | GE66: 127.5 | GF66: 0 | GH66: 45Banana, Lakatan | GI66: 0 | GJ66: 0 | GK66: 0 | GM66: 0 | GN66: 0 | GO66: 45Banana, Latundan | GP66: 64.5 | GQ66: 0 | GR66: 64.5 | GT66: 64.5 | GU66: 0 | GV66: 45Calamansi | GW66: 28.5 | GX66: 0 | GY66: 28.5 | HA66: 28.5 | HB66: 0 | HC66: 45Mango, Carabao | HD66: 195 | HE66: 0 | HF66: 195 | HH66: 195 | HI66: 0 | HJ66: 45Papaya | HK66: 60 | HL66: 0 | HM66: 60 | HO66: 60 | HP66: 0 | HR66: 45Cooking oil | HS66: 0 | HT66: 0 | HU66: 0 | HW66: 0 | HX66: 0 | HY66: 45Brown Sugar | HZ66: 75.5 | IA66: 0 | IB66: 74.25 | ID66: 74.25 | IE66: 0 | IF66: 45Refined Sugar | IG66: 0 | IH66: 0 | II66: 0 | IK66: 0 | IL66: 0
A67: 4501 | B67: City of Bacolod | C67: 4501Rice, Special | D67: 63.61 | E67: 0 | F67: 64.92 | H67: 65.24 | I67: 0 | J67: 4501Rice, Well Milled | K67: 55.86 | L67: 0 | M67: 58.84 | O67: 58.79 | P67: 0 | Q67: 4501Rice, Regular Milled | R67: 53.33 | S67: 0 | T67: 51.84 | V67: 53.64 | W67: 0 | Y67: 4501Fresh Beef, Meat with Bones | Z67: 380 | AA67: 0 | AB67: 390 | AD67: 396.67 | AE67: 0 | AF67: 4501Fresh Beef, Pure Meat | AG67: 390.5 | AH67: 0 | AI67: 402.17 | AK67: 398.83 | AL67: 0 | AM67: 4501Fresh Pork, Kasim | AN67: 349.17 | AO67: 0 | AP67: 384.17 | AR67: 389.17 | AS67: 0 | AT67: 4501Fresh Pork, Liempo | AU67: 373.33 | AV67: 0 | AW67: 399.33 | AY67: 405 | AZ67: 0 | BA67: 4501Fresh Pork, Meat with Bones | BB67: 370 | BC67: 0 | BD67: 403.33 | BF67: 400.83 | BG67: 0 | BH67: 4501Dressed Chicken | BI67: 197.17 | BJ67: 0 | BK67: 190 | BM67: 191.67 | BN67: 0 | BO67: 4501Chicken egg, med. (piece) | BP67: 9.58 | BQ67: 0 | BR67: 9.66 | BT67: 9.62 | BU67: 0 | BW67: 4501Bangus | BX67: 259.17 | BY67: 0 | BZ67: 252.5 | CB67: 252.5 | CC67: 0 | CD67: 4501Galunggong | CE67: 236.67 | CF67: 0 | CG67: 238.33 | CI67: 238.33 | CJ67: 0 | CK67: 4501Tilapia | CL67: 200 | CM67: 0 | CN67: 202.5 | CP67: 199.17 | CQ67: 0 | CS67: 4501Ampalaya | CT67: 122.83 | CU67: 0 | CV67: 119 | CX67: 125 | CY67: 0 | CZ67: 4501Cabbage | DA67: 93.32 | DB67: 0 | DC67: 86.32 | DE67: 91.32 | DF67: 0 | DG67: 4501Carrot | DH67: 126.67 | DI67: 0 | DJ67: 121.33 | DL67: 124.67 | DM67: 0 | DN67: 4501Eggplant | DO67: 121.66 | DP67: 0 | DQ67: 98 | DS67: 97.34 | DT67: 0 | DU67: 4501Baguio Beans | DV67: 109.17 | DW67: 0 | DX67: 118.33 | DZ67: 118.33 | EA67: 0 | EB67: 4501Pechay, Native | EC67: 113.84 | ED67: 0 | EE67: 115 | EG67: 115 | EH67: 0 | EI67: 4501String Beans | EJ67: 99.17 | EK67: 0 | EL67: 115.83 | EN67: 115.83 | EO67: 0 | EP67: 4501Tomato | EQ67: 99 | ER67: 0 | ES67: 84.17 | EU67: 84.17 | EV67: 0 | EW67: 4501White Potato | EX67: 151.67 | EY67: 0 | EZ67: 156.67 | FB67: 155 | FC67: 0 | FE67: 4501Onion, Red | FF67: 175 | FG67: 0 | FH67: 161.67 | FJ67: 160.83 | FK67: 0 | FL67: 4501Garlic, Native | FM67: 0 | FN67: 0 | FO67: 0 | FQ67: 0 | FR67: 0 | FS67: 4501Garlic, Imported | FT67: 148.33 | FU67: 0 | FV67: 152.17 | FX67: 152.17 | FY67: 0 | FZ67: 4501Ginger, Hawaiian | GA67: 103.33 | GB67: 0 | GC67: 104.17 | GE67: 104.17 | GF67: 0 | GH67: 4501Banana, Lakatan | GI67: 0 | GJ67: 0 | GK67: 0 | GM67: 0 | GN67: 0 | GO67: 4501Banana, Latundan | GP67: 64.83 | GQ67: 0 | GR67: 59.83 | GT67: 59.83 | GU67: 0 | GV67: 4501Calamansi | GW67: 98.84 | GX67: 0 | GY67: 97.52 | HA67: 97.52 | HB67: 0 | HC67: 4501Mango, Carabao | HD67: 173.33 | HE67: 0 | HF67: 175 | HH67: 175 | HI67: 0 | HJ67: 4501Papaya | HK67: 56.67 | HL67: 0 | HM67: 56.67 | HO67: 58.33 | HP67: 0 | HR67: 4501Cooking oil | HS67: 0 | HT67: 0 | HU67: 0 | HW67: 0 | HX67: 0 | HY67: 4501Brown Sugar | HZ67: 78 | IA67: 0 | IB67: 75.42 | ID67: 75 | IE67: 0 | IF67: 4501Refined Sugar | IG67: 0 | IH67: 0 | II67: 0 | IK67: 0 | IL67: 0
A68: 3022 | B68: City of Iloilo | C68: 3022Rice, Special | D68: 70.32 | E68: 0 | F68: 69.84 | H68: 70.42 | I68: 0 | J68: 3022Rice, Well Milled | K68: 58.91 | L68: 0 | M68: 59.73 | O68: 60.33 | P68: 0 | Q68: 3022Rice, Regular Milled | R68: 38.42 | S68: 0 | T68: 39.17 | V68: 39.08 | W68: 0 | Y68: 3022Fresh Beef, Meat with Bones | Z68: 382 | AA68: 0 | AB68: 389.67 | AD68: 389.67 | AE68: 0 | AF68: 3022Fresh Beef, Pure Meat | AG68: 0 | AH68: 0 | AI68: 0 | AK68: 0 | AL68: 0 | AM68: 3022Fresh Pork, Kasim | AN68: 343.67 | AO68: 0 | AP68: 350.33 | AR68: 350.33 | AS68: 0 | AT68: 3022Fresh Pork, Liempo | AU68: 378.83 | AV68: 0 | AW68: 385.5 | AY68: 387.17 | AZ68: 0 | BA68: 3022Fresh Pork, Meat with Bones | BB68: 329.83 | BC68: 0 | BD68: 339.83 | BF68: 341.5 | BG68: 0 | BH68: 3022Dressed Chicken | BI68: 176.83 | BJ68: 0 | BK68: 176 | BM68: 176.83 | BN68: 0 | BO68: 3022Chicken egg, med. (piece) | BP68: 9.13 | BQ68: 0 | BR68: 8.71 | BT68: 8.62 | BU68: 0 | BW68: 3022Bangus | BX68: 224.17 | BY68: 0 | BZ68: 220.83 | CB68: 220.83 | CC68: 0 | CD68: 3022Galunggong | CE68: 233.33 | CF68: 0 | CG68: 226.67 | CI68: 238.33 | CJ68: 0 | CK68: 3022Tilapia | CL68: 190.66 | CM68: 0 | CN68: 185.66 | CP68: 195.66 | CQ68: 0 | CS68: 3022Ampalaya | CT68: 121.17 | CU68: 0 | CV68: 108.67 | CX68: 117 | CY68: 0 | CZ68: 3022Cabbage | DA68: 100 | DB68: 0 | DC68: 94.68 | DE68: 99.68 | DF68: 0 | DG68: 3022Carrot | DH68: 153.83 | DI68: 0 | DJ68: 153.83 | DL68: 154.67 | DM68: 0 | DN68: 3022Eggplant | DO68: 116.67 | DP68: 0 | DQ68: 113.33 | DS68: 107.17 | DT68: 0 | DU68: 3022Baguio Beans | DV68: 156.17 | DW68: 0 | DX68: 167 | DZ68: 169.5 | EA68: 0 | EB68: 3022Pechay, Native | EC68: 122.84 | ED68: 0 | EE68: 108.84 | EG68: 108.28 | EH68: 0 | EI68: 3022String Beans | EJ68: 0 | EK68: 0 | EL68: 0 | EN68: 0 | EO68: 0 | EP68: 3022Tomato | EQ68: 130.5 | ER68: 0 | ES68: 107.17 | EU68: 88.83 | EV68: 0 | EW68: 3022White Potato | EX68: 175 | EY68: 0 | EZ68: 166.33 | FB68: 168.83 | FC68: 0 | FE68: 3022Onion, Red | FF68: 177.33 | FG68: 0 | FH68: 138.67 | FJ68: 133.67 | FK68: 0 | FL68: 3022Garlic, Native | FM68: 167.83 | FN68: 0 | FO68: 156.67 | FQ68: 165 | FR68: 0 | FS68: 3022Garlic, Imported | FT68: 0 | FU68: 0 | FV68: 0 | FX68: 0 | FY68: 0 | FZ68: 3022Ginger, Hawaiian | GA68: 125.5 | GB68: 0 | GC68: 123.83 | GE68: 128 | GF68: 0 | GH68: 3022Banana, Lakatan | GI68: 100 | GJ68: 0 | GK68: 99.17 | GM68: 101.67 | GN68: 0 | GO68: 3022Banana, Latundan | GP68: 0 | GQ68: 0 | GR68: 0 | GT68: 0 | GU68: 0 | GV68: 3022Calamansi | GW68: 84 | GX68: 0 | GY68: 84 | HA68: 91.67 | HB68: 0 | HC68: 3022Mango, Carabao | HD68: 0 | HE68: 0 | HF68: 0 | HH68: 0 | HI68: 0 | HJ68: 3022Papaya | HK68: 56.5 | HL68: 0 | HM68: 56.5 | HO68: 56.67 | HP68: 0 | HR68: 3022Cooking oil | HS68: 170.72 | HT68: 0 | HU68: 170.72 | HW68: 170.72 | HX68: 0 | HY68: 3022Brown Sugar | HZ68: 79.42 | IA68: 0 | IB68: 79.42 | ID68: 79.42 | IE68: 0 | IF68: 3022Refined Sugar | IG68: 91.5 | IH68: 0 | II68: 90 | IK68: 90 | IL68: 0
A69: R7 | B69: VII - Central Visayas | C69: R7Rice, Special | D69: 82.05 | E69: 0 | F69: 82.01 | H69: 82.27 | I69: 0 | J69: R7Rice, Well Milled | K69: 59.26 | L69: 0 | M69: 58.95 | O69: 59.27 | P69: 0 | Q69: R7Rice, Regular Milled | R69: 53.47 | S69: 0 | T69: 53.54 | U69: r | V69: 53.64 | W69: 0 | Y69: R7Fresh Beef, Meat with Bones | Z69: 265 | AA69: 0 | AB69: 265 | AD69: 265 | AE69: 0 | AF69: R7Fresh Beef, Pure Meat | AG69: 379.83 | AH69: 0 | AI69: 378.33 | AK69: 379.67 | AL69: 0 | AM69: R7Fresh Pork, Kasim | AN69: 334.5 | AO69: 0 | AP69: 339.5 | AR69: 339.5 | AS69: 0 | AT69: R7Fresh Pork, Liempo | AU69: 336.5 | AV69: 0 | AW69: 341.5 | AY69: 341.5 | AZ69: 0 | BA69: R7Fresh Pork, Meat with Bones | BB69: 255.63 | BC69: 0 | BD69: 251.25 | BF69: 251.25 | BG69: 0 | BH69: R7Dressed Chicken | BI69: 181.94 | BJ69: 0 | BK69: 185.28 | BM69: 181.11 | BN69: 0 | BO69: R7Chicken egg, med. (piece) | BP69: 9.02 | BQ69: 0 | BR69: 9.02 | BT69: 8.89 | BU69: 0 | BW69: R7Bangus | BX69: 204.33 | BY69: 0 | BZ69: 205.33 | CB69: 207.67 | CC69: 0 | CD69: R7Galunggong | CE69: 200 | CF69: 0 | CG69: 201.67 | CI69: 201.67 | CJ69: 0 | CK69: R7Tilapia | CL69: 187.29 | CM69: 0 | CN69: 182.92 | CP69: 184.38 | CQ69: 0 | CS69: R7Ampalaya | CT69: 92 | CU69: 0 | CV69: 92 | CX69: 91.67 | CY69: 0 | CZ69: R7Cabbage | DA69: 61 | DB69: 0 | DC69: 55.5 | DE69: 58.17 | DF69: 0 | DG69: R7Carrot | DH69: 103.83 | DI69: 0 | DJ69: 97.33 | DL69: 99 | DM69: 0 | DN69: R7Eggplant | DO69: 86 | DP69: 0 | DQ69: 85 | DS69: 84.83 | DT69: 0 | DU69: R7Baguio Beans | DV69: 86.25 | DW69: 0 | DX69: 91.25 | DZ69: 93.75 | EA69: 0 | EB69: R7Pechay, Native | EC69: 76.88 | ED69: 0 | EE69: 77.5 | EG69: 78.33 | EH69: 0 | EI69: R7String Beans | EJ69: 79.83 | EK69: 0 | EL69: 84.33 | EN69: 81.67 | EO69: 0 | EP69: R7Tomato | EQ69: 91.17 | ER69: 0 | ES69: 90.17 | EU69: 84.17 | EV69: 0 | EW69: R7White Potato | EX69: 135.33 | EY69: 0 | EZ69: 140.83 | FB69: 143.17 | FC69: 0 | FE69: R7Onion, Red | FF69: 133.33 | FG69: 0 | FH69: 122.08 | FJ69: 125 | FK69: 0 | FL69: R7Garlic, Native | FM69: 138.96 | FN69: 0 | FO69: 143.33 | FQ69: 144.17 | FR69: 0 | FS69: R7Garlic, Imported | FT69: 171.25 | FU69: 0 | FV69: 177.5 | FX69: 175 | FY69: 0 | FZ69: R7Ginger, Hawaiian | GA69: 117.83 | GB69: 0 | GC69: 111.33 | GE69: 113.33 | GF69: 0 | GH69: R7Banana, Lakatan | GI69: 88.33 | GJ69: 0 | GK69: 88.33 | GM69: 86.11 | GN69: 0 | GO69: R7Banana, Latundan | GP69: 52.22 | GQ69: 0 | GR69: 52.22 | GT69: 52.22 | GU69: 0 | GV69: R7Calamansi | GW69: 81.88 | GX69: 0 | GY69: 80.63 | HA69: 81.88 | HB69: 0 | HC69: R7Mango, Carabao | HD69: 151.67 | HE69: 0 | HF69: 150.42 | HH69: 149.17 | HI69: 0 | HJ69: R7Papaya | HK69: 38.17 | HL69: 0 | HM69: 36.67 | HO69: 36.67 | HP69: 0 | HR69: R7Cooking oil | HS69: 185.72 | HT69: 0 | HU69: 193.47 | HV69: r | HW69: 193.47 | HX69: 0 | HY69: R7Brown Sugar | HZ69: 78.12 | IA69: 0 | IB69: 76.93 | IC69: r | ID69: 74.76 | IE69: 0 | IF69: R7Refined Sugar | IG69: 89.24 | IH69: 0 | II69: 88.62 | IK69: 87.74 | IL69: 0
A70: 12 | B70: Bohol | C70: 12Rice, Special | D70: 59.4 | E70: 0 | F70: 60.2 | H70: 60.5 | I70: 0 | J70: 12Rice, Well Milled | K70: 55.6 | L70: 0 | M70: 55.3 | O70: 55.3 | P70: 0 | Q70: 12Rice, Regular Milled | R70: 52.4 | S70: 0 | T70: 52.9 | V70: 53 | W70: 0 | Y70: 12Fresh Beef, Meat with Bones | Z70: 0 | AA70: 0 | AB70: 0 | AD70: 0 | AE70: 0 | AF70: 12Fresh Beef, Pure Meat | AG70: 462.5 | AH70: 0 | AI70: 455 | AK70: 455 | AL70: 0 | AM70: 12Fresh Pork, Kasim | AN70: 315 | AO70: 0 | AP70: 315 | AR70: 315 | AS70: 0 | AT70: 12Fresh Pork, Liempo | AU70: 315 | AV70: 0 | AW70: 315 | AY70: 315 | AZ70: 0 | BA70: 12Fresh Pork, Meat with Bones | BB70: 195 | BC70: 0 | BD70: 185 | BF70: 185 | BG70: 0 | BH70: 12Dressed Chicken | BI70: 0 | BJ70: 0 | BK70: 0 | BM70: 0 | BN70: 0 | BO70: 12Chicken egg, med. (piece) | BP70: 9 | BQ70: 0 | BR70: 9 | BT70: 9 | BU70: 0 | BW70: 12Bangus | BX70: 200 | BY70: 0 | BZ70: 180 | CB70: 195 | CC70: 0 | CD70: 12Galunggong | CE70: 250 | CF70: 0 | CG70: 255 | CI70: 235 | CJ70: 0 | CK70: 12Tilapia | CL70: 182.5 | CM70: 0 | CN70: 175 | CP70: 177.5 | CQ70: 0 | CS70: 12Ampalaya | CT70: 110 | CU70: 0 | CV70: 110 | CX70: 110 | CY70: 0 | CZ70: 12Cabbage | DA70: 87.5 | DB70: 0 | DC70: 70 | DE70: 75 | DF70: 0 | DG70: 12Carrot | DH70: 102.5 | DI70: 0 | DJ70: 110 | DL70: 110 | DM70: 0 | DN70: 12Eggplant | DO70: 105 | DP70: 0 | DQ70: 100 | DS70: 102.5 | DT70: 0 | DU70: 12Baguio Beans | DV70: 92.5 | DW70: 0 | DX70: 105 | DZ70: 107.5 | EA70: 0 | EB70: 12Pechay, Native | EC70: 102.5 | ED70: 0 | EE70: 105 | EG70: 95 | EH70: 0 | EI70: 12String Beans | EJ70: 82.5 | EK70: 0 | EL70: 105 | EN70: 105 | EO70: 0 | EP70: 12Tomato | EQ70: 102.5 | ER70: 0 | ES70: 107.5 | EU70: 102.5 | EV70: 0 | EW70: 12White Potato | EX70: 155 | EY70: 0 | EZ70: 167.5 | FB70: 167.5 | FC70: 0 | FE70: 12Onion, Red | FF70: 0 | FG70: 0 | FH70: 0 | FJ70: 0 | FK70: 0 | FL70: 12Garlic, Native | FM70: 177.5 | FN70: 0 | FO70: 190 | FQ70: 190 | FR70: 0 | FS70: 12Garlic, Imported | FT70: 177.5 | FU70: 0 | FV70: 190 | FX70: 185 | FY70: 0 | FZ70: 12Ginger, Hawaiian | GA70: 137.5 | GB70: 0 | GC70: 105 | GE70: 105 | GF70: 0 | GH70: 12Banana, Lakatan | GI70: 92.5 | GJ70: 0 | GK70: 92.5 | GM70: 85 | GN70: 0 | GO70: 12Banana, Latundan | GP70: 0 | GQ70: 0 | GR70: 0 | GT70: 0 | GU70: 0 | GV70: 12Calamansi | GW70: 82.5 | GX70: 0 | GY70: 82.5 | HA70: 82.5 | HB70: 0 | HC70: 12Mango, Carabao | HD70: 175 | HE70: 0 | HF70: 165 | HH70: 165 | HI70: 0 | HJ70: 12Papaya | HK70: 50 | HL70: 0 | HM70: 55 | HO70: 55 | HP70: 0 | HR70: 12Cooking oil | HS70: 128 | HT70: 0 | HU70: 128 | HW70: 128 | HX70: 0 | HY70: 12Brown Sugar | HZ70: 65.5 | IA70: 0 | IB70: 62.95 | ID70: 61.95 | IE70: 0 | IF70: 12Refined Sugar | IG70: 76.45 | IH70: 0 | II70: 73.95 | IK70: 71.95 | IL70: 0
A71: 22 | B71: Cebu | C71: 22Rice, Special | D71: 119.25 | E71: 0 | F71: 119.25 | H71: 119.25 | I71: 0 | J71: 22Rice, Well Milled | K71: 60.08 | L71: 0 | M71: 60.08 | O71: 60.08 | P71: 0 | Q71: 22Rice, Regular Milled | R71: 53.75 | S71: 0 | T71: 53.75 | V71: 53.75 | W71: 0 | Y71: 22Fresh Beef, Meat with Bones | Z71: 0 | AA71: 0 | AB71: 0 | AD71: 0 | AE71: 0 | AF71: 22Fresh Beef, Pure Meat | AG71: 360 | AH71: 0 | AI71: 360 | AK71: 370 | AL71: 0 | AM71: 22Fresh Pork, Kasim | AN71: 325 | AO71: 0 | AP71: 325 | AR71: 325 | AS71: 0 | AT71: 22Fresh Pork, Liempo | AU71: 345 | AV71: 0 | AW71: 345 | AY71: 345 | AZ71: 0 | BA71: 22Fresh Pork, Meat with Bones | BB71: 270 | BC71: 0 | BD71: 270 | BF71: 270 | BG71: 0 | BH71: 22Dressed Chicken | BI71: 167.5 | BJ71: 0 | BK71: 167.5 | BM71: 167.5 | BN71: 0 | BO71: 22Chicken egg, med. (piece) | BP71: 8.5 | BQ71: 0 | BR71: 8.5 | BT71: 8.25 | BU71: 0 | BW71: 22Bangus | BX71: 190 | BY71: 0 | BZ71: 190 | CB71: 200 | CC71: 0 | CD71: 22Galunggong | CE71: 0 | CF71: 0 | CG71: 0 | CI71: 0 | CJ71: 0 | CK71: 22Tilapia | CL71: 200 | CM71: 0 | CN71: 200 | CP71: 200 | CQ71: 0 | CS71: 22Ampalaya | CT71: 80 | CU71: 0 | CV71: 80 | CX71: 80 | CY71: 0 | CZ71: 22Cabbage | DA71: 37.5 | DB71: 0 | DC71: 37.5 | DE71: 40 | DF71: 0 | DG71: 22Carrot | DH71: 75 | DI71: 0 | DJ71: 75 | DL71: 80 | DM71: 0 | DN71: 22Eggplant | DO71: 80 | DP71: 0 | DQ71: 80 | DS71: 80 | DT71: 0 | DU71: 22Baguio Beans | DV71: 0 | DW71: 0 | DX71: 0 | DZ71: 0 | EA71: 0 | EB71: 22Pechay, Native | EC71: 65 | ED71: 0 | EE71: 65 | EG71: 70 | EH71: 0 | EI71: 22String Beans | EJ71: 75 | EK71: 0 | EL71: 75 | EN71: 65 | EO71: 0 | EP71: 22Tomato | EQ71: 65 | ER71: 0 | ES71: 65 | EU71: 55 | EV71: 0 | EW71: 22White Potato | EX71: 120 | EY71: 0 | EZ71: 120 | FB71: 130 | FC71: 0 | FE71: 22Onion, Red | FF71: 120 | FG71: 0 | FH71: 120 | FJ71: 120 | FK71: 0 | FL71: 22Garlic, Native | FM71: 125 | FN71: 0 | FO71: 125 | FQ71: 125 | FR71: 0 | FS71: 22Garlic, Imported | FT71: 0 | FU71: 0 | FV71: 0 | FX71: 0 | FY71: 0 | FZ71: 22Ginger, Hawaiian | GA71: 115 | GB71: 0 | GC71: 115 | GE71: 115 | GF71: 0 | GH71: 22Banana, Lakatan | GI71: 85 | GJ71: 0 | GK71: 85 | GM71: 85 | GN71: 0 | GO71: 22Banana, Latundan | GP71: 45 | GQ71: 0 | GR71: 45 | GT71: 45 | GU71: 0 | GV71: 22Calamansi | GW71: 70 | GX71: 0 | GY71: 70 | HA71: 75 | HB71: 0 | HC71: 22Mango, Carabao | HD71: 120 | HE71: 0 | HF71: 120 | HH71: 120 | HI71: 0 | HJ71: 22Papaya | HK71: 27.5 | HL71: 0 | HM71: 27.5 | HO71: 27.5 | HP71: 0 | HR71: 22Cooking oil | HS71: 218.38 | HT71: 0 | HU71: 218.38 | HV71: r | HW71: 218.38 | HX71: 0 | HY71: 22Brown Sugar | HZ71: 91.38 | IA71: 0 | IB71: 84 | IC71: r | ID71: 80.63 | IE71: 0 | IF71: 22Refined Sugar | IG71: 96.88 | IH71: 0 | II71: 96.88 | IK71: 96.88 | IL71: 0
A72: 46 | B72: Negros Oriental | C72: 46Rice, Special | D72: 62.25 | E72: 0 | F72: 62.25 | H72: 62.25 | I72: 0 | J72: 46Rice, Well Milled | K72: 59.7 | L72: 0 | M72: 58.98 | O72: 60.7 | P72: 0 | Q72: 46Rice, Regular Milled | R72: 54.09 | S72: 0 | T72: 52.54 | V72: 53.84 | W72: 0 | Y72: 46Fresh Beef, Meat with Bones | Z72: 0 | AA72: 0 | AB72: 0 | AD72: 0 | AE72: 0 | AF72: 46Fresh Beef, Pure Meat | AG72: 380 | AH72: 0 | AI72: 380 | AK72: 380 | AL72: 0 | AM72: 46Fresh Pork, Kasim | AN72: 370 | AO72: 0 | AP72: 395 | AR72: 395 | AS72: 0 | AT72: 46Fresh Pork, Liempo | AU72: 370 | AV72: 0 | AW72: 395 | AY72: 395 | AZ72: 0 | BA72: 46Fresh Pork, Meat with Bones | BB72: 0 | BC72: 0 | BD72: 0 | BF72: 0 | BG72: 0 | BH72: 46Dressed Chicken | BI72: 210 | BJ72: 0 | BK72: 220 | BM72: 210 | BN72: 0 | BO72: 46Chicken egg, med. (piece) | BP72: 9 | BQ72: 0 | BR72: 9 | BT72: 9 | BU72: 0 | BW72: 46Bangus | BX72: 195 | BY72: 0 | BZ72: 220 | CB72: 210 | CC72: 0 | CD72: 46Galunggong | CE72: 190 | CF72: 0 | CG72: 190 | CI72: 190 | CJ72: 0 | CK72: 46Tilapia | CL72: 170 | CM72: 0 | CN72: 160 | CP72: 160 | CQ72: 0 | CS72: 46Ampalaya | CT72: 75 | CU72: 0 | CV72: 75 | CX72: 75 | CY72: 0 | CZ72: 46Cabbage | DA72: 50 | DB72: 0 | DC72: 50 | DE72: 55 | DF72: 0 | DG72: 46Carrot | DH72: 110 | DI72: 0 | DJ72: 80 | DL72: 100 | DM72: 0 | DN72: 46Eggplant | DO72: 80 | DP72: 0 | DQ72: 80 | DS72: 80 | DT72: 0 | DU72: 46Baguio Beans | DV72: 80 | DW72: 0 | DX72: 77.5 | DZ72: 80 | EA72: 0 | EB72: 46Pechay, Native | EC72: 0 | ED72: 0 | EE72: 0 | EG72: 0 | EH72: 0 | EI72: 46String Beans | EJ72: 83.33 | EK72: 0 | EL72: 83.33 | EN72: 83.33 | EO72: 0 | EP72: 46Tomato | EQ72: 85 | ER72: 0 | ES72: 85 | EU72: 100 | EV72: 0 | EW72: 46White Potato | EX72: 115 | EY72: 0 | EZ72: 130 | FB72: 130 | FC72: 0 | FE72: 46Onion, Red | FF72: 115 | FG72: 0 | FH72: 100 | FJ72: 115 | FK72: 0 | FL72: 46Garlic, Native | FM72: 130 | FN72: 0 | FO72: 135 | FQ72: 135 | FR72: 0 | FS72: 46Garlic, Imported | FT72: 0 | FU72: 0 | FV72: 0 | FX72: 0 | FY72: 0 | FZ72: 46Ginger, Hawaiian | GA72: 100 | GB72: 0 | GC72: 100 | GE72: 100 | GF72: 0 | GH72: 46Banana, Lakatan | GI72: 0 | GJ72: 0 | GK72: 0 | GM72: 0 | GN72: 0 | GO72: 46Banana, Latundan | GP72: 0 | GQ72: 0 | GR72: 0 | GT72: 0 | GU72: 0 | GV72: 46Calamansi | GW72: 0 | GX72: 0 | GY72: 0 | HA72: 0 | HB72: 0 | HC72: 46Mango, Carabao | HD72: 0 | HE72: 0 | HF72: 0 | HH72: 0 | HI72: 0 | HJ72: 46Papaya | HK72: 55 | HL72: 0 | HM72: 42.5 | HO72: 42.5 | HP72: 0 | HR72: 46Cooking oil | HS72: 0 | HT72: 0 | HU72: 0 | HW72: 0 | HX72: 0 | HY72: 46Brown Sugar | HZ72: 76 | IA72: 0 | IB72: 80 | ID72: 80 | IE72: 0 | IF72: 46Refined Sugar | IG72: 97.13 | IH72: 0 | II72: 97.13 | IK72: 97.13 | IL72: 0
A73: 61 | B73: Siquijor | C73: 61Rice, Special | D73: 59 | E73: 0 | F73: 58 | H73: 59 | I73: 0 | J73: 61Rice, Well Milled | K73: 61.7 | L73: 0 | M73: 61.15 | O73: 61.05 | P73: 0 | Q73: 61Rice, Regular Milled | R73: 54.18 | S73: 0 | T73: 55.54 | V73: 54.65 | W73: 0 | Y73: 61Fresh Beef, Meat with Bones | Z73: 265 | AA73: 0 | AB73: 265 | AD73: 265 | AE73: 0 | AF73: 61Fresh Beef, Pure Meat | AG73: 340 | AH73: 0 | AI73: 340 | AK73: 340 | AL73: 0 | AM73: 61Fresh Pork, Kasim | AN73: 322.5 | AO73: 0 | AP73: 322.5 | AR73: 322.5 | AS73: 0 | AT73: 61Fresh Pork, Liempo | AU73: 307.5 | AV73: 0 | AW73: 307.5 | AY73: 307.5 | AZ73: 0 | BA73: 61Fresh Pork, Meat with Bones | BB73: 297.5 | BC73: 0 | BD73: 290 | BF73: 290 | BG73: 0 | BH73: 61Dressed Chicken | BI73: 0 | BJ73: 0 | BK73: 0 | BM73: 0 | BN73: 0 | BO73: 61Chicken egg, med. (piece) | BP73: 9.75 | BQ73: 0 | BR73: 9.75 | BT73: 9.5 | BU73: 0 | BW73: 61Bangus | BX73: 240 | BY73: 0 | BZ73: 240 | CB73: 240 | CC73: 0 | CD73: 61Galunggong | CE73: 160 | CF73: 0 | CG73: 160 | CI73: 180 | CJ73: 0 | CK73: 61Tilapia | CL73: 0 | CM73: 0 | CN73: 0 | CP73: 0 | CQ73: 0 | CS73: 61Ampalaya | CT73: 100 | CU73: 0 | CV73: 100 | CX73: 100 | CY73: 0 | CZ73: 61Cabbage | DA73: 100 | DB73: 0 | DC73: 90 | DE73: 90 | DF73: 0 | DG73: 61Carrot | DH73: 155 | DI73: 0 | DJ73: 145 | DL73: 125 | DM73: 0 | DN73: 61Eggplant | DO73: 90 | DP73: 0 | DQ73: 90 | DS73: 85 | DT73: 0 | DU73: 61Baguio Beans | DV73: 0 | DW73: 0 | DX73: 0 | DZ73: 0 | EA73: 0 | EB73: 61Pechay, Native | EC73: 80 | ED73: 0 | EE73: 80 | EG73: 80 | EH73: 0 | EI73: 61String Beans | EJ73: 80 | EK73: 0 | EL73: 80 | EN73: 80 | EO73: 0 | EP73: 61Tomato | EQ73: 130 | ER73: 0 | ES73: 120 | EU73: 110 | EV73: 0 | EW73: 61White Potato | EX73: 165 | EY73: 0 | EZ73: 165 | FB73: 160 | FC73: 0 | FE73: 61Onion, Red | FF73: 185 | FG73: 0 | FH73: 155 | FJ73: 155 | FK73: 0 | FL73: 61Garlic, Native | FM73: 0 | FN73: 0 | FO73: 0 | FQ73: 0 | FR73: 0 | FS73: 61Garlic, Imported | FT73: 165 | FU73: 0 | FV73: 165 | FX73: 165 | FY73: 0 | FZ73: 61Ginger, Hawaiian | GA73: 130 | GB73: 0 | GC73: 130 | GE73: 140 | GF73: 0 | GH73: 61Banana, Lakatan | GI73: 0 | GJ73: 0 | GK73: 0 | GM73: 0 | GN73: 0 | GO73: 61Banana, Latundan | GP73: 55 | GQ73: 0 | GR73: 55 | GT73: 55 | GU73: 0 | GV73: 61Calamansi | GW73: 100 | GX73: 0 | GY73: 95 | HA73: 95 | HB73: 0 | HC73: 61Mango, Carabao | HD73: 185 | HE73: 0 | HF73: 190 | HH73: 185 | HI73: 0 | HJ73: 61Papaya | HK73: 32.5 | HL73: 0 | HM73: 32.5 | HO73: 32.5 | HP73: 0 | HR73: 61Cooking oil | HS73: 0 | HT73: 0 | HU73: 0 | HW73: 0 | HX73: 0 | HY73: 61Brown Sugar | HZ73: 65 | IA73: 0 | IB73: 65 | ID73: 63.5 | IE73: 0 | IF73: 61Refined Sugar | IG73: 86.5 | IH73: 0 | II73: 86.5 | IK73: 85 | IL73: 0
A74: 2217 | B74: City of Cebu | C74: 2217Rice, Special | D74: 110.36 | E74: 0 | F74: 110.36 | H74: 110.36 | I74: 0 | J74: 2217Rice, Well Milled | K74: 59.23 | L74: 0 | M74: 59.23 | O74: 59.23 | P74: 0 | Q74: 2217Rice, Regular Milled | R74: 52.92 | S74: 0 | T74: 52.98 | U74: r | V74: 52.95 | W74: 0 | Y74: 2217Fresh Beef, Meat with Bones | Z74: 0 | AA74: 0 | AB74: 0 | AD74: 0 | AE74: 0 | AF74: 2217Fresh Beef, Pure Meat | AG74: 356.67 | AH74: 0 | AI74: 356.67 | AK74: 353.33 | AL74: 0 | AM74: 2217Fresh Pork, Kasim | AN74: 340 | AO74: 0 | AP74: 340 | AR74: 340 | AS74: 0 | AT74: 2217Fresh Pork, Liempo | AU74: 345 | AV74: 0 | AW74: 345 | AY74: 345 | AZ74: 0 | BA74: 2217Fresh Pork, Meat with Bones | BB74: 260 | BC74: 0 | BD74: 260 | BF74: 260 | BG74: 0 | BH74: 2217Dressed Chicken | BI74: 168.33 | BJ74: 0 | BK74: 168.33 | BM74: 165.83 | BN74: 0 | BO74: 2217Chicken egg, med. (piece) | BP74: 8.85 | BQ74: 0 | BR74: 8.85 | BT74: 8.71 | BU74: 0 | BW74: 2217Bangus | BX74: 196.67 | BY74: 0 | BZ74: 196.67 | CB74: 193.33 | CC74: 0 | CD74: 2217Galunggong | CE74: 0 | CF74: 0 | CG74: 0 | CI74: 0 | CJ74: 0 | CK74: 2217Tilapia | CL74: 196.66 | CM74: 0 | CN74: 196.66 | CP74: 200 | CQ74: 0 | CS74: 2217Ampalaya | CT74: 95 | CU74: 0 | CV74: 95 | CX74: 93.33 | CY74: 0 | CZ74: 2217Cabbage | DA74: 30 | DB74: 0 | DC74: 30 | DE74: 30.83 | DF74: 0 | DG74: 2217Carrot | DH74: 76.67 | DI74: 0 | DJ74: 76.67 | DL74: 80 | DM74: 0 | DN74: 2217Eggplant | DO74: 75 | DP74: 0 | DQ74: 75 | DS74: 76.67 | DT74: 0 | DU74: 2217Baguio Beans | DV74: 0 | DW74: 0 | DX74: 0 | DZ74: 0 | EA74: 0 | EB74: 2217Pechay, Native | EC74: 60 | ED74: 0 | EE74: 60 | EG74: 68.33 | EH74: 0 | EI74: 2217String Beans | EJ74: 78.33 | EK74: 0 | EL74: 78.33 | EN74: 75 | EO74: 0 | EP74: 2217Tomato | EQ74: 73.33 | ER74: 0 | ES74: 73.33 | EU74: 53.33 | EV74: 0 | EW74: 2217White Potato | EX74: 121.67 | EY74: 0 | EZ74: 121.67 | FB74: 128.33 | FC74: 0 | FE74: 2217Onion, Red | FF74: 113.32 | FG74: 0 | FH74: 113.32 | FJ74: 110 | FK74: 0 | FL74: 2217Garlic, Native | FM74: 123.33 | FN74: 0 | FO74: 123.33 | FQ74: 126.67 | FR74: 0 | FS74: 2217Garlic, Imported | FT74: 0 | FU74: 0 | FV74: 0 | FX74: 0 | FY74: 0 | FZ74: 2217Ginger, Hawaiian | GA74: 106.67 | GB74: 0 | GC74: 106.67 | GE74: 106.67 | GF74: 0 | GH74: 2217Banana, Lakatan | GI74: 87.5 | GJ74: 0 | GK74: 87.5 | GM74: 88.33 | GN74: 0 | GO74: 2217Banana, Latundan | GP74: 56.67 | GQ74: 0 | GR74: 56.67 | GT74: 56.67 | GU74: 0 | GV74: 2217Calamansi | GW74: 75 | GX74: 0 | GY74: 75 | HA74: 75 | HB74: 0 | HC74: 2217Mango, Carabao | HD74: 126.67 | HE74: 0 | HF74: 126.67 | HH74: 126.67 | HI74: 0 | HJ74: 2217Papaya | HK74: 25.83 | HL74: 0 | HM74: 25.83 | HO74: 25.83 | HP74: 0 | HR74: 2217Cooking oil | HS74: 210.77 | HT74: 0 | HU74: 234.04 | HV74: r | HW74: 234.04 | HX74: 0 | HY74: 2217Brown Sugar | HZ74: 92.7 | IA74: 0 | IB74: 92.7 | ID74: 87.7 | IE74: 0 | IF74: 2217Refined Sugar | IG74: 0 | IH74: 0 | II74: 0 | IK74: 0 | IL74: 0
A75: R8 | B75: VIII - Eastern Visayas | C75: R8Rice, Special | D75: 62.72 | E75: 0 | F75: 63.89 | H75: 64.36 | I75: 0 | J75: R8Rice, Well Milled | K75: 58.58 | L75: 0 | M75: 58.75 | O75: 58.66 | P75: 0 | Q75: R8Rice, Regular Milled | R75: 52.71 | S75: 0 | T75: 52.81 | V75: 52.48 | W75: 0 | Y75: R8Fresh Beef, Meat with Bones | Z75: 367.79 | AA75: 0 | AB75: 362.74 | AD75: 364.17 | AE75: 0 | AF75: R8Fresh Beef, Pure Meat | AG75: 446.67 | AH75: 0 | AI75: 446.67 | AK75: 445 | AL75: 0 | AM75: R8Fresh Pork, Kasim | AN75: 339.86 | AO75: 0 | AP75: 341.29 | AR75: 342.71 | AS75: 0 | AT75: R8Fresh Pork, Liempo | AU75: 348 | AV75: 0 | AW75: 351.39 | AY75: 351.39 | AZ75: 0 | BA75: R8Fresh Pork, Meat with Bones | BB75: 288 | BC75: 0 | BD75: 288.28 | BF75: 288.28 | BG75: 0 | BH75: R8Dressed Chicken | BI75: 182.22 | BJ75: 0 | BK75: 182.47 | BM75: 183.3 | BN75: 0 | BO75: R8Chicken egg, med. (piece) | BP75: 9.75 | BQ75: 0 | BR75: 9.76 | BT75: 9.78 | BU75: 0 | BW75: R8Bangus | BX75: 233.33 | BY75: 0 | BZ75: 231.67 | CB75: 224.52 | CC75: 0 | CD75: R8Galunggong | CE75: 222.38 | CF75: 0 | CG75: 225.24 | CI75: 220.24 | CJ75: 0 | CK75: R8Tilapia | CL75: 190.71 | CM75: 0 | CN75: 192.14 | CP75: 187.14 | CQ75: 0 | CS75: R8Ampalaya | CT75: 122.2 | CU75: 0 | CV75: 111.2 | CX75: 110.2 | CY75: 0 | CZ75: R8Cabbage | DA75: 98.93 | DB75: 0 | DC75: 93.62 | DE75: 93.62 | DF75: 0 | DG75: R8Carrot | DH75: 141.6 | DI75: 0 | DJ75: 142.43 | DL75: 136.71 | DM75: 0 | DN75: R8Eggplant | DO75: 103.88 | DP75: 0 | DQ75: 103.17 | DS75: 101.6 | DT75: 0 | DU75: R8Baguio Beans | DV75: 137.5 | DW75: 0 | DX75: 125 | DZ75: 115 | EA75: 0 | EB75: R8Pechay, Native | EC75: 91.33 | ED75: 0 | EE75: 91.5 | EG75: 88.17 | EH75: 0 | EI75: R8String Beans | EJ75: 101.42 | EK75: 0 | EL75: 100.58 | EN75: 102.25 | EO75: 0 | EP75: R8Tomato | EQ75: 114.1 | ER75: 0 | ES75: 103.71 | EU75: 95.07 | EV75: 0 | EW75: R8White Potato | EX75: 186.57 | EY75: 0 | EZ75: 180.19 | FB75: 177.33 | FC75: 0 | FE75: R8Onion, Red | FF75: 203.06 | FG75: 0 | FH75: 183.52 | FJ75: 182.72 | FK75: 0 | FL75: R8Garlic, Native | FM75: 179.6 | FN75: 0 | FO75: 169.6 | FQ75: 169.6 | FR75: 0 | FS75: R8Garlic, Imported | FT75: 171.67 | FU75: 0 | FV75: 159.83 | FX75: 159.83 | FY75: 0 | FZ75: R8Ginger, Hawaiian | GA75: 112.98 | GB75: 0 | GC75: 115.6 | GE75: 117.88 | GF75: 0 | GH75: R8Banana, Lakatan | GI75: 101.25 | GJ75: 0 | GK75: 107.25 | GM75: 106.42 | GN75: 0 | GO75: R8Banana, Latundan | GP75: 30 | GQ75: 0 | GR75: 32.5 | GT75: 32.5 | GU75: 0 | GV75: R8Calamansi | GW75: 89.44 | GX75: 0 | GY75: 87.78 | HA75: 88.61 | HB75: 0 | HC75: R8Mango, Carabao | HD75: 152 | HE75: 0 | HF75: 154.2 | HH75: 158.2 | HI75: 0 | HJ75: R8Papaya | HK75: 61.03 | HL75: 0 | HM75: 63.83 | HO75: 64.83 | HP75: 0 | HR75: R8Cooking oil | HS75: 211.01 | HT75: 0 | HU75: 219.22 | HV75: r | HW75: 219.22 | HX75: 0 | HY75: R8Brown Sugar | HZ75: 81.3 | IA75: 0 | IB75: 79.84 | ID75: 79.48 | IE75: 0 | IF75: R8Refined Sugar | IG75: 94.66 | IH75: 0 | II75: 93.72 | IK75: 93.72 | IL75: 0
